branch_id,context_id,root_id,task,friction_band,friction,stratum_index,repeat,requested_force_N,realized_force_N,force_tracking_abs_error_N,valid,full_task_success_y,failure_reason,state_parity,strict_preprobe_hash,branch_snapshot_hash,nominal_motion_hash,telemetry_path,corrected_physical_telemetry_valid,infrastructure_failure,scientific_failure_retried
p5s0c_train_t0_r00_s5100_high_mu0.940189_GNP_S1_F3p20296474_R1_F3.20296,p5s0c_train_t0_r00_s5100_high_mu0.940189,p5s0c_train_t0_root00_s5100,0,HIGH,0.9401893373882813,1,1,3.2029647423914454,2.8617900854501968,0.3411746569412486,1,1,,1,e5c48707969d4c4666999c71184ac9ba40e5ab7bb343bfa906afe3adaa7ef596,e5c48707969d4c4666999c71184ac9ba40e5ab7bb343bfa906afe3adaa7ef596,dae04747f40237c9ded1299918a8a6a2752f96cbdacf7cb89e724d76efd7302e,/home/exouser/FORTE/gnp_style_continuous_20260830_125107/collection_long2/P5S0C_BRANCH_TELEMETRY/p5s0c_train_t0_r00_s5100_high_mu0.940189_GNP_S1_F3p20296474_R1_F3.20296_trajectory.csv,1,,0
p5s0c_train_t0_r00_s5100_high_mu0.940189_GNP_S1_F3p20296474_R2_F3.20296,p5s0c_train_t0_r00_s5100_high_mu0.940189,p5s0c_train_t0_root00_s5100,0,HIGH,0.9401893373882813,1,2,3.2029647423914454,5.27095776271654e-26,3.2029647423914454,1,0,full_task_failure,1,e5c48707969d4c4666999c71184ac9ba40e5ab7bb343bfa906afe3adaa7ef596,e5c48707969d4c4666999c71184ac9ba40e5ab7bb343bfa906afe3adaa7ef596,dae04747f40237c9ded1299918a8a6a2752f96cbdacf7cb89e724d76efd7302e,/home/exouser/FORTE/gnp_style_continuous_20260830_125107/collection_long2/P5S0C_BRANCH_TELEMETRY/p5s0c_train_t0_r00_s5100_high_mu0.940189_GNP_S1_F3p20296474_R2_F3.20296_trajectory.csv,1,,0
p5s0c_train_t0_r00_s5100_high_mu0.940189_GNP_S2_F3p4501044_R1_F3.4501,p5s0c_train_t0_r00_s5100_high_mu0.940189,p5s0c_train_t0_root00_s5100,0,HIGH,0.9401893373882813,2,1,3.45010440151526,3.249078542758257,0.2010258587570033,1,1,,1,e5c48707969d4c4666999c71184ac9ba40e5ab7bb343bfa906afe3adaa7ef596,e5c48707969d4c4666999c71184ac9ba40e5ab7bb343bfa906afe3adaa7ef596,dae04747f40237c9ded1299918a8a6a2752f96cbdacf7cb89e724d76efd7302e,/home/exouser/FORTE/gnp_style_continuous_20260830_125107/collection_long2/P5S0C_BRANCH_TELEMETRY/p5s0c_train_t0_r00_s5100_high_mu0.940189_GNP_S2_F3p4501044_R1_F3.4501_trajectory.csv,1,,0
p5s0c_train_t0_r00_s5100_high_mu0.940189_GNP_S2_F3p4501044_R2_F3.4501,p5s0c_train_t0_r00_s5100_high_mu0.940189,p5s0c_train_t0_root00_s5100,0,HIGH,0.9401893373882813,2,2,3.45010440151526,3.239449412394793,0.2106549891204672,1,1,,1,e5c48707969d4c4666999c71184ac9ba40e5ab7bb343bfa906afe3adaa7ef596,e5c48707969d4c4666999c71184ac9ba40e5ab7bb343bfa906afe3adaa7ef596,dae04747f40237c9ded1299918a8a6a2752f96cbdacf7cb89e724d76efd7302e,/home/exouser/FORTE/gnp_style_continuous_20260830_125107/collection_long2/P5S0C_BRANCH_TELEMETRY/p5s0c_train_t0_r00_s5100_high_mu0.940189_GNP_S2_F3p4501044_R2_F3.4501_trajectory.csv,1,,0
p5s0c_train_t0_r00_s5100_high_mu0.940189_GNP_S3_F3p93255387_R1_F3.93255,p5s0c_train_t0_r00_s5100_high_mu0.940189,p5s0c_train_t0_root00_s5100,0,HIGH,0.9401893373882813,3,1,3.9325538659954553,3.8327849706014,0.09976889539405542,1,1,,1,e5c48707969d4c4666999c71184ac9ba40e5ab7bb343bfa906afe3adaa7ef596,e5c48707969d4c4666999c71184ac9ba40e5ab7bb343bfa906afe3adaa7ef596,dae04747f40237c9ded1299918a8a6a2752f96cbdacf7cb89e724d76efd7302e,/home/exouser/FORTE/gnp_style_continuous_20260830_125107/collection_long2/P5S0C_BRANCH_TELEMETRY/p5s0c_train_t0_r00_s5100_high_mu0.940189_GNP_S3_F3p93255387_R1_F3.93255_trajectory.csv,1,,0
p5s0c_train_t0_r00_s5100_high_mu0.940189_GNP_S3_F3p93255387_R2_F3.93255,p5s0c_train_t0_r00_s5100_high_mu0.940189,p5s0c_train_t0_root00_s5100,0,HIGH,0.9401893373882813,3,2,3.9325538659954553,3.7903075095934735,0.1422463564019818,1,1,,1,e5c48707969d4c4666999c71184ac9ba40e5ab7bb343bfa906afe3adaa7ef596,e5c48707969d4c4666999c71184ac9ba40e5ab7bb343bfa906afe3adaa7ef596,dae04747f40237c9ded1299918a8a6a2752f96cbdacf7cb89e724d76efd7302e,/home/exouser/FORTE/gnp_style_continuous_20260830_125107/collection_long2/P5S0C_BRANCH_TELEMETRY/p5s0c_train_t0_r00_s5100_high_mu0.940189_GNP_S3_F3p93255387_R2_F3.93255_trajectory.csv,1,,0
p5s0c_train_t0_r00_s5100_high_mu0.940189_GNP_S4_F4p59713169_R1_F4.59713,p5s0c_train_t0_r00_s5100_high_mu0.940189,p5s0c_train_t0_root00_s5100,0,HIGH,0.9401893373882813,4,1,4.597131691690806,4.546082973480225,0.051048718210581434,1,1,,1,e5c48707969d4c4666999c71184ac9ba40e5ab7bb343bfa906afe3adaa7ef596,e5c48707969d4c4666999c71184ac9ba40e5ab7bb343bfa906afe3adaa7ef596,dae04747f40237c9ded1299918a8a6a2752f96cbdacf7cb89e724d76efd7302e,/home/exouser/FORTE/gnp_style_continuous_20260830_125107/collection_long2/P5S0C_BRANCH_TELEMETRY/p5s0c_train_t0_r00_s5100_high_mu0.940189_GNP_S4_F4p59713169_R1_F4.59713_trajectory.csv,1,,0
p5s0c_train_t0_r00_s5100_high_mu0.940189_GNP_S4_F4p59713169_R2_F4.59713,p5s0c_train_t0_r00_s5100_high_mu0.940189,p5s0c_train_t0_root00_s5100,0,HIGH,0.9401893373882813,4,2,4.597131691690806,4.538599185454539,0.05853250623626671,1,1,,1,e5c48707969d4c4666999c71184ac9ba40e5ab7bb343bfa906afe3adaa7ef596,e5c48707969d4c4666999c71184ac9ba40e5ab7bb343bfa906afe3adaa7ef596,dae04747f40237c9ded1299918a8a6a2752f96cbdacf7cb89e724d76efd7302e,/home/exouser/FORTE/gnp_style_continuous_20260830_125107/collection_long2/P5S0C_BRANCH_TELEMETRY/p5s0c_train_t0_r00_s5100_high_mu0.940189_GNP_S4_F4p59713169_R2_F4.59713_trajectory.csv,1,,0
p5s0c_train_t0_r00_s5100_high_mu0.940189_GNP_S5_F4p89810738_R1_F4.89811,p5s0c_train_t0_r00_s5100_high_mu0.940189,p5s0c_train_t0_root00_s5100,0,HIGH,0.9401893373882813,5,1,4.898107383018656,5.030862759321164,0.13275537630250778,1,1,,1,e5c48707969d4c4666999c71184ac9ba40e5ab7bb343bfa906afe3adaa7ef596,e5c48707969d4c4666999c71184ac9ba40e5ab7bb343bfa906afe3adaa7ef596,dae04747f40237c9ded1299918a8a6a2752f96cbdacf7cb89e724d76efd7302e,/home/exouser/FORTE/gnp_style_continuous_20260830_125107/collection_long2/P5S0C_BRANCH_TELEMETRY/p5s0c_train_t0_r00_s5100_high_mu0.940189_GNP_S5_F4p89810738_R1_F4.89811_trajectory.csv,1,,0
p5s0c_train_t0_r00_s5100_high_mu0.940189_GNP_S5_F4p89810738_R2_F4.89811,p5s0c_train_t0_r00_s5100_high_mu0.940189,p5s0c_train_t0_root00_s5100,0,HIGH,0.9401893373882813,5,2,4.898107383018656,5.0307350770021095,0.1326276939834532,1,1,,1,e5c48707969d4c4666999c71184ac9ba40e5ab7bb343bfa906afe3adaa7ef596,e5c48707969d4c4666999c71184ac9ba40e5ab7bb343bfa906afe3adaa7ef596,dae04747f40237c9ded1299918a8a6a2752f96cbdacf7cb89e724d76efd7302e,/home/exouser/FORTE/gnp_style_continuous_20260830_125107/collection_long2/P5S0C_BRANCH_TELEMETRY/p5s0c_train_t0_r00_s5100_high_mu0.940189_GNP_S5_F4p89810738_R2_F4.89811_trajectory.csv,1,,0
p5s0c_train_t0_r00_s5100_low_mu0.293710_GNP_S1_F3p32742699_R1_F3.32743,p5s0c_train_t0_r00_s5100_low_mu0.293710,p5s0c_train_t0_root00_s5100,0,LOW,0.2937102019159983,1,1,3.3274269914534806,1.2740507707264276e-12,3.3274269914522066,1,0,full_task_failure,1,18bde4e4fc96af4e36561c7170328947a96c9685799131871039e013de43e899,18bde4e4fc96af4e36561c7170328947a96c9685799131871039e013de43e899,cde3960915a94f0e198a02ef7c267d1748b9c7f8182e458858543d6c4cedbf17,/home/exouser/FORTE/gnp_style_continuous_20260830_125107/collection_long2/P5S0C_BRANCH_TELEMETRY/p5s0c_train_t0_r00_s5100_low_mu0.293710_GNP_S1_F3p32742699_R1_F3.32743_trajectory.csv,1,,0
p5s0c_train_t0_r00_s5100_low_mu0.293710_GNP_S1_F3p32742699_R2_F3.32743,p5s0c_train_t0_r00_s5100_low_mu0.293710,p5s0c_train_t0_root00_s5100,0,LOW,0.2937102019159983,1,2,3.3274269914534806,7.768290922845259e-16,3.3274269914534798,1,0,full_task_failure,1,18bde4e4fc96af4e36561c7170328947a96c9685799131871039e013de43e899,18bde4e4fc96af4e36561c7170328947a96c9685799131871039e013de43e899,cde3960915a94f0e198a02ef7c267d1748b9c7f8182e458858543d6c4cedbf17,/home/exouser/FORTE/gnp_style_continuous_20260830_125107/collection_long2/P5S0C_BRANCH_TELEMETRY/p5s0c_train_t0_r00_s5100_low_mu0.293710_GNP_S1_F3p32742699_R2_F3.32743_trajectory.csv,1,,0
p5s0c_train_t0_r00_s5100_low_mu0.293710_GNP_S2_F3p5804616_R1_F3.58046,p5s0c_train_t0_r00_s5100_low_mu0.293710,p5s0c_train_t0_root00_s5100,0,LOW,0.2937102019159983,2,1,3.58046160002614,6.908749255900238e-16,3.580461600026139,1,0,full_task_failure,1,18bde4e4fc96af4e36561c7170328947a96c9685799131871039e013de43e899,18bde4e4fc96af4e36561c7170328947a96c9685799131871039e013de43e899,cde3960915a94f0e198a02ef7c267d1748b9c7f8182e458858543d6c4cedbf17,/home/exouser/FORTE/gnp_style_continuous_20260830_125107/collection_long2/P5S0C_BRANCH_TELEMETRY/p5s0c_train_t0_r00_s5100_low_mu0.293710_GNP_S2_F3p5804616_R1_F3.58046_trajectory.csv,1,,0
p5s0c_train_t0_r00_s5100_low_mu0.293710_GNP_S2_F3p5804616_R2_F3.58046,p5s0c_train_t0_r00_s5100_low_mu0.293710,p5s0c_train_t0_root00_s5100,0,LOW,0.2937102019159983,2,2,3.58046160002614,8.201369920998389e-12,3.5804616000179386,1,0,full_task_failure,1,18bde4e4fc96af4e36561c7170328947a96c9685799131871039e013de43e899,18bde4e4fc96af4e36561c7170328947a96c9685799131871039e013de43e899,cde3960915a94f0e198a02ef7c267d1748b9c7f8182e458858543d6c4cedbf17,/home/exouser/FORTE/gnp_style_continuous_20260830_125107/collection_long2/P5S0C_BRANCH_TELEMETRY/p5s0c_train_t0_r00_s5100_low_mu0.293710_GNP_S2_F3p5804616_R2_F3.58046_trajectory.csv,1,,0
p5s0c_train_t0_r00_s5100_low_mu0.293710_GNP_S3_F4p19512689_R1_F4.19513,p5s0c_train_t0_r00_s5100_low_mu0.293710,p5s0c_train_t0_root00_s5100,0,LOW,0.2937102019159983,3,1,4.1951268916184405,3.9491876363754272,0.2459392552430133,1,1,,1,18bde4e4fc96af4e36561c7170328947a96c9685799131871039e013de43e899,18bde4e4fc96af4e36561c7170328947a96c9685799131871039e013de43e899,cde3960915a94f0e198a02ef7c267d1748b9c7f8182e458858543d6c4cedbf17,/home/exouser/FORTE/gnp_style_continuous_20260830_125107/collection_long2/P5S0C_BRANCH_TELEMETRY/p5s0c_train_t0_r00_s5100_low_mu0.293710_GNP_S3_F4p19512689_R1_F4.19513_trajectory.csv,1,,0
p5s0c_train_t0_r00_s5100_low_mu0.293710_GNP_S3_F4p19512689_R2_F4.19513,p5s0c_train_t0_r00_s5100_low_mu0.293710,p5s0c_train_t0_root00_s5100,0,LOW,0.2937102019159983,3,2,4.1951268916184405,3.946114292511573,0.24901259910686768,1,1,,1,18bde4e4fc96af4e36561c7170328947a96c9685799131871039e013de43e899,18bde4e4fc96af4e36561c7170328947a96c9685799131871039e013de43e899,cde3960915a94f0e198a02ef7c267d1748b9c7f8182e458858543d6c4cedbf17,/home/exouser/FORTE/gnp_style_continuous_20260830_125107/collection_long2/P5S0C_BRANCH_TELEMETRY/p5s0c_train_t0_r00_s5100_low_mu0.293710_GNP_S3_F4p19512689_R2_F4.19513_trajectory.csv,1,,0
p5s0c_train_t0_r00_s5100_low_mu0.293710_GNP_S4_F4p22568286_R1_F4.22568,p5s0c_train_t0_r00_s5100_low_mu0.293710,p5s0c_train_t0_root00_s5100,0,LOW,0.2937102019159983,4,1,4.225682863145822,4.001199743686578,0.22448311945924448,1,1,,1,18bde4e4fc96af4e36561c7170328947a96c9685799131871039e013de43e899,18bde4e4fc96af4e36561c7170328947a96c9685799131871039e013de43e899,cde3960915a94f0e198a02ef7c267d1748b9c7f8182e458858543d6c4cedbf17,/home/exouser/FORTE/gnp_style_continuous_20260830_125107/collection_long2/P5S0C_BRANCH_TELEMETRY/p5s0c_train_t0_r00_s5100_low_mu0.293710_GNP_S4_F4p22568286_R1_F4.22568_trajectory.csv,1,,0
p5s0c_train_t0_r00_s5100_low_mu0.293710_GNP_S4_F4p22568286_R2_F4.22568,p5s0c_train_t0_r00_s5100_low_mu0.293710,p5s0c_train_t0_root00_s5100,0,LOW,0.2937102019159983,4,2,4.225682863145822,4.000679633556268,0.22500322958955454,1,1,,1,18bde4e4fc96af4e36561c7170328947a96c9685799131871039e013de43e899,18bde4e4fc96af4e36561c7170328947a96c9685799131871039e013de43e899,cde3960915a94f0e198a02ef7c267d1748b9c7f8182e458858543d6c4cedbf17,/home/exouser/FORTE/gnp_style_continuous_20260830_125107/collection_long2/P5S0C_BRANCH_TELEMETRY/p5s0c_train_t0_r00_s5100_low_mu0.293710_GNP_S4_F4p22568286_R2_F4.22568_trajectory.csv,1,,0
p5s0c_train_t0_r00_s5100_low_mu0.293710_GNP_S5_F4p89917211_R1_F4.89917,p5s0c_train_t0_r00_s5100_low_mu0.293710,p5s0c_train_t0_root00_s5100,0,LOW,0.2937102019159983,5,1,4.899172114786442,4.762776148624909,0.13639596616153238,1,1,,1,18bde4e4fc96af4e36561c7170328947a96c9685799131871039e013de43e899,18bde4e4fc96af4e36561c7170328947a96c9685799131871039e013de43e899,cde3960915a94f0e198a02ef7c267d1748b9c7f8182e458858543d6c4cedbf17,/home/exouser/FORTE/gnp_style_continuous_20260830_125107/collection_long2/P5S0C_BRANCH_TELEMETRY/p5s0c_train_t0_r00_s5100_low_mu0.293710_GNP_S5_F4p89917211_R1_F4.89917_trajectory.csv,1,,0
p5s0c_train_t0_r00_s5100_low_mu0.293710_GNP_S5_F4p89917211_R2_F4.89917,p5s0c_train_t0_r00_s5100_low_mu0.293710,p5s0c_train_t0_root00_s5100,0,LOW,0.2937102019159983,5,2,4.899172114786442,4.754668902128171,0.14450321265827082,1,1,,1,18bde4e4fc96af4e36561c7170328947a96c9685799131871039e013de43e899,18bde4e4fc96af4e36561c7170328947a96c9685799131871039e013de43e899,cde3960915a94f0e198a02ef7c267d1748b9c7f8182e458858543d6c4cedbf17,/home/exouser/FORTE/gnp_style_continuous_20260830_125107/collection_long2/P5S0C_BRANCH_TELEMETRY/p5s0c_train_t0_r00_s5100_low_mu0.293710_GNP_S5_F4p89917211_R2_F4.89917_trajectory.csv,1,,0
p5s0c_train_t0_r00_s5100_mid_mu0.450580_GNP_S1_F3p11496829_R1_F3.11497,p5s0c_train_t0_r00_s5100_mid_mu0.450580,p5s0c_train_t0_root00_s5100,0,MID,0.4505801238823336,1,1,3.1149682915557118,5.202965991945966e-15,3.1149682915557064,1,0,full_task_failure,1,116f82d818fd6781868caade57b2c68dfb207b416cc4d49438eb93c5ee923849,116f82d818fd6781868caade57b2c68dfb207b416cc4d49438eb93c5ee923849,10f4d28ecc2dbf804692f4d336c5486353322b3c8ce86b1d2d291c17815a3dbc,/home/exouser/FORTE/gnp_style_continuous_20260830_125107/collection_long2/P5S0C_BRANCH_TELEMETRY/p5s0c_train_t0_r00_s5100_mid_mu0.450580_GNP_S1_F3p11496829_R1_F3.11497_trajectory.csv,1,,0
p5s0c_train_t0_r00_s5100_mid_mu0.450580_GNP_S1_F3p11496829_R2_F3.11497,p5s0c_train_t0_r00_s5100_mid_mu0.450580,p5s0c_train_t0_root00_s5100,0,MID,0.4505801238823336,1,2,3.1149682915557118,2.6993335840609315e-16,3.1149682915557113,1,0,full_task_failure,1,116f82d818fd6781868caade57b2c68dfb207b416cc4d49438eb93c5ee923849,116f82d818fd6781868caade57b2c68dfb207b416cc4d49438eb93c5ee923849,10f4d28ecc2dbf804692f4d336c5486353322b3c8ce86b1d2d291c17815a3dbc,/home/exouser/FORTE/gnp_style_continuous_20260830_125107/collection_long2/P5S0C_BRANCH_TELEMETRY/p5s0c_train_t0_r00_s5100_mid_mu0.450580_GNP_S1_F3p11496829_R2_F3.11497_trajectory.csv,1,,0
p5s0c_train_t0_r00_s5100_mid_mu0.450580_GNP_S2_F3p58418091_R1_F3.58418,p5s0c_train_t0_r00_s5100_mid_mu0.450580,p5s0c_train_t0_root00_s5100,0,MID,0.4505801238823336,2,1,3.5841809148911308,3.20874254214458,0.3754383727465509,1,1,,1,116f82d818fd6781868caade57b2c68dfb207b416cc4d49438eb93c5ee923849,116f82d818fd6781868caade57b2c68dfb207b416cc4d49438eb93c5ee923849,10f4d28ecc2dbf804692f4d336c5486353322b3c8ce86b1d2d291c17815a3dbc,/home/exouser/FORTE/gnp_style_continuous_20260830_125107/collection_long2/P5S0C_BRANCH_TELEMETRY/p5s0c_train_t0_r00_s5100_mid_mu0.450580_GNP_S2_F3p58418091_R1_F3.58418_trajectory.csv,1,,0
p5s0c_train_t0_r00_s5100_mid_mu0.450580_GNP_S2_F3p58418091_R2_F3.58418,p5s0c_train_t0_r00_s5100_mid_mu0.450580,p5s0c_train_t0_root00_s5100,0,MID,0.4505801238823336,2,2,3.5841809148911308,3.205598305433224,0.37858260945790656,1,1,,1,116f82d818fd6781868caade57b2c68dfb207b416cc4d49438eb93c5ee923849,116f82d818fd6781868caade57b2c68dfb207b416cc4d49438eb93c5ee923849,10f4d28ecc2dbf804692f4d336c5486353322b3c8ce86b1d2d291c17815a3dbc,/home/exouser/FORTE/gnp_style_continuous_20260830_125107/collection_long2/P5S0C_BRANCH_TELEMETRY/p5s0c_train_t0_r00_s5100_mid_mu0.450580_GNP_S2_F3p58418091_R2_F3.58418_trajectory.csv,1,,0
p5s0c_train_t0_r00_s5100_mid_mu0.450580_GNP_S3_F3p86847918_R1_F3.86848,p5s0c_train_t0_r00_s5100_mid_mu0.450580,p5s0c_train_t0_root00_s5100,0,MID,0.4505801238823336,3,1,3.868479176527506,3.477572092643151,0.39090708388435536,1,1,,1,116f82d818fd6781868caade57b2c68dfb207b416cc4d49438eb93c5ee923849,116f82d818fd6781868caade57b2c68dfb207b416cc4d49438eb93c5ee923849,10f4d28ecc2dbf804692f4d336c5486353322b3c8ce86b1d2d291c17815a3dbc,/home/exouser/FORTE/gnp_style_continuous_20260830_125107/collection_long2/P5S0C_BRANCH_TELEMETRY/p5s0c_train_t0_r00_s5100_mid_mu0.450580_GNP_S3_F3p86847918_R1_F3.86848_trajectory.csv,1,,0
p5s0c_train_t0_r00_s5100_mid_mu0.450580_GNP_S3_F3p86847918_R2_F3.86848,p5s0c_train_t0_r00_s5100_mid_mu0.450580,p5s0c_train_t0_root00_s5100,0,MID,0.4505801238823336,3,2,3.868479176527506,3.48718269666036,0.3812964798671463,1,1,,1,116f82d818fd6781868caade57b2c68dfb207b416cc4d49438eb93c5ee923849,116f82d818fd6781868caade57b2c68dfb207b416cc4d49438eb93c5ee923849,10f4d28ecc2dbf804692f4d336c5486353322b3c8ce86b1d2d291c17815a3dbc,/home/exouser/FORTE/gnp_style_continuous_20260830_125107/collection_long2/P5S0C_BRANCH_TELEMETRY/p5s0c_train_t0_r00_s5100_mid_mu0.450580_GNP_S3_F3p86847918_R2_F3.86848_trajectory.csv,1,,0
p5s0c_train_t0_r00_s5100_mid_mu0.450580_GNP_S4_F4p23961222_R1_F4.23961,p5s0c_train_t0_r00_s5100_mid_mu0.450580,p5s0c_train_t0_root00_s5100,0,MID,0.4505801238823336,4,1,4.239612216196188,3.880942130700136,0.35867008549605206,1,1,,1,116f82d818fd6781868caade57b2c68dfb207b416cc4d49438eb93c5ee923849,116f82d818fd6781868caade57b2c68dfb207b416cc4d49438eb93c5ee923849,10f4d28ecc2dbf804692f4d336c5486353322b3c8ce86b1d2d291c17815a3dbc,/home/exouser/FORTE/gnp_style_continuous_20260830_125107/collection_long2/P5S0C_BRANCH_TELEMETRY/p5s0c_train_t0_r00_s5100_mid_mu0.450580_GNP_S4_F4p23961222_R1_F4.23961_trajectory.csv,1,,0
p5s0c_train_t0_r00_s5100_mid_mu0.450580_GNP_S4_F4p23961222_R2_F4.23961,p5s0c_train_t0_r00_s5100_mid_mu0.450580,p5s0c_train_t0_root00_s5100,0,MID,0.4505801238823336,4,2,4.239612216196188,3.894999256500831,0.3446129596953571,1,1,,1,116f82d818fd6781868caade57b2c68dfb207b416cc4d49438eb93c5ee923849,116f82d818fd6781868caade57b2c68dfb207b416cc4d49438eb93c5ee923849,10f4d28ecc2dbf804692f4d336c5486353322b3c8ce86b1d2d291c17815a3dbc,/home/exouser/FORTE/gnp_style_continuous_20260830_125107/collection_long2/P5S0C_BRANCH_TELEMETRY/p5s0c_train_t0_r00_s5100_mid_mu0.450580_GNP_S4_F4p23961222_R2_F4.23961_trajectory.csv,1,,0
p5s0c_train_t0_r00_s5100_mid_mu0.450580_GNP_S5_F4p89850462_R1_F4.8985,p5s0c_train_t0_r00_s5100_mid_mu0.450580,p5s0c_train_t0_root00_s5100,0,MID,0.4505801238823336,5,1,4.898504617025695,4.638777066499759,0.25972755052593666,1,1,,1,116f82d818fd6781868caade57b2c68dfb207b416cc4d49438eb93c5ee923849,116f82d818fd6781868caade57b2c68dfb207b416cc4d49438eb93c5ee923849,10f4d28ecc2dbf804692f4d336c5486353322b3c8ce86b1d2d291c17815a3dbc,/home/exouser/FORTE/gnp_style_continuous_20260830_125107/collection_long2/P5S0C_BRANCH_TELEMETRY/p5s0c_train_t0_r00_s5100_mid_mu0.450580_GNP_S5_F4p89850462_R1_F4.8985_trajectory.csv,1,,0
p5s0c_train_t0_r00_s5100_mid_mu0.450580_GNP_S5_F4p89850462_R2_F4.8985,p5s0c_train_t0_r00_s5100_mid_mu0.450580,p5s0c_train_t0_root00_s5100,0,MID,0.4505801238823336,5,2,4.898504617025695,4.63990829541133,0.2585963216143652,1,1,,1,116f82d818fd6781868caade57b2c68dfb207b416cc4d49438eb93c5ee923849,116f82d818fd6781868caade57b2c68dfb207b416cc4d49438eb93c5ee923849,10f4d28ecc2dbf804692f4d336c5486353322b3c8ce86b1d2d291c17815a3dbc,/home/exouser/FORTE/gnp_style_continuous_20260830_125107/collection_long2/P5S0C_BRANCH_TELEMETRY/p5s0c_train_t0_r00_s5100_mid_mu0.450580_GNP_S5_F4p89850462_R2_F4.8985_trajectory.csv,1,,0
p5s0c_train_t0_r01_s5101_high_mu0.988466_GNP_S1_F3p26725175_R1_F3.26725,p5s0c_train_t0_r01_s5101_high_mu0.988466,p5s0c_train_t0_root01_s5101,0,HIGH,0.9884659937733328,1,1,3.267251748830606,2.9188297096687026,0.3484220391619033,1,1,,1,c53600238a8df05c01f9a58760d21f4352d81b59d7b4fc9ad162a92e5417ad68,c53600238a8df05c01f9a58760d21f4352d81b59d7b4fc9ad162a92e5417ad68,65afa79911391a74195fee93d6b4737c440212a15ba89572fac155e7279180bb,/home/exouser/FORTE/gnp_style_continuous_20260830_125107/collection_long2/P5S0C_BRANCH_TELEMETRY/p5s0c_train_t0_r01_s5101_high_mu0.988466_GNP_S1_F3p26725175_R1_F3.26725_trajectory.csv,1,,0
p5s0c_train_t0_r01_s5101_high_mu0.988466_GNP_S1_F3p26725175_R2_F3.26725,p5s0c_train_t0_r01_s5101_high_mu0.988466,p5s0c_train_t0_root01_s5101,0,HIGH,0.9884659937733328,1,2,3.267251748830606,2.931735971305944,0.335515777524662,1,1,,1,c53600238a8df05c01f9a58760d21f4352d81b59d7b4fc9ad162a92e5417ad68,c53600238a8df05c01f9a58760d21f4352d81b59d7b4fc9ad162a92e5417ad68,65afa79911391a74195fee93d6b4737c440212a15ba89572fac155e7279180bb,/home/exouser/FORTE/gnp_style_continuous_20260830_125107/collection_long2/P5S0C_BRANCH_TELEMETRY/p5s0c_train_t0_r01_s5101_high_mu0.988466_GNP_S1_F3p26725175_R2_F3.26725_trajectory.csv,1,,0
p5s0c_train_t0_r01_s5101_high_mu0.988466_GNP_S2_F3p57191308_R1_F3.57191,p5s0c_train_t0_r01_s5101_high_mu0.988466,p5s0c_train_t0_root01_s5101,0,HIGH,0.9884659937733328,2,1,3.5719130813229065,3.293107491505297,0.2788055898176096,1,1,,1,c53600238a8df05c01f9a58760d21f4352d81b59d7b4fc9ad162a92e5417ad68,c53600238a8df05c01f9a58760d21f4352d81b59d7b4fc9ad162a92e5417ad68,65afa79911391a74195fee93d6b4737c440212a15ba89572fac155e7279180bb,/home/exouser/FORTE/gnp_style_continuous_20260830_125107/collection_long2/P5S0C_BRANCH_TELEMETRY/p5s0c_train_t0_r01_s5101_high_mu0.988466_GNP_S2_F3p57191308_R1_F3.57191_trajectory.csv,1,,0
p5s0c_train_t0_r01_s5101_high_mu0.988466_GNP_S2_F3p57191308_R2_F3.57191,p5s0c_train_t0_r01_s5101_high_mu0.988466,p5s0c_train_t0_root01_s5101,0,HIGH,0.9884659937733328,2,2,3.5719130813229065,3.2925472682035424,0.27936581311936415,1,1,,1,c53600238a8df05c01f9a58760d21f4352d81b59d7b4fc9ad162a92e5417ad68,c53600238a8df05c01f9a58760d21f4352d81b59d7b4fc9ad162a92e5417ad68,65afa79911391a74195fee93d6b4737c440212a15ba89572fac155e7279180bb,/home/exouser/FORTE/gnp_style_continuous_20260830_125107/collection_long2/P5S0C_BRANCH_TELEMETRY/p5s0c_train_t0_r01_s5101_high_mu0.988466_GNP_S2_F3p57191308_R2_F3.57191_trajectory.csv,1,,0
p5s0c_train_t0_r01_s5101_high_mu0.988466_GNP_S3_F4p136133_R1_F4.13613,p5s0c_train_t0_r01_s5101_high_mu0.988466,p5s0c_train_t0_root01_s5101,0,HIGH,0.9884659937733328,3,1,4.136133001828375,4.230847560442411,0.09471455861403655,1,1,,1,c53600238a8df05c01f9a58760d21f4352d81b59d7b4fc9ad162a92e5417ad68,c53600238a8df05c01f9a58760d21f4352d81b59d7b4fc9ad162a92e5417ad68,65afa79911391a74195fee93d6b4737c440212a15ba89572fac155e7279180bb,/home/exouser/FORTE/gnp_style_continuous_20260830_125107/collection_long2/P5S0C_BRANCH_TELEMETRY/p5s0c_train_t0_r01_s5101_high_mu0.988466_GNP_S3_F4p136133_R1_F4.13613_trajectory.csv,1,,0
p5s0c_train_t0_r01_s5101_high_mu0.988466_GNP_S3_F4p136133_R2_F4.13613,p5s0c_train_t0_r01_s5101_high_mu0.988466,p5s0c_train_t0_root01_s5101,0,HIGH,0.9884659937733328,3,2,4.136133001828375,4.231683138089302,0.09555013626092723,1,1,,1,c53600238a8df05c01f9a58760d21f4352d81b59d7b4fc9ad162a92e5417ad68,c53600238a8df05c01f9a58760d21f4352d81b59d7b4fc9ad162a92e5417ad68,65afa79911391a74195fee93d6b4737c440212a15ba89572fac155e7279180bb,/home/exouser/FORTE/gnp_style_continuous_20260830_125107/collection_long2/P5S0C_BRANCH_TELEMETRY/p5s0c_train_t0_r01_s5101_high_mu0.988466_GNP_S3_F4p136133_R2_F4.13613_trajectory.csv,1,,0
p5s0c_train_t0_r01_s5101_high_mu0.988466_GNP_S4_F4p55739972_R1_F4.5574,p5s0c_train_t0_r01_s5101_high_mu0.988466,p5s0c_train_t0_root01_s5101,0,HIGH,0.9884659937733328,4,1,4.557399724766146,4.6750940552240685,0.11769433045792255,1,1,,1,c53600238a8df05c01f9a58760d21f4352d81b59d7b4fc9ad162a92e5417ad68,c53600238a8df05c01f9a58760d21f4352d81b59d7b4fc9ad162a92e5417ad68,65afa79911391a74195fee93d6b4737c440212a15ba89572fac155e7279180bb,/home/exouser/FORTE/gnp_style_continuous_20260830_125107/collection_long2/P5S0C_BRANCH_TELEMETRY/p5s0c_train_t0_r01_s5101_high_mu0.988466_GNP_S4_F4p55739972_R1_F4.5574_trajectory.csv,1,,0
p5s0c_train_t0_r01_s5101_high_mu0.988466_GNP_S4_F4p55739972_R2_F4.5574,p5s0c_train_t0_r01_s5101_high_mu0.988466,p5s0c_train_t0_root01_s5101,0,HIGH,0.9884659937733328,4,2,4.557399724766146,4.675763773012765,0.11836404824661884,1,1,,1,c53600238a8df05c01f9a58760d21f4352d81b59d7b4fc9ad162a92e5417ad68,c53600238a8df05c01f9a58760d21f4352d81b59d7b4fc9ad162a92e5417ad68,65afa79911391a74195fee93d6b4737c440212a15ba89572fac155e7279180bb,/home/exouser/FORTE/gnp_style_continuous_20260830_125107/collection_long2/P5S0C_BRANCH_TELEMETRY/p5s0c_train_t0_r01_s5101_high_mu0.988466_GNP_S4_F4p55739972_R2_F4.5574_trajectory.csv,1,,0
p5s0c_train_t0_r01_s5101_high_mu0.988466_GNP_S5_F4p67869125_R1_F4.67869,p5s0c_train_t0_r01_s5101_high_mu0.988466,p5s0c_train_t0_root01_s5101,0,HIGH,0.9884659937733328,5,1,4.678691249620773,4.703921272784849,0.02523002316407652,1,1,,1,c53600238a8df05c01f9a58760d21f4352d81b59d7b4fc9ad162a92e5417ad68,c53600238a8df05c01f9a58760d21f4352d81b59d7b4fc9ad162a92e5417ad68,65afa79911391a74195fee93d6b4737c440212a15ba89572fac155e7279180bb,/home/exouser/FORTE/gnp_style_continuous_20260830_125107/collection_long2/P5S0C_BRANCH_TELEMETRY/p5s0c_train_t0_r01_s5101_high_mu0.988466_GNP_S5_F4p67869125_R1_F4.67869_trajectory.csv,1,,0
p5s0c_train_t0_r01_s5101_high_mu0.988466_GNP_S5_F4p67869125_R2_F4.67869,p5s0c_train_t0_r01_s5101_high_mu0.988466,p5s0c_train_t0_root01_s5101,0,HIGH,0.9884659937733328,5,2,4.678691249620773,4.704306382167188,0.025615132546415786,1,1,,1,c53600238a8df05c01f9a58760d21f4352d81b59d7b4fc9ad162a92e5417ad68,c53600238a8df05c01f9a58760d21f4352d81b59d7b4fc9ad162a92e5417ad68,65afa79911391a74195fee93d6b4737c440212a15ba89572fac155e7279180bb,/home/exouser/FORTE/gnp_style_continuous_20260830_125107/collection_long2/P5S0C_BRANCH_TELEMETRY/p5s0c_train_t0_r01_s5101_high_mu0.988466_GNP_S5_F4p67869125_R2_F4.67869_trajectory.csv,1,,0
p5s0c_train_t0_r01_s5101_low_mu0.255969_GNP_S1_F3p12196746_R1_F3.12197,p5s0c_train_t0_r01_s5101_low_mu0.255969,p5s0c_train_t0_root01_s5101,0,LOW,0.2559692046181955,1,1,3.121967455206008,9.082773812112272e-20,3.121967455206008,1,0,full_task_failure,1,646058d2f95958f366240d2690056938eeae783e8efde1b4dd04f9945fff1fdd,646058d2f95958f366240d2690056938eeae783e8efde1b4dd04f9945fff1fdd,ff71f62d4adf34dbf2ca785836d8dc2d519ad4c5e9bc5f27adc257dd56de308c,/home/exouser/FORTE/gnp_style_continuous_20260830_125107/collection_long2/P5S0C_BRANCH_TELEMETRY/p5s0c_train_t0_r01_s5101_low_mu0.255969_GNP_S1_F3p12196746_R1_F3.12197_trajectory.csv,1,,0
p5s0c_train_t0_r01_s5101_low_mu0.255969_GNP_S1_F3p12196746_R2_F3.12197,p5s0c_train_t0_r01_s5101_low_mu0.255969,p5s0c_train_t0_root01_s5101,0,LOW,0.2559692046181955,1,2,3.121967455206008,1.4482964928095018e-15,3.121967455206007,1,0,full_task_failure,1,646058d2f95958f366240d2690056938eeae783e8efde1b4dd04f9945fff1fdd,646058d2f95958f366240d2690056938eeae783e8efde1b4dd04f9945fff1fdd,ff71f62d4adf34dbf2ca785836d8dc2d519ad4c5e9bc5f27adc257dd56de308c,/home/exouser/FORTE/gnp_style_continuous_20260830_125107/collection_long2/P5S0C_BRANCH_TELEMETRY/p5s0c_train_t0_r01_s5101_low_mu0.255969_GNP_S1_F3p12196746_R2_F3.12197_trajectory.csv,1,,0
p5s0c_train_t0_r01_s5101_low_mu0.255969_GNP_S2_F3p68880285_R1_F3.6888,p5s0c_train_t0_r01_s5101_low_mu0.255969,p5s0c_train_t0_root01_s5101,0,LOW,0.2559692046181955,2,1,3.6888028476897534,2.232111011719191e-06,3.688800615578742,1,0,full_task_failure,1,646058d2f95958f366240d2690056938eeae783e8efde1b4dd04f9945fff1fdd,646058d2f95958f366240d2690056938eeae783e8efde1b4dd04f9945fff1fdd,ff71f62d4adf34dbf2ca785836d8dc2d519ad4c5e9bc5f27adc257dd56de308c,/home/exouser/FORTE/gnp_style_continuous_20260830_125107/collection_long2/P5S0C_BRANCH_TELEMETRY/p5s0c_train_t0_r01_s5101_low_mu0.255969_GNP_S2_F3p68880285_R1_F3.6888_trajectory.csv,1,,0
p5s0c_train_t0_r01_s5101_low_mu0.255969_GNP_S2_F3p68880285_R2_F3.6888,p5s0c_train_t0_r01_s5101_low_mu0.255969,p5s0c_train_t0_root01_s5101,0,LOW,0.2559692046181955,2,2,3.6888028476897534,1.8867684757689678e-15,3.6888028476897516,1,0,full_task_failure,1,646058d2f95958f366240d2690056938eeae783e8efde1b4dd04f9945fff1fdd,646058d2f95958f366240d2690056938eeae783e8efde1b4dd04f9945fff1fdd,ff71f62d4adf34dbf2ca785836d8dc2d519ad4c5e9bc5f27adc257dd56de308c,/home/exouser/FORTE/gnp_style_continuous_20260830_125107/collection_long2/P5S0C_BRANCH_TELEMETRY/p5s0c_train_t0_r01_s5101_low_mu0.255969_GNP_S2_F3p68880285_R2_F3.6888_trajectory.csv,1,,0
p5s0c_train_t0_r01_s5101_low_mu0.255969_GNP_S3_F3p94235897_R1_F3.94236,p5s0c_train_t0_r01_s5101_low_mu0.255969,p5s0c_train_t0_root01_s5101,0,LOW,0.2559692046181955,3,1,3.942358965459201,1.540099263227208e-09,3.942358963919102,1,0,full_task_failure,1,646058d2f95958f366240d2690056938eeae783e8efde1b4dd04f9945fff1fdd,646058d2f95958f366240d2690056938eeae783e8efde1b4dd04f9945fff1fdd,ff71f62d4adf34dbf2ca785836d8dc2d519ad4c5e9bc5f27adc257dd56de308c,/home/exouser/FORTE/gnp_style_continuous_20260830_125107/collection_long2/P5S0C_BRANCH_TELEMETRY/p5s0c_train_t0_r01_s5101_low_mu0.255969_GNP_S3_F3p94235897_R1_F3.94236_trajectory.csv,1,,0
p5s0c_train_t0_r01_s5101_low_mu0.255969_GNP_S3_F3p94235897_R2_F3.94236,p5s0c_train_t0_r01_s5101_low_mu0.255969,p5s0c_train_t0_root01_s5101,0,LOW,0.2559692046181955,3,2,3.942358965459201,6.353786152731749e-11,3.942358965395663,1,0,full_task_failure,1,646058d2f95958f366240d2690056938eeae783e8efde1b4dd04f9945fff1fdd,646058d2f95958f366240d2690056938eeae783e8efde1b4dd04f9945fff1fdd,ff71f62d4adf34dbf2ca785836d8dc2d519ad4c5e9bc5f27adc257dd56de308c,/home/exouser/FORTE/gnp_style_continuous_20260830_125107/collection_long2/P5S0C_BRANCH_TELEMETRY/p5s0c_train_t0_r01_s5101_low_mu0.255969_GNP_S3_F3p94235897_R2_F3.94236_trajectory.csv,1,,0
p5s0c_train_t0_r01_s5101_low_mu0.255969_GNP_S4_F4p2324286_R1_F4.23243,p5s0c_train_t0_r01_s5101_low_mu0.255969,p5s0c_train_t0_root01_s5101,0,LOW,0.2559692046181955,4,1,4.232428603806659,3.988405716724885,0.24402288708177444,1,1,,1,646058d2f95958f366240d2690056938eeae783e8efde1b4dd04f9945fff1fdd,646058d2f95958f366240d2690056938eeae783e8efde1b4dd04f9945fff1fdd,ff71f62d4adf34dbf2ca785836d8dc2d519ad4c5e9bc5f27adc257dd56de308c,/home/exouser/FORTE/gnp_style_continuous_20260830_125107/collection_long2/P5S0C_BRANCH_TELEMETRY/p5s0c_train_t0_r01_s5101_low_mu0.255969_GNP_S4_F4p2324286_R1_F4.23243_trajectory.csv,1,,0
p5s0c_train_t0_r01_s5101_low_mu0.255969_GNP_S4_F4p2324286_R2_F4.23243,p5s0c_train_t0_r01_s5101_low_mu0.255969,p5s0c_train_t0_root01_s5101,0,LOW,0.2559692046181955,4,2,4.232428603806659,0.8678090954181734,3.3646195083884862,1,0,full_task_failure,1,646058d2f95958f366240d2690056938eeae783e8efde1b4dd04f9945fff1fdd,646058d2f95958f366240d2690056938eeae783e8efde1b4dd04f9945fff1fdd,ff71f62d4adf34dbf2ca785836d8dc2d519ad4c5e9bc5f27adc257dd56de308c,/home/exouser/FORTE/gnp_style_continuous_20260830_125107/collection_long2/P5S0C_BRANCH_TELEMETRY/p5s0c_train_t0_r01_s5101_low_mu0.255969_GNP_S4_F4p2324286_R2_F4.23243_trajectory.csv,1,,0
p5s0c_train_t0_r01_s5101_low_mu0.255969_GNP_S5_F4p82931648_R1_F4.82932,p5s0c_train_t0_r01_s5101_low_mu0.255969,p5s0c_train_t0_root01_s5101,0,LOW,0.2559692046181955,5,1,4.829316480382576,4.770690386808371,0.058626093574204674,1,1,,1,646058d2f95958f366240d2690056938eeae783e8efde1b4dd04f9945fff1fdd,646058d2f95958f366240d2690056938eeae783e8efde1b4dd04f9945fff1fdd,ff71f62d4adf34dbf2ca785836d8dc2d519ad4c5e9bc5f27adc257dd56de308c,/home/exouser/FORTE/gnp_style_continuous_20260830_125107/collection_long2/P5S0C_BRANCH_TELEMETRY/p5s0c_train_t0_r01_s5101_low_mu0.255969_GNP_S5_F4p82931648_R1_F4.82932_trajectory.csv,1,,0
p5s0c_train_t0_r01_s5101_low_mu0.255969_GNP_S5_F4p82931648_R2_F4.82932,p5s0c_train_t0_r01_s5101_low_mu0.255969,p5s0c_train_t0_root01_s5101,0,LOW,0.2559692046181955,5,2,4.829316480382576,4.797284416005581,0.03203206437699446,1,1,,1,646058d2f95958f366240d2690056938eeae783e8efde1b4dd04f9945fff1fdd,646058d2f95958f366240d2690056938eeae783e8efde1b4dd04f9945fff1fdd,ff71f62d4adf34dbf2ca785836d8dc2d519ad4c5e9bc5f27adc257dd56de308c,/home/exouser/FORTE/gnp_style_continuous_20260830_125107/collection_long2/P5S0C_BRANCH_TELEMETRY/p5s0c_train_t0_r01_s5101_low_mu0.255969_GNP_S5_F4p82931648_R2_F4.82932_trajectory.csv,1,,0
p5s0c_train_t0_r01_s5101_mid_mu0.592177_GNP_S1_F3p06754565_R1_F3.06755,p5s0c_train_t0_r01_s5101_mid_mu0.592177,p5s0c_train_t0_root01_s5101,0,MID,0.5921771020907431,1,1,3.067545649434074,0.1769008196317166,2.8906448298023575,1,0,full_task_failure,1,71ca18ef45362df7571766eb154273cfa8fc6ce2083850247e9c4eed3f3f18b1,71ca18ef45362df7571766eb154273cfa8fc6ce2083850247e9c4eed3f3f18b1,e231118473392e037bf120fa574fd535838a000871a8d92178aa343e73285c53,/home/exouser/FORTE/gnp_style_continuous_20260830_125107/collection_long2/P5S0C_BRANCH_TELEMETRY/p5s0c_train_t0_r01_s5101_mid_mu0.592177_GNP_S1_F3p06754565_R1_F3.06755_trajectory.csv,1,,0
p5s0c_train_t0_r01_s5101_mid_mu0.592177_GNP_S1_F3p06754565_R2_F3.06755,p5s0c_train_t0_r01_s5101_mid_mu0.592177,p5s0c_train_t0_root01_s5101,0,MID,0.5921771020907431,1,2,3.067545649434074,0.0003734918505007,3.0671721575835735,1,0,full_task_failure,1,71ca18ef45362df7571766eb154273cfa8fc6ce2083850247e9c4eed3f3f18b1,71ca18ef45362df7571766eb154273cfa8fc6ce2083850247e9c4eed3f3f18b1,e231118473392e037bf120fa574fd535838a000871a8d92178aa343e73285c53,/home/exouser/FORTE/gnp_style_continuous_20260830_125107/collection_long2/P5S0C_BRANCH_TELEMETRY/p5s0c_train_t0_r01_s5101_mid_mu0.592177_GNP_S1_F3p06754565_R2_F3.06755_trajectory.csv,1,,0
p5s0c_train_t0_r01_s5101_mid_mu0.592177_GNP_S2_F3p70632802_R1_F3.70633,p5s0c_train_t0_r01_s5101_mid_mu0.592177,p5s0c_train_t0_root01_s5101,0,MID,0.5921771020907431,2,1,3.706328022674844,3.5001551772974717,0.20617284537737213,1,1,,1,71ca18ef45362df7571766eb154273cfa8fc6ce2083850247e9c4eed3f3f18b1,71ca18ef45362df7571766eb154273cfa8fc6ce2083850247e9c4eed3f3f18b1,e231118473392e037bf120fa574fd535838a000871a8d92178aa343e73285c53,/home/exouser/FORTE/gnp_style_continuous_20260830_125107/collection_long2/P5S0C_BRANCH_TELEMETRY/p5s0c_train_t0_r01_s5101_mid_mu0.592177_GNP_S2_F3p70632802_R1_F3.70633_trajectory.csv,1,,0
p5s0c_train_t0_r01_s5101_mid_mu0.592177_GNP_S2_F3p70632802_R2_F3.70633,p5s0c_train_t0_r01_s5101_mid_mu0.592177,p5s0c_train_t0_root01_s5101,0,MID,0.5921771020907431,2,2,3.706328022674844,3.4897388144384456,0.21658920823639827,1,1,,1,71ca18ef45362df7571766eb154273cfa8fc6ce2083850247e9c4eed3f3f18b1,71ca18ef45362df7571766eb154273cfa8fc6ce2083850247e9c4eed3f3f18b1,e231118473392e037bf120fa574fd535838a000871a8d92178aa343e73285c53,/home/exouser/FORTE/gnp_style_continuous_20260830_125107/collection_long2/P5S0C_BRANCH_TELEMETRY/p5s0c_train_t0_r01_s5101_mid_mu0.592177_GNP_S2_F3p70632802_R2_F3.70633_trajectory.csv,1,,0
p5s0c_train_t0_r01_s5101_mid_mu0.592177_GNP_S3_F4p15089762_R1_F4.1509,p5s0c_train_t0_r01_s5101_mid_mu0.592177,p5s0c_train_t0_root01_s5101,0,MID,0.5921771020907431,3,1,4.150897619720806,4.00957399380358,0.14132362591722547,1,1,,1,71ca18ef45362df7571766eb154273cfa8fc6ce2083850247e9c4eed3f3f18b1,71ca18ef45362df7571766eb154273cfa8fc6ce2083850247e9c4eed3f3f18b1,e231118473392e037bf120fa574fd535838a000871a8d92178aa343e73285c53,/home/exouser/FORTE/gnp_style_continuous_20260830_125107/collection_long2/P5S0C_BRANCH_TELEMETRY/p5s0c_train_t0_r01_s5101_mid_mu0.592177_GNP_S3_F4p15089762_R1_F4.1509_trajectory.csv,1,,0
p5s0c_train_t0_r01_s5101_mid_mu0.592177_GNP_S3_F4p15089762_R2_F4.1509,p5s0c_train_t0_r01_s5101_mid_mu0.592177,p5s0c_train_t0_root01_s5101,0,MID,0.5921771020907431,3,2,4.150897619720806,4.037973971306523,0.1129236484142826,1,1,,1,71ca18ef45362df7571766eb154273cfa8fc6ce2083850247e9c4eed3f3f18b1,71ca18ef45362df7571766eb154273cfa8fc6ce2083850247e9c4eed3f3f18b1,e231118473392e037bf120fa574fd535838a000871a8d92178aa343e73285c53,/home/exouser/FORTE/gnp_style_continuous_20260830_125107/collection_long2/P5S0C_BRANCH_TELEMETRY/p5s0c_train_t0_r01_s5101_mid_mu0.592177_GNP_S3_F4p15089762_R2_F4.1509_trajectory.csv,1,,0
p5s0c_train_t0_r01_s5101_mid_mu0.592177_GNP_S4_F4p37963403_R1_F4.37963,p5s0c_train_t0_r01_s5101_mid_mu0.592177,p5s0c_train_t0_root01_s5101,0,MID,0.5921771020907431,4,1,4.379634025984292,4.277613193173952,0.10202083281034025,1,1,,1,71ca18ef45362df7571766eb154273cfa8fc6ce2083850247e9c4eed3f3f18b1,71ca18ef45362df7571766eb154273cfa8fc6ce2083850247e9c4eed3f3f18b1,e231118473392e037bf120fa574fd535838a000871a8d92178aa343e73285c53,/home/exouser/FORTE/gnp_style_continuous_20260830_125107/collection_long2/P5S0C_BRANCH_TELEMETRY/p5s0c_train_t0_r01_s5101_mid_mu0.592177_GNP_S4_F4p37963403_R1_F4.37963_trajectory.csv,1,,0
p5s0c_train_t0_r01_s5101_mid_mu0.592177_GNP_S4_F4p37963403_R2_F4.37963,p5s0c_train_t0_r01_s5101_mid_mu0.592177,p5s0c_train_t0_root01_s5101,0,MID,0.5921771020907431,4,2,4.379634025984292,4.277589779865893,0.10204424611839968,1,1,,1,71ca18ef45362df7571766eb154273cfa8fc6ce2083850247e9c4eed3f3f18b1,71ca18ef45362df7571766eb154273cfa8fc6ce2083850247e9c4eed3f3f18b1,e231118473392e037bf120fa574fd535838a000871a8d92178aa343e73285c53,/home/exouser/FORTE/gnp_style_continuous_20260830_125107/collection_long2/P5S0C_BRANCH_TELEMETRY/p5s0c_train_t0_r01_s5101_mid_mu0.592177_GNP_S4_F4p37963403_R2_F4.37963_trajectory.csv,1,,0
p5s0c_train_t0_r01_s5101_mid_mu0.592177_GNP_S5_F4p73098981_R1_F4.73099,p5s0c_train_t0_r01_s5101_mid_mu0.592177,p5s0c_train_t0_root01_s5101,0,MID,0.5921771020907431,5,1,4.730989807622448,4.68984681443323,0.04114299318921777,1,1,,1,71ca18ef45362df7571766eb154273cfa8fc6ce2083850247e9c4eed3f3f18b1,71ca18ef45362df7571766eb154273cfa8fc6ce2083850247e9c4eed3f3f18b1,e231118473392e037bf120fa574fd535838a000871a8d92178aa343e73285c53,/home/exouser/FORTE/gnp_style_continuous_20260830_125107/collection_long2/P5S0C_BRANCH_TELEMETRY/p5s0c_train_t0_r01_s5101_mid_mu0.592177_GNP_S5_F4p73098981_R1_F4.73099_trajectory.csv,1,,0
p5s0c_train_t0_r01_s5101_mid_mu0.592177_GNP_S5_F4p73098981_R2_F4.73099,p5s0c_train_t0_r01_s5101_mid_mu0.592177,p5s0c_train_t0_root01_s5101,0,MID,0.5921771020907431,5,2,4.730989807622448,4.674189229554768,0.05680057806767991,1,1,,1,71ca18ef45362df7571766eb154273cfa8fc6ce2083850247e9c4eed3f3f18b1,71ca18ef45362df7571766eb154273cfa8fc6ce2083850247e9c4eed3f3f18b1,e231118473392e037bf120fa574fd535838a000871a8d92178aa343e73285c53,/home/exouser/FORTE/gnp_style_continuous_20260830_125107/collection_long2/P5S0C_BRANCH_TELEMETRY/p5s0c_train_t0_r01_s5101_mid_mu0.592177_GNP_S5_F4p73098981_R2_F4.73099_trajectory.csv,1,,0
p5s0c_train_t0_r02_s5102_high_mu0.974655_GNP_S1_F3p19078548_R1_F3.19079,p5s0c_train_t0_r02_s5102_high_mu0.974655,p5s0c_train_t0_root02_s5102,0,HIGH,0.9746549647633304,1,1,3.1907854798487083,2.838158506613511,0.3526269732351972,1,1,,1,8a23ff49f04e7d58158047651bcf643f7cb8a0a6344394d45132a4ca6128f4e8,8a23ff49f04e7d58158047651bcf643f7cb8a0a6344394d45132a4ca6128f4e8,9a9285dfc8b3054eebe2aea1c2a212b4f57d8ba433d7886354c002bcaaeec55b,/home/exouser/FORTE/gnp_style_continuous_20260830_125107/collection_long2/P5S0C_BRANCH_TELEMETRY/p5s0c_train_t0_r02_s5102_high_mu0.974655_GNP_S1_F3p19078548_R1_F3.19079_trajectory.csv,1,,0
p5s0c_train_t0_r02_s5102_high_mu0.974655_GNP_S1_F3p19078548_R2_F3.19079,p5s0c_train_t0_r02_s5102_high_mu0.974655,p5s0c_train_t0_root02_s5102,0,HIGH,0.9746549647633304,1,2,3.1907854798487083,5.103098544646979e-25,3.1907854798487083,1,0,full_task_failure,1,8a23ff49f04e7d58158047651bcf643f7cb8a0a6344394d45132a4ca6128f4e8,8a23ff49f04e7d58158047651bcf643f7cb8a0a6344394d45132a4ca6128f4e8,9a9285dfc8b3054eebe2aea1c2a212b4f57d8ba433d7886354c002bcaaeec55b,/home/exouser/FORTE/gnp_style_continuous_20260830_125107/collection_long2/P5S0C_BRANCH_TELEMETRY/p5s0c_train_t0_r02_s5102_high_mu0.974655_GNP_S1_F3p19078548_R2_F3.19079_trajectory.csv,1,,0
p5s0c_train_t0_r02_s5102_high_mu0.974655_GNP_S2_F3p40087622_R1_F3.40088,p5s0c_train_t0_r02_s5102_high_mu0.974655,p5s0c_train_t0_root02_s5102,0,HIGH,0.9746549647633304,2,1,3.4008762237416743,3.0881927563593936,0.3126834673822807,1,1,,1,8a23ff49f04e7d58158047651bcf643f7cb8a0a6344394d45132a4ca6128f4e8,8a23ff49f04e7d58158047651bcf643f7cb8a0a6344394d45132a4ca6128f4e8,9a9285dfc8b3054eebe2aea1c2a212b4f57d8ba433d7886354c002bcaaeec55b,/home/exouser/FORTE/gnp_style_continuous_20260830_125107/collection_long2/P5S0C_BRANCH_TELEMETRY/p5s0c_train_t0_r02_s5102_high_mu0.974655_GNP_S2_F3p40087622_R1_F3.40088_trajectory.csv,1,,0
p5s0c_train_t0_r02_s5102_high_mu0.974655_GNP_S2_F3p40087622_R2_F3.40088,p5s0c_train_t0_r02_s5102_high_mu0.974655,p5s0c_train_t0_root02_s5102,0,HIGH,0.9746549647633304,2,2,3.4008762237416743,4.2895294003600924e-20,3.4008762237416743,1,0,full_task_failure,1,8a23ff49f04e7d58158047651bcf643f7cb8a0a6344394d45132a4ca6128f4e8,8a23ff49f04e7d58158047651bcf643f7cb8a0a6344394d45132a4ca6128f4e8,9a9285dfc8b3054eebe2aea1c2a212b4f57d8ba433d7886354c002bcaaeec55b,/home/exouser/FORTE/gnp_style_continuous_20260830_125107/collection_long2/P5S0C_BRANCH_TELEMETRY/p5s0c_train_t0_r02_s5102_high_mu0.974655_GNP_S2_F3p40087622_R2_F3.40088_trajectory.csv,1,,0
p5s0c_train_t0_r02_s5102_high_mu0.974655_GNP_S3_F4p19321221_R1_F4.19321,p5s0c_train_t0_r02_s5102_high_mu0.974655,p5s0c_train_t0_root02_s5102,0,HIGH,0.9746549647633304,3,1,4.193212205714488,4.057348263569367,0.13586394214512065,1,1,,1,8a23ff49f04e7d58158047651bcf643f7cb8a0a6344394d45132a4ca6128f4e8,8a23ff49f04e7d58158047651bcf643f7cb8a0a6344394d45132a4ca6128f4e8,9a9285dfc8b3054eebe2aea1c2a212b4f57d8ba433d7886354c002bcaaeec55b,/home/exouser/FORTE/gnp_style_continuous_20260830_125107/collection_long2/P5S0C_BRANCH_TELEMETRY/p5s0c_train_t0_r02_s5102_high_mu0.974655_GNP_S3_F4p19321221_R1_F4.19321_trajectory.csv,1,,0
p5s0c_train_t0_r02_s5102_high_mu0.974655_GNP_S3_F4p19321221_R2_F4.19321,p5s0c_train_t0_r02_s5102_high_mu0.974655,p5s0c_train_t0_root02_s5102,0,HIGH,0.9746549647633304,3,2,4.193212205714488,4.23770732146043,0.044495115745942115,1,1,,1,8a23ff49f04e7d58158047651bcf643f7cb8a0a6344394d45132a4ca6128f4e8,8a23ff49f04e7d58158047651bcf643f7cb8a0a6344394d45132a4ca6128f4e8,9a9285dfc8b3054eebe2aea1c2a212b4f57d8ba433d7886354c002bcaaeec55b,/home/exouser/FORTE/gnp_style_continuous_20260830_125107/collection_long2/P5S0C_BRANCH_TELEMETRY/p5s0c_train_t0_r02_s5102_high_mu0.974655_GNP_S3_F4p19321221_R2_F4.19321_trajectory.csv,1,,0
p5s0c_train_t0_r02_s5102_high_mu0.974655_GNP_S4_F4p42861049_R1_F4.42861,p5s0c_train_t0_r02_s5102_high_mu0.974655,p5s0c_train_t0_root02_s5102,0,HIGH,0.9746549647633304,4,1,4.428610485412011,4.501140918487158,0.07253043307514684,1,1,,1,8a23ff49f04e7d58158047651bcf643f7cb8a0a6344394d45132a4ca6128f4e8,8a23ff49f04e7d58158047651bcf643f7cb8a0a6344394d45132a4ca6128f4e8,9a9285dfc8b3054eebe2aea1c2a212b4f57d8ba433d7886354c002bcaaeec55b,/home/exouser/FORTE/gnp_style_continuous_20260830_125107/collection_long2/P5S0C_BRANCH_TELEMETRY/p5s0c_train_t0_r02_s5102_high_mu0.974655_GNP_S4_F4p42861049_R1_F4.42861_trajectory.csv,1,,0
p5s0c_train_t0_r02_s5102_high_mu0.974655_GNP_S4_F4p42861049_R2_F4.42861,p5s0c_train_t0_r02_s5102_high_mu0.974655,p5s0c_train_t0_root02_s5102,0,HIGH,0.9746549647633304,4,2,4.428610485412011,4.501605290632981,0.07299480522097035,1,1,,1,8a23ff49f04e7d58158047651bcf643f7cb8a0a6344394d45132a4ca6128f4e8,8a23ff49f04e7d58158047651bcf643f7cb8a0a6344394d45132a4ca6128f4e8,9a9285dfc8b3054eebe2aea1c2a212b4f57d8ba433d7886354c002bcaaeec55b,/home/exouser/FORTE/gnp_style_continuous_20260830_125107/collection_long2/P5S0C_BRANCH_TELEMETRY/p5s0c_train_t0_r02_s5102_high_mu0.974655_GNP_S4_F4p42861049_R2_F4.42861_trajectory.csv,1,,0
p5s0c_train_t0_r02_s5102_high_mu0.974655_GNP_S5_F4p61214625_R1_F4.61215,p5s0c_train_t0_r02_s5102_high_mu0.974655,p5s0c_train_t0_root02_s5102,0,HIGH,0.9746549647633304,5,1,4.612146250360485,4.562023175068391,0.05012307529209448,1,1,,1,8a23ff49f04e7d58158047651bcf643f7cb8a0a6344394d45132a4ca6128f4e8,8a23ff49f04e7d58158047651bcf643f7cb8a0a6344394d45132a4ca6128f4e8,9a9285dfc8b3054eebe2aea1c2a212b4f57d8ba433d7886354c002bcaaeec55b,/home/exouser/FORTE/gnp_style_continuous_20260830_125107/collection_long2/P5S0C_BRANCH_TELEMETRY/p5s0c_train_t0_r02_s5102_high_mu0.974655_GNP_S5_F4p61214625_R1_F4.61215_trajectory.csv,1,,0
p5s0c_train_t0_r02_s5102_high_mu0.974655_GNP_S5_F4p61214625_R2_F4.61215,p5s0c_train_t0_r02_s5102_high_mu0.974655,p5s0c_train_t0_root02_s5102,0,HIGH,0.9746549647633304,5,2,4.612146250360485,4.616461772185105,0.004315521824620028,1,1,,1,8a23ff49f04e7d58158047651bcf643f7cb8a0a6344394d45132a4ca6128f4e8,8a23ff49f04e7d58158047651bcf643f7cb8a0a6344394d45132a4ca6128f4e8,9a9285dfc8b3054eebe2aea1c2a212b4f57d8ba433d7886354c002bcaaeec55b,/home/exouser/FORTE/gnp_style_continuous_20260830_125107/collection_long2/P5S0C_BRANCH_TELEMETRY/p5s0c_train_t0_r02_s5102_high_mu0.974655_GNP_S5_F4p61214625_R2_F4.61215_trajectory.csv,1,,0
p5s0c_train_t0_r02_s5102_low_mu0.285139_GNP_S1_F3p3044452_R1_F3.30445,p5s0c_train_t0_r02_s5102_low_mu0.285139,p5s0c_train_t0_root02_s5102,0,LOW,0.2851387636485543,1,1,3.304445199870345,1.3417883135901425e-19,3.304445199870345,1,0,full_task_failure,1,de885ae09048651d7dca1333bb7392cdade89cf376c4602af36184126fb827d6,de885ae09048651d7dca1333bb7392cdade89cf376c4602af36184126fb827d6,6e947ee89a51714ab94fef32f823a519f872cb723c31e6eb65d27665ae216974,/home/exouser/FORTE/gnp_style_continuous_20260830_125107/collection_long2/P5S0C_BRANCH_TELEMETRY/p5s0c_train_t0_r02_s5102_low_mu0.285139_GNP_S1_F3p3044452_R1_F3.30445_trajectory.csv,1,,0
p5s0c_train_t0_r02_s5102_low_mu0.285139_GNP_S1_F3p3044452_R2_F3.30445,p5s0c_train_t0_r02_s5102_low_mu0.285139,p5s0c_train_t0_root02_s5102,0,LOW,0.2851387636485543,1,2,3.304445199870345,2.510910328916268e-19,3.304445199870345,1,0,full_task_failure,1,de885ae09048651d7dca1333bb7392cdade89cf376c4602af36184126fb827d6,de885ae09048651d7dca1333bb7392cdade89cf376c4602af36184126fb827d6,6e947ee89a51714ab94fef32f823a519f872cb723c31e6eb65d27665ae216974,/home/exouser/FORTE/gnp_style_continuous_20260830_125107/collection_long2/P5S0C_BRANCH_TELEMETRY/p5s0c_train_t0_r02_s5102_low_mu0.285139_GNP_S1_F3p3044452_R2_F3.30445_trajectory.csv,1,,0
p5s0c_train_t0_r02_s5102_low_mu0.285139_GNP_S2_F3p48457078_R1_F3.48457,p5s0c_train_t0_r02_s5102_low_mu0.285139,p5s0c_train_t0_root02_s5102,0,LOW,0.2851387636485543,2,1,3.484570775284657,1.9263921667332835e-05,3.48455151136299,1,0,full_task_failure,1,de885ae09048651d7dca1333bb7392cdade89cf376c4602af36184126fb827d6,de885ae09048651d7dca1333bb7392cdade89cf376c4602af36184126fb827d6,6e947ee89a51714ab94fef32f823a519f872cb723c31e6eb65d27665ae216974,/home/exouser/FORTE/gnp_style_continuous_20260830_125107/collection_long2/P5S0C_BRANCH_TELEMETRY/p5s0c_train_t0_r02_s5102_low_mu0.285139_GNP_S2_F3p48457078_R1_F3.48457_trajectory.csv,1,,0
p5s0c_train_t0_r02_s5102_low_mu0.285139_GNP_S2_F3p48457078_R2_F3.48457,p5s0c_train_t0_r02_s5102_low_mu0.285139,p5s0c_train_t0_root02_s5102,0,LOW,0.2851387636485543,2,2,3.484570775284657,2.32049812746692e-14,3.484570775284634,1,0,full_task_failure,1,de885ae09048651d7dca1333bb7392cdade89cf376c4602af36184126fb827d6,de885ae09048651d7dca1333bb7392cdade89cf376c4602af36184126fb827d6,6e947ee89a51714ab94fef32f823a519f872cb723c31e6eb65d27665ae216974,/home/exouser/FORTE/gnp_style_continuous_20260830_125107/collection_long2/P5S0C_BRANCH_TELEMETRY/p5s0c_train_t0_r02_s5102_low_mu0.285139_GNP_S2_F3p48457078_R2_F3.48457_trajectory.csv,1,,0
p5s0c_train_t0_r02_s5102_low_mu0.285139_GNP_S3_F4p19121997_R1_F4.19122,p5s0c_train_t0_r02_s5102_low_mu0.285139,p5s0c_train_t0_root02_s5102,0,LOW,0.2851387636485543,3,1,4.191219974510905,3.964405429668916,0.22681454484198893,1,1,,1,de885ae09048651d7dca1333bb7392cdade89cf376c4602af36184126fb827d6,de885ae09048651d7dca1333bb7392cdade89cf376c4602af36184126fb827d6,6e947ee89a51714ab94fef32f823a519f872cb723c31e6eb65d27665ae216974,/home/exouser/FORTE/gnp_style_continuous_20260830_125107/collection_long2/P5S0C_BRANCH_TELEMETRY/p5s0c_train_t0_r02_s5102_low_mu0.285139_GNP_S3_F4p19121997_R1_F4.19122_trajectory.csv,1,,0
p5s0c_train_t0_r02_s5102_low_mu0.285139_GNP_S3_F4p19121997_R2_F4.19122,p5s0c_train_t0_r02_s5102_low_mu0.285139,p5s0c_train_t0_root02_s5102,0,LOW,0.2851387636485543,3,2,4.191219974510905,3.965785029606941,0.22543494490396432,1,1,,1,de885ae09048651d7dca1333bb7392cdade89cf376c4602af36184126fb827d6,de885ae09048651d7dca1333bb7392cdade89cf376c4602af36184126fb827d6,6e947ee89a51714ab94fef32f823a519f872cb723c31e6eb65d27665ae216974,/home/exouser/FORTE/gnp_style_continuous_20260830_125107/collection_long2/P5S0C_BRANCH_TELEMETRY/p5s0c_train_t0_r02_s5102_low_mu0.285139_GNP_S3_F4p19121997_R2_F4.19122_trajectory.csv,1,,0
p5s0c_train_t0_r02_s5102_low_mu0.285139_GNP_S4_F4p53748219_R1_F4.53748,p5s0c_train_t0_r02_s5102_low_mu0.285139,p5s0c_train_t0_root02_s5102,0,LOW,0.2851387636485543,4,1,4.53748219249262,4.336752115151821,0.20073007734079873,1,1,,1,de885ae09048651d7dca1333bb7392cdade89cf376c4602af36184126fb827d6,de885ae09048651d7dca1333bb7392cdade89cf376c4602af36184126fb827d6,6e947ee89a51714ab94fef32f823a519f872cb723c31e6eb65d27665ae216974,/home/exouser/FORTE/gnp_style_continuous_20260830_125107/collection_long2/P5S0C_BRANCH_TELEMETRY/p5s0c_train_t0_r02_s5102_low_mu0.285139_GNP_S4_F4p53748219_R1_F4.53748_trajectory.csv,1,,0
p5s0c_train_t0_r02_s5102_low_mu0.285139_GNP_S4_F4p53748219_R2_F4.53748,p5s0c_train_t0_r02_s5102_low_mu0.285139,p5s0c_train_t0_root02_s5102,0,LOW,0.2851387636485543,4,2,4.53748219249262,4.3341785333095455,0.20330365918307436,1,1,,1,de885ae09048651d7dca1333bb7392cdade89cf376c4602af36184126fb827d6,de885ae09048651d7dca1333bb7392cdade89cf376c4602af36184126fb827d6,6e947ee89a51714ab94fef32f823a519f872cb723c31e6eb65d27665ae216974,/home/exouser/FORTE/gnp_style_continuous_20260830_125107/collection_long2/P5S0C_BRANCH_TELEMETRY/p5s0c_train_t0_r02_s5102_low_mu0.285139_GNP_S4_F4p53748219_R2_F4.53748_trajectory.csv,1,,0
p5s0c_train_t0_r02_s5102_low_mu0.285139_GNP_S5_F4p7841609_R1_F4.78416,p5s0c_train_t0_r02_s5102_low_mu0.285139,p5s0c_train_t0_root02_s5102,0,LOW,0.2851387636485543,5,1,4.78416089893309,4.59154313038557,0.1926177685475201,1,1,,1,de885ae09048651d7dca1333bb7392cdade89cf376c4602af36184126fb827d6,de885ae09048651d7dca1333bb7392cdade89cf376c4602af36184126fb827d6,6e947ee89a51714ab94fef32f823a519f872cb723c31e6eb65d27665ae216974,/home/exouser/FORTE/gnp_style_continuous_20260830_125107/collection_long2/P5S0C_BRANCH_TELEMETRY/p5s0c_train_t0_r02_s5102_low_mu0.285139_GNP_S5_F4p7841609_R1_F4.78416_trajectory.csv,1,,0
p5s0c_train_t0_r02_s5102_low_mu0.285139_GNP_S5_F4p7841609_R2_F4.78416,p5s0c_train_t0_r02_s5102_low_mu0.285139,p5s0c_train_t0_root02_s5102,0,LOW,0.2851387636485543,5,2,4.78416089893309,4.594806175965529,0.18935472296756028,1,1,,1,de885ae09048651d7dca1333bb7392cdade89cf376c4602af36184126fb827d6,de885ae09048651d7dca1333bb7392cdade89cf376c4602af36184126fb827d6,6e947ee89a51714ab94fef32f823a519f872cb723c31e6eb65d27665ae216974,/home/exouser/FORTE/gnp_style_continuous_20260830_125107/collection_long2/P5S0C_BRANCH_TELEMETRY/p5s0c_train_t0_r02_s5102_low_mu0.285139_GNP_S5_F4p7841609_R2_F4.78416_trajectory.csv,1,,0
p5s0c_train_t0_r02_s5102_mid_mu0.571550_GNP_S1_F3p30178673_R1_F3.30179,p5s0c_train_t0_r02_s5102_mid_mu0.571550,p5s0c_train_t0_root02_s5102,0,MID,0.5715496239149224,1,1,3.301786731255919,2.946357794297047,0.3554289369588717,1,1,,1,c49ba52e9c9ce0de49137353d8557d4fc5def9ac167619c00fe9602b32da9d59,c49ba52e9c9ce0de49137353d8557d4fc5def9ac167619c00fe9602b32da9d59,d03fe99ee225ebbf29eceb8b926d93452b18f1eeb3ec243c8871932536102721,/home/exouser/FORTE/gnp_style_continuous_20260830_125107/collection_long2/P5S0C_BRANCH_TELEMETRY/p5s0c_train_t0_r02_s5102_mid_mu0.571550_GNP_S1_F3p30178673_R1_F3.30179_trajectory.csv,1,,0
p5s0c_train_t0_r02_s5102_mid_mu0.571550_GNP_S1_F3p30178673_R2_F3.30179,p5s0c_train_t0_r02_s5102_mid_mu0.571550,p5s0c_train_t0_root02_s5102,0,MID,0.5715496239149224,1,2,3.301786731255919,2.9400911453442697,0.3616955859116491,1,1,,1,c49ba52e9c9ce0de49137353d8557d4fc5def9ac167619c00fe9602b32da9d59,c49ba52e9c9ce0de49137353d8557d4fc5def9ac167619c00fe9602b32da9d59,d03fe99ee225ebbf29eceb8b926d93452b18f1eeb3ec243c8871932536102721,/home/exouser/FORTE/gnp_style_continuous_20260830_125107/collection_long2/P5S0C_BRANCH_TELEMETRY/p5s0c_train_t0_r02_s5102_mid_mu0.571550_GNP_S1_F3p30178673_R2_F3.30179_trajectory.csv,1,,0
p5s0c_train_t0_r02_s5102_mid_mu0.571550_GNP_S2_F3p42342385_R1_F3.42342,p5s0c_train_t0_r02_s5102_mid_mu0.571550,p5s0c_train_t0_root02_s5102,0,MID,0.5715496239149224,2,1,3.4234238505617176,3.129141789216262,0.29428206134545576,1,1,,1,c49ba52e9c9ce0de49137353d8557d4fc5def9ac167619c00fe9602b32da9d59,c49ba52e9c9ce0de49137353d8557d4fc5def9ac167619c00fe9602b32da9d59,d03fe99ee225ebbf29eceb8b926d93452b18f1eeb3ec243c8871932536102721,/home/exouser/FORTE/gnp_style_continuous_20260830_125107/collection_long2/P5S0C_BRANCH_TELEMETRY/p5s0c_train_t0_r02_s5102_mid_mu0.571550_GNP_S2_F3p42342385_R1_F3.42342_trajectory.csv,1,,0
p5s0c_train_t0_r02_s5102_mid_mu0.571550_GNP_S2_F3p42342385_R2_F3.42342,p5s0c_train_t0_r02_s5102_mid_mu0.571550,p5s0c_train_t0_root02_s5102,0,MID,0.5715496239149224,2,2,3.4234238505617176,3.1249702343573937,0.29845361620432387,1,1,,1,c49ba52e9c9ce0de49137353d8557d4fc5def9ac167619c00fe9602b32da9d59,c49ba52e9c9ce0de49137353d8557d4fc5def9ac167619c00fe9602b32da9d59,d03fe99ee225ebbf29eceb8b926d93452b18f1eeb3ec243c8871932536102721,/home/exouser/FORTE/gnp_style_continuous_20260830_125107/collection_long2/P5S0C_BRANCH_TELEMETRY/p5s0c_train_t0_r02_s5102_mid_mu0.571550_GNP_S2_F3p42342385_R2_F3.42342_trajectory.csv,1,,0
p5s0c_train_t0_r02_s5102_mid_mu0.571550_GNP_S3_F3p91523791_R1_F3.91524,p5s0c_train_t0_r02_s5102_mid_mu0.571550,p5s0c_train_t0_root02_s5102,0,MID,0.5715496239149224,3,1,3.915237914902276,3.652444050862239,0.26279386404003713,1,1,,1,c49ba52e9c9ce0de49137353d8557d4fc5def9ac167619c00fe9602b32da9d59,c49ba52e9c9ce0de49137353d8557d4fc5def9ac167619c00fe9602b32da9d59,d03fe99ee225ebbf29eceb8b926d93452b18f1eeb3ec243c8871932536102721,/home/exouser/FORTE/gnp_style_continuous_20260830_125107/collection_long2/P5S0C_BRANCH_TELEMETRY/p5s0c_train_t0_r02_s5102_mid_mu0.571550_GNP_S3_F3p91523791_R1_F3.91524_trajectory.csv,1,,0
p5s0c_train_t0_r02_s5102_mid_mu0.571550_GNP_S3_F3p91523791_R2_F3.91524,p5s0c_train_t0_r02_s5102_mid_mu0.571550,p5s0c_train_t0_root02_s5102,0,MID,0.5715496239149224,3,2,3.915237914902276,3.6533677058342175,0.26187020906805847,1,1,,1,c49ba52e9c9ce0de49137353d8557d4fc5def9ac167619c00fe9602b32da9d59,c49ba52e9c9ce0de49137353d8557d4fc5def9ac167619c00fe9602b32da9d59,d03fe99ee225ebbf29eceb8b926d93452b18f1eeb3ec243c8871932536102721,/home/exouser/FORTE/gnp_style_continuous_20260830_125107/collection_long2/P5S0C_BRANCH_TELEMETRY/p5s0c_train_t0_r02_s5102_mid_mu0.571550_GNP_S3_F3p91523791_R2_F3.91524_trajectory.csv,1,,0
p5s0c_train_t0_r02_s5102_mid_mu0.571550_GNP_S4_F4p56160169_R1_F4.5616,p5s0c_train_t0_r02_s5102_mid_mu0.571550,p5s0c_train_t0_root02_s5102,0,MID,0.5715496239149224,4,1,4.561601689584602,4.419130306977492,0.14247138260711,1,1,,1,c49ba52e9c9ce0de49137353d8557d4fc5def9ac167619c00fe9602b32da9d59,c49ba52e9c9ce0de49137353d8557d4fc5def9ac167619c00fe9602b32da9d59,d03fe99ee225ebbf29eceb8b926d93452b18f1eeb3ec243c8871932536102721,/home/exouser/FORTE/gnp_style_continuous_20260830_125107/collection_long2/P5S0C_BRANCH_TELEMETRY/p5s0c_train_t0_r02_s5102_mid_mu0.571550_GNP_S4_F4p56160169_R1_F4.5616_trajectory.csv,1,,0
p5s0c_train_t0_r02_s5102_mid_mu0.571550_GNP_S4_F4p56160169_R2_F4.5616,p5s0c_train_t0_r02_s5102_mid_mu0.571550,p5s0c_train_t0_root02_s5102,0,MID,0.5715496239149224,4,2,4.561601689584602,4.418767666205381,0.1428340233792209,1,1,,1,c49ba52e9c9ce0de49137353d8557d4fc5def9ac167619c00fe9602b32da9d59,c49ba52e9c9ce0de49137353d8557d4fc5def9ac167619c00fe9602b32da9d59,d03fe99ee225ebbf29eceb8b926d93452b18f1eeb3ec243c8871932536102721,/home/exouser/FORTE/gnp_style_continuous_20260830_125107/collection_long2/P5S0C_BRANCH_TELEMETRY/p5s0c_train_t0_r02_s5102_mid_mu0.571550_GNP_S4_F4p56160169_R2_F4.5616_trajectory.csv,1,,0
p5s0c_train_t0_r02_s5102_mid_mu0.571550_GNP_S5_F4p61597535_R1_F4.61598,p5s0c_train_t0_r02_s5102_mid_mu0.571550,p5s0c_train_t0_root02_s5102,0,MID,0.5715496239149224,5,1,4.615975345568856,4.481499042266455,0.13447630330240123,1,1,,1,c49ba52e9c9ce0de49137353d8557d4fc5def9ac167619c00fe9602b32da9d59,c49ba52e9c9ce0de49137353d8557d4fc5def9ac167619c00fe9602b32da9d59,d03fe99ee225ebbf29eceb8b926d93452b18f1eeb3ec243c8871932536102721,/home/exouser/FORTE/gnp_style_continuous_20260830_125107/collection_long2/P5S0C_BRANCH_TELEMETRY/p5s0c_train_t0_r02_s5102_mid_mu0.571550_GNP_S5_F4p61597535_R1_F4.61598_trajectory.csv,1,,0
p5s0c_train_t0_r02_s5102_mid_mu0.571550_GNP_S5_F4p61597535_R2_F4.61598,p5s0c_train_t0_r02_s5102_mid_mu0.571550,p5s0c_train_t0_root02_s5102,0,MID,0.5715496239149224,5,2,4.615975345568856,4.481383653787466,0.13459169178138986,1,1,,1,c49ba52e9c9ce0de49137353d8557d4fc5def9ac167619c00fe9602b32da9d59,c49ba52e9c9ce0de49137353d8557d4fc5def9ac167619c00fe9602b32da9d59,d03fe99ee225ebbf29eceb8b926d93452b18f1eeb3ec243c8871932536102721,/home/exouser/FORTE/gnp_style_continuous_20260830_125107/collection_long2/P5S0C_BRANCH_TELEMETRY/p5s0c_train_t0_r02_s5102_mid_mu0.571550_GNP_S5_F4p61597535_R2_F4.61598_trajectory.csv,1,,0
p5s0c_train_t0_r03_s5103_high_mu0.970453_GNP_S1_F3p39786968_R1_F3.39787,p5s0c_train_t0_r03_s5103_high_mu0.970453,p5s0c_train_t0_root03_s5103,0,HIGH,0.9704531443351276,1,1,3.397869680808585,3.057067892490289,0.3408017883182959,1,1,,1,2274c0dcc06aad6eead0a83d0d24eb47bba14ba2383fb754d4296092a8468487,2274c0dcc06aad6eead0a83d0d24eb47bba14ba2383fb754d4296092a8468487,7abab8c32b10010e49f6194ea3f86d43d6ddfd25302192e700b9a9464814a7d8,/home/exouser/FORTE/gnp_style_continuous_20260830_125107/collection_long2/P5S0C_BRANCH_TELEMETRY/p5s0c_train_t0_r03_s5103_high_mu0.970453_GNP_S1_F3p39786968_R1_F3.39787_trajectory.csv,1,,0
p5s0c_train_t0_r03_s5103_high_mu0.970453_GNP_S1_F3p39786968_R2_F3.39787,p5s0c_train_t0_r03_s5103_high_mu0.970453,p5s0c_train_t0_root03_s5103,0,HIGH,0.9704531443351276,1,2,3.397869680808585,9.393698174212233e-16,3.397869680808584,1,0,full_task_failure,1,2274c0dcc06aad6eead0a83d0d24eb47bba14ba2383fb754d4296092a8468487,2274c0dcc06aad6eead0a83d0d24eb47bba14ba2383fb754d4296092a8468487,7abab8c32b10010e49f6194ea3f86d43d6ddfd25302192e700b9a9464814a7d8,/home/exouser/FORTE/gnp_style_continuous_20260830_125107/collection_long2/P5S0C_BRANCH_TELEMETRY/p5s0c_train_t0_r03_s5103_high_mu0.970453_GNP_S1_F3p39786968_R2_F3.39787_trajectory.csv,1,,0
p5s0c_train_t0_r03_s5103_high_mu0.970453_GNP_S2_F3p66458046_R1_F3.66458,p5s0c_train_t0_r03_s5103_high_mu0.970453,p5s0c_train_t0_root03_s5103,0,HIGH,0.9704531443351276,2,1,3.664580459263028,3.448844490907131,0.2157359683558968,1,1,,1,2274c0dcc06aad6eead0a83d0d24eb47bba14ba2383fb754d4296092a8468487,2274c0dcc06aad6eead0a83d0d24eb47bba14ba2383fb754d4296092a8468487,7abab8c32b10010e49f6194ea3f86d43d6ddfd25302192e700b9a9464814a7d8,/home/exouser/FORTE/gnp_style_continuous_20260830_125107/collection_long2/P5S0C_BRANCH_TELEMETRY/p5s0c_train_t0_r03_s5103_high_mu0.970453_GNP_S2_F3p66458046_R1_F3.66458_trajectory.csv,1,,0
p5s0c_train_t0_r03_s5103_high_mu0.970453_GNP_S2_F3p66458046_R2_F3.66458,p5s0c_train_t0_r03_s5103_high_mu0.970453,p5s0c_train_t0_root03_s5103,0,HIGH,0.9704531443351276,2,2,3.664580459263028,3.454174295449868,0.2104061638131598,1,1,,1,2274c0dcc06aad6eead0a83d0d24eb47bba14ba2383fb754d4296092a8468487,2274c0dcc06aad6eead0a83d0d24eb47bba14ba2383fb754d4296092a8468487,7abab8c32b10010e49f6194ea3f86d43d6ddfd25302192e700b9a9464814a7d8,/home/exouser/FORTE/gnp_style_continuous_20260830_125107/collection_long2/P5S0C_BRANCH_TELEMETRY/p5s0c_train_t0_r03_s5103_high_mu0.970453_GNP_S2_F3p66458046_R2_F3.66458_trajectory.csv,1,,0
p5s0c_train_t0_r03_s5103_high_mu0.970453_GNP_S3_F4p19834912_R1_F4.19835,p5s0c_train_t0_r03_s5103_high_mu0.970453,p5s0c_train_t0_root03_s5103,0,HIGH,0.9704531443351276,3,1,4.198349120516071,4.071557836654859,0.12679128386121263,1,1,,1,2274c0dcc06aad6eead0a83d0d24eb47bba14ba2383fb754d4296092a8468487,2274c0dcc06aad6eead0a83d0d24eb47bba14ba2383fb754d4296092a8468487,7abab8c32b10010e49f6194ea3f86d43d6ddfd25302192e700b9a9464814a7d8,/home/exouser/FORTE/gnp_style_continuous_20260830_125107/collection_long2/P5S0C_BRANCH_TELEMETRY/p5s0c_train_t0_r03_s5103_high_mu0.970453_GNP_S3_F4p19834912_R1_F4.19835_trajectory.csv,1,,0
p5s0c_train_t0_r03_s5103_high_mu0.970453_GNP_S3_F4p19834912_R2_F4.19835,p5s0c_train_t0_r03_s5103_high_mu0.970453,p5s0c_train_t0_root03_s5103,0,HIGH,0.9704531443351276,3,2,4.198349120516071,4.076013534496992,0.12233558601907912,1,1,,1,2274c0dcc06aad6eead0a83d0d24eb47bba14ba2383fb754d4296092a8468487,2274c0dcc06aad6eead0a83d0d24eb47bba14ba2383fb754d4296092a8468487,7abab8c32b10010e49f6194ea3f86d43d6ddfd25302192e700b9a9464814a7d8,/home/exouser/FORTE/gnp_style_continuous_20260830_125107/collection_long2/P5S0C_BRANCH_TELEMETRY/p5s0c_train_t0_r03_s5103_high_mu0.970453_GNP_S3_F4p19834912_R2_F4.19835_trajectory.csv,1,,0
p5s0c_train_t0_r03_s5103_high_mu0.970453_GNP_S4_F4p2034845_R1_F4.20348,p5s0c_train_t0_r03_s5103_high_mu0.970453,p5s0c_train_t0_root03_s5103,0,HIGH,0.9704531443351276,4,1,4.203484502726651,4.0801483301016,0.12333617262505125,1,1,,1,2274c0dcc06aad6eead0a83d0d24eb47bba14ba2383fb754d4296092a8468487,2274c0dcc06aad6eead0a83d0d24eb47bba14ba2383fb754d4296092a8468487,7abab8c32b10010e49f6194ea3f86d43d6ddfd25302192e700b9a9464814a7d8,/home/exouser/FORTE/gnp_style_continuous_20260830_125107/collection_long2/P5S0C_BRANCH_TELEMETRY/p5s0c_train_t0_r03_s5103_high_mu0.970453_GNP_S4_F4p2034845_R1_F4.20348_trajectory.csv,1,,0
p5s0c_train_t0_r03_s5103_high_mu0.970453_GNP_S4_F4p2034845_R2_F4.20348,p5s0c_train_t0_r03_s5103_high_mu0.970453,p5s0c_train_t0_root03_s5103,0,HIGH,0.9704531443351276,4,2,4.203484502726651,4.080273686311184,0.12321081641546705,1,1,,1,2274c0dcc06aad6eead0a83d0d24eb47bba14ba2383fb754d4296092a8468487,2274c0dcc06aad6eead0a83d0d24eb47bba14ba2383fb754d4296092a8468487,7abab8c32b10010e49f6194ea3f86d43d6ddfd25302192e700b9a9464814a7d8,/home/exouser/FORTE/gnp_style_continuous_20260830_125107/collection_long2/P5S0C_BRANCH_TELEMETRY/p5s0c_train_t0_r03_s5103_high_mu0.970453_GNP_S4_F4p2034845_R2_F4.20348_trajectory.csv,1,,0
p5s0c_train_t0_r03_s5103_high_mu0.970453_GNP_S5_F4p92283654_R1_F4.92284,p5s0c_train_t0_r03_s5103_high_mu0.970453,p5s0c_train_t0_root03_s5103,0,HIGH,0.9704531443351276,5,1,4.922836541163274,4.995708300517156,0.07287175935388124,1,1,,1,2274c0dcc06aad6eead0a83d0d24eb47bba14ba2383fb754d4296092a8468487,2274c0dcc06aad6eead0a83d0d24eb47bba14ba2383fb754d4296092a8468487,7abab8c32b10010e49f6194ea3f86d43d6ddfd25302192e700b9a9464814a7d8,/home/exouser/FORTE/gnp_style_continuous_20260830_125107/collection_long2/P5S0C_BRANCH_TELEMETRY/p5s0c_train_t0_r03_s5103_high_mu0.970453_GNP_S5_F4p92283654_R1_F4.92284_trajectory.csv,1,,0
p5s0c_train_t0_r03_s5103_high_mu0.970453_GNP_S5_F4p92283654_R2_F4.92284,p5s0c_train_t0_r03_s5103_high_mu0.970453,p5s0c_train_t0_root03_s5103,0,HIGH,0.9704531443351276,5,2,4.922836541163274,4.914333001161233,0.008503540002041454,1,1,,1,2274c0dcc06aad6eead0a83d0d24eb47bba14ba2383fb754d4296092a8468487,2274c0dcc06aad6eead0a83d0d24eb47bba14ba2383fb754d4296092a8468487,7abab8c32b10010e49f6194ea3f86d43d6ddfd25302192e700b9a9464814a7d8,/home/exouser/FORTE/gnp_style_continuous_20260830_125107/collection_long2/P5S0C_BRANCH_TELEMETRY/p5s0c_train_t0_r03_s5103_high_mu0.970453_GNP_S5_F4p92283654_R2_F4.92284_trajectory.csv,1,,0
p5s0c_train_t0_r03_s5103_low_mu0.233498_GNP_S1_F3p33365894_R1_F3.33366,p5s0c_train_t0_r03_s5103_low_mu0.233498,p5s0c_train_t0_root03_s5103,0,LOW,0.2334976939575435,1,1,3.333658936061876,1.2099746247912852e-18,3.333658936061876,1,0,full_task_failure,1,a094e005f3e18efa4911bedf83acfa31b4d977497daeb12e9d498f0c9f0d1903,a094e005f3e18efa4911bedf83acfa31b4d977497daeb12e9d498f0c9f0d1903,a0b1b3db527366b949fcd9b6c833f9e95e6675bd6869bb55386a84837521197b,/home/exouser/FORTE/gnp_style_continuous_20260830_125107/collection_long2/P5S0C_BRANCH_TELEMETRY/p5s0c_train_t0_r03_s5103_low_mu0.233498_GNP_S1_F3p33365894_R1_F3.33366_trajectory.csv,1,,0
p5s0c_train_t0_r03_s5103_low_mu0.233498_GNP_S1_F3p33365894_R2_F3.33366,p5s0c_train_t0_r03_s5103_low_mu0.233498,p5s0c_train_t0_root03_s5103,0,LOW,0.2334976939575435,1,2,3.333658936061876,1.9950479858346262e-19,3.333658936061876,1,0,full_task_failure,1,a094e005f3e18efa4911bedf83acfa31b4d977497daeb12e9d498f0c9f0d1903,a094e005f3e18efa4911bedf83acfa31b4d977497daeb12e9d498f0c9f0d1903,a0b1b3db527366b949fcd9b6c833f9e95e6675bd6869bb55386a84837521197b,/home/exouser/FORTE/gnp_style_continuous_20260830_125107/collection_long2/P5S0C_BRANCH_TELEMETRY/p5s0c_train_t0_r03_s5103_low_mu0.233498_GNP_S1_F3p33365894_R2_F3.33366_trajectory.csv,1,,0
p5s0c_train_t0_r03_s5103_low_mu0.233498_GNP_S2_F3p4688174_R1_F3.46882,p5s0c_train_t0_r03_s5103_low_mu0.233498,p5s0c_train_t0_root03_s5103,0,LOW,0.2334976939575435,2,1,3.46881739913406,1.6708074109294615e-09,3.4688173974632526,1,0,full_task_failure,1,a094e005f3e18efa4911bedf83acfa31b4d977497daeb12e9d498f0c9f0d1903,a094e005f3e18efa4911bedf83acfa31b4d977497daeb12e9d498f0c9f0d1903,a0b1b3db527366b949fcd9b6c833f9e95e6675bd6869bb55386a84837521197b,/home/exouser/FORTE/gnp_style_continuous_20260830_125107/collection_long2/P5S0C_BRANCH_TELEMETRY/p5s0c_train_t0_r03_s5103_low_mu0.233498_GNP_S2_F3p4688174_R1_F3.46882_trajectory.csv,1,,0
p5s0c_train_t0_r03_s5103_low_mu0.233498_GNP_S2_F3p4688174_R2_F3.46882,p5s0c_train_t0_r03_s5103_low_mu0.233498,p5s0c_train_t0_root03_s5103,0,LOW,0.2334976939575435,2,2,3.46881739913406,1.960824079579654e-18,3.46881739913406,1,0,full_task_failure,1,a094e005f3e18efa4911bedf83acfa31b4d977497daeb12e9d498f0c9f0d1903,a094e005f3e18efa4911bedf83acfa31b4d977497daeb12e9d498f0c9f0d1903,a0b1b3db527366b949fcd9b6c833f9e95e6675bd6869bb55386a84837521197b,/home/exouser/FORTE/gnp_style_continuous_20260830_125107/collection_long2/P5S0C_BRANCH_TELEMETRY/p5s0c_train_t0_r03_s5103_low_mu0.233498_GNP_S2_F3p4688174_R2_F3.46882_trajectory.csv,1,,0
p5s0c_train_t0_r03_s5103_low_mu0.233498_GNP_S3_F4p12272943_R1_F4.12273,p5s0c_train_t0_r03_s5103_low_mu0.233498,p5s0c_train_t0_root03_s5103,0,LOW,0.2334976939575435,3,1,4.122729430797518,2.9191153753962478e-08,4.122729401606365,1,0,full_task_failure,1,a094e005f3e18efa4911bedf83acfa31b4d977497daeb12e9d498f0c9f0d1903,a094e005f3e18efa4911bedf83acfa31b4d977497daeb12e9d498f0c9f0d1903,a0b1b3db527366b949fcd9b6c833f9e95e6675bd6869bb55386a84837521197b,/home/exouser/FORTE/gnp_style_continuous_20260830_125107/collection_long2/P5S0C_BRANCH_TELEMETRY/p5s0c_train_t0_r03_s5103_low_mu0.233498_GNP_S3_F4p12272943_R1_F4.12273_trajectory.csv,1,,0
p5s0c_train_t0_r03_s5103_low_mu0.233498_GNP_S3_F4p12272943_R2_F4.12273,p5s0c_train_t0_r03_s5103_low_mu0.233498,p5s0c_train_t0_root03_s5103,0,LOW,0.2334976939575435,3,2,4.122729430797518,4.398689750031319e-08,4.1227293868106205,1,0,full_task_failure,1,a094e005f3e18efa4911bedf83acfa31b4d977497daeb12e9d498f0c9f0d1903,a094e005f3e18efa4911bedf83acfa31b4d977497daeb12e9d498f0c9f0d1903,a0b1b3db527366b949fcd9b6c833f9e95e6675bd6869bb55386a84837521197b,/home/exouser/FORTE/gnp_style_continuous_20260830_125107/collection_long2/P5S0C_BRANCH_TELEMETRY/p5s0c_train_t0_r03_s5103_low_mu0.233498_GNP_S3_F4p12272943_R2_F4.12273_trajectory.csv,1,,0
p5s0c_train_t0_r03_s5103_low_mu0.233498_GNP_S4_F4p42316935_R1_F4.42317,p5s0c_train_t0_r03_s5103_low_mu0.233498,p5s0c_train_t0_root03_s5103,0,LOW,0.2334976939575435,4,1,4.423169348756639,4.289748662557358,0.1334206861992815,1,1,,1,a094e005f3e18efa4911bedf83acfa31b4d977497daeb12e9d498f0c9f0d1903,a094e005f3e18efa4911bedf83acfa31b4d977497daeb12e9d498f0c9f0d1903,a0b1b3db527366b949fcd9b6c833f9e95e6675bd6869bb55386a84837521197b,/home/exouser/FORTE/gnp_style_continuous_20260830_125107/collection_long2/P5S0C_BRANCH_TELEMETRY/p5s0c_train_t0_r03_s5103_low_mu0.233498_GNP_S4_F4p42316935_R1_F4.42317_trajectory.csv,1,,0
p5s0c_train_t0_r03_s5103_low_mu0.233498_GNP_S4_F4p42316935_R2_F4.42317,p5s0c_train_t0_r03_s5103_low_mu0.233498,p5s0c_train_t0_root03_s5103,0,LOW,0.2334976939575435,4,2,4.423169348756639,0.7757664683723254,3.647402880384314,1,0,full_task_failure,1,a094e005f3e18efa4911bedf83acfa31b4d977497daeb12e9d498f0c9f0d1903,a094e005f3e18efa4911bedf83acfa31b4d977497daeb12e9d498f0c9f0d1903,a0b1b3db527366b949fcd9b6c833f9e95e6675bd6869bb55386a84837521197b,/home/exouser/FORTE/gnp_style_continuous_20260830_125107/collection_long2/P5S0C_BRANCH_TELEMETRY/p5s0c_train_t0_r03_s5103_low_mu0.233498_GNP_S4_F4p42316935_R2_F4.42317_trajectory.csv,1,,0
p5s0c_train_t0_r03_s5103_low_mu0.233498_GNP_S5_F4p96047083_R1_F4.96047,p5s0c_train_t0_r03_s5103_low_mu0.233498,p5s0c_train_t0_root03_s5103,0,LOW,0.2334976939575435,5,1,4.960470832047788,4.876771608988444,0.08369922305934363,1,1,,1,a094e005f3e18efa4911bedf83acfa31b4d977497daeb12e9d498f0c9f0d1903,a094e005f3e18efa4911bedf83acfa31b4d977497daeb12e9d498f0c9f0d1903,a0b1b3db527366b949fcd9b6c833f9e95e6675bd6869bb55386a84837521197b,/home/exouser/FORTE/gnp_style_continuous_20260830_125107/collection_long2/P5S0C_BRANCH_TELEMETRY/p5s0c_train_t0_r03_s5103_low_mu0.233498_GNP_S5_F4p96047083_R1_F4.96047_trajectory.csv,1,,0
p5s0c_train_t0_r03_s5103_low_mu0.233498_GNP_S5_F4p96047083_R2_F4.96047,p5s0c_train_t0_r03_s5103_low_mu0.233498,p5s0c_train_t0_root03_s5103,0,LOW,0.2334976939575435,5,2,4.960470832047788,4.878779814793513,0.08169101725427463,1,1,,1,a094e005f3e18efa4911bedf83acfa31b4d977497daeb12e9d498f0c9f0d1903,a094e005f3e18efa4911bedf83acfa31b4d977497daeb12e9d498f0c9f0d1903,a0b1b3db527366b949fcd9b6c833f9e95e6675bd6869bb55386a84837521197b,/home/exouser/FORTE/gnp_style_continuous_20260830_125107/collection_long2/P5S0C_BRANCH_TELEMETRY/p5s0c_train_t0_r03_s5103_low_mu0.233498_GNP_S5_F4p96047083_R2_F4.96047_trajectory.csv,1,,0
p5s0c_train_t0_r03_s5103_mid_mu0.554454_GNP_S1_F3p35426938_R1_F3.35427,p5s0c_train_t0_r03_s5103_mid_mu0.554454,p5s0c_train_t0_root03_s5103,0,MID,0.5544542093115656,1,1,3.3542693842279907,2.9912075018271422,0.36306188240084847,1,1,,1,5770ccb551b952dac8a06437420d51426125f9fcf0497c5402bb9139f4482834,5770ccb551b952dac8a06437420d51426125f9fcf0497c5402bb9139f4482834,a6968c4dac47cc0b0a9a4306185712248581f44c34c035f58795fc71ca56efb3,/home/exouser/FORTE/gnp_style_continuous_20260830_125107/collection_long2/P5S0C_BRANCH_TELEMETRY/p5s0c_train_t0_r03_s5103_mid_mu0.554454_GNP_S1_F3p35426938_R1_F3.35427_trajectory.csv,1,,0
p5s0c_train_t0_r03_s5103_mid_mu0.554454_GNP_S1_F3p35426938_R2_F3.35427,p5s0c_train_t0_r03_s5103_mid_mu0.554454,p5s0c_train_t0_root03_s5103,0,MID,0.5544542093115656,1,2,3.3542693842279907,2.996533506955856,0.35773587727213485,1,1,,1,5770ccb551b952dac8a06437420d51426125f9fcf0497c5402bb9139f4482834,5770ccb551b952dac8a06437420d51426125f9fcf0497c5402bb9139f4482834,a6968c4dac47cc0b0a9a4306185712248581f44c34c035f58795fc71ca56efb3,/home/exouser/FORTE/gnp_style_continuous_20260830_125107/collection_long2/P5S0C_BRANCH_TELEMETRY/p5s0c_train_t0_r03_s5103_mid_mu0.554454_GNP_S1_F3p35426938_R2_F3.35427_trajectory.csv,1,,0
p5s0c_train_t0_r03_s5103_mid_mu0.554454_GNP_S2_F3p53625899_R1_F3.53626,p5s0c_train_t0_r03_s5103_mid_mu0.554454,p5s0c_train_t0_root03_s5103,0,MID,0.5544542093115656,2,1,3.536258992316307,3.2419689435225267,0.2942900487937803,1,1,,1,5770ccb551b952dac8a06437420d51426125f9fcf0497c5402bb9139f4482834,5770ccb551b952dac8a06437420d51426125f9fcf0497c5402bb9139f4482834,a6968c4dac47cc0b0a9a4306185712248581f44c34c035f58795fc71ca56efb3,/home/exouser/FORTE/gnp_style_continuous_20260830_125107/collection_long2/P5S0C_BRANCH_TELEMETRY/p5s0c_train_t0_r03_s5103_mid_mu0.554454_GNP_S2_F3p53625899_R1_F3.53626_trajectory.csv,1,,0
p5s0c_train_t0_r03_s5103_mid_mu0.554454_GNP_S2_F3p53625899_R2_F3.53626,p5s0c_train_t0_r03_s5103_mid_mu0.554454,p5s0c_train_t0_root03_s5103,0,MID,0.5544542093115656,2,2,3.536258992316307,3.245628830714104,0.2906301616022029,1,1,,1,5770ccb551b952dac8a06437420d51426125f9fcf0497c5402bb9139f4482834,5770ccb551b952dac8a06437420d51426125f9fcf0497c5402bb9139f4482834,a6968c4dac47cc0b0a9a4306185712248581f44c34c035f58795fc71ca56efb3,/home/exouser/FORTE/gnp_style_continuous_20260830_125107/collection_long2/P5S0C_BRANCH_TELEMETRY/p5s0c_train_t0_r03_s5103_mid_mu0.554454_GNP_S2_F3p53625899_R2_F3.53626_trajectory.csv,1,,0
p5s0c_train_t0_r03_s5103_mid_mu0.554454_GNP_S3_F3p82322816_R1_F3.82323,p5s0c_train_t0_r03_s5103_mid_mu0.554454,p5s0c_train_t0_root03_s5103,0,MID,0.5544542093115656,3,1,3.823228162939641,3.5481417637604933,0.2750863991791479,1,1,,1,5770ccb551b952dac8a06437420d51426125f9fcf0497c5402bb9139f4482834,5770ccb551b952dac8a06437420d51426125f9fcf0497c5402bb9139f4482834,a6968c4dac47cc0b0a9a4306185712248581f44c34c035f58795fc71ca56efb3,/home/exouser/FORTE/gnp_style_continuous_20260830_125107/collection_long2/P5S0C_BRANCH_TELEMETRY/p5s0c_train_t0_r03_s5103_mid_mu0.554454_GNP_S3_F3p82322816_R1_F3.82323_trajectory.csv,1,,0
p5s0c_train_t0_r03_s5103_mid_mu0.554454_GNP_S3_F3p82322816_R2_F3.82323,p5s0c_train_t0_r03_s5103_mid_mu0.554454,p5s0c_train_t0_root03_s5103,0,MID,0.5544542093115656,3,2,3.823228162939641,3.532164815144661,0.2910633477949802,1,1,,1,5770ccb551b952dac8a06437420d51426125f9fcf0497c5402bb9139f4482834,5770ccb551b952dac8a06437420d51426125f9fcf0497c5402bb9139f4482834,a6968c4dac47cc0b0a9a4306185712248581f44c34c035f58795fc71ca56efb3,/home/exouser/FORTE/gnp_style_continuous_20260830_125107/collection_long2/P5S0C_BRANCH_TELEMETRY/p5s0c_train_t0_r03_s5103_mid_mu0.554454_GNP_S3_F3p82322816_R2_F3.82323_trajectory.csv,1,,0
p5s0c_train_t0_r03_s5103_mid_mu0.554454_GNP_S4_F4p5058215_R1_F4.50582,p5s0c_train_t0_r03_s5103_mid_mu0.554454,p5s0c_train_t0_root03_s5103,0,MID,0.5544542093115656,4,1,4.505821501921208,4.34049072326758,0.16533077865362777,1,1,,1,5770ccb551b952dac8a06437420d51426125f9fcf0497c5402bb9139f4482834,5770ccb551b952dac8a06437420d51426125f9fcf0497c5402bb9139f4482834,a6968c4dac47cc0b0a9a4306185712248581f44c34c035f58795fc71ca56efb3,/home/exouser/FORTE/gnp_style_continuous_20260830_125107/collection_long2/P5S0C_BRANCH_TELEMETRY/p5s0c_train_t0_r03_s5103_mid_mu0.554454_GNP_S4_F4p5058215_R1_F4.50582_trajectory.csv,1,,0
p5s0c_train_t0_r03_s5103_mid_mu0.554454_GNP_S4_F4p5058215_R2_F4.50582,p5s0c_train_t0_r03_s5103_mid_mu0.554454,p5s0c_train_t0_root03_s5103,0,MID,0.5544542093115656,4,2,4.505821501921208,4.328805082883591,0.1770164190376171,1,1,,1,5770ccb551b952dac8a06437420d51426125f9fcf0497c5402bb9139f4482834,5770ccb551b952dac8a06437420d51426125f9fcf0497c5402bb9139f4482834,a6968c4dac47cc0b0a9a4306185712248581f44c34c035f58795fc71ca56efb3,/home/exouser/FORTE/gnp_style_continuous_20260830_125107/collection_long2/P5S0C_BRANCH_TELEMETRY/p5s0c_train_t0_r03_s5103_mid_mu0.554454_GNP_S4_F4p5058215_R2_F4.50582_trajectory.csv,1,,0
p5s0c_train_t0_r03_s5103_mid_mu0.554454_GNP_S5_F4p81813163_R1_F4.81813,p5s0c_train_t0_r03_s5103_mid_mu0.554454,p5s0c_train_t0_root03_s5103,0,MID,0.5544542093115656,5,1,4.81813162942436,4.705685077569424,0.11244655185493624,1,1,,1,5770ccb551b952dac8a06437420d51426125f9fcf0497c5402bb9139f4482834,5770ccb551b952dac8a06437420d51426125f9fcf0497c5402bb9139f4482834,a6968c4dac47cc0b0a9a4306185712248581f44c34c035f58795fc71ca56efb3,/home/exouser/FORTE/gnp_style_continuous_20260830_125107/collection_long2/P5S0C_BRANCH_TELEMETRY/p5s0c_train_t0_r03_s5103_mid_mu0.554454_GNP_S5_F4p81813163_R1_F4.81813_trajectory.csv,1,,0
p5s0c_train_t0_r03_s5103_mid_mu0.554454_GNP_S5_F4p81813163_R2_F4.81813,p5s0c_train_t0_r03_s5103_mid_mu0.554454,p5s0c_train_t0_root03_s5103,0,MID,0.5544542093115656,5,2,4.81813162942436,4.706045884352464,0.11208574507189617,1,1,,1,5770ccb551b952dac8a06437420d51426125f9fcf0497c5402bb9139f4482834,5770ccb551b952dac8a06437420d51426125f9fcf0497c5402bb9139f4482834,a6968c4dac47cc0b0a9a4306185712248581f44c34c035f58795fc71ca56efb3,/home/exouser/FORTE/gnp_style_continuous_20260830_125107/collection_long2/P5S0C_BRANCH_TELEMETRY/p5s0c_train_t0_r03_s5103_mid_mu0.554454_GNP_S5_F4p81813163_R2_F4.81813_trajectory.csv,1,,0
p5s0c_train_t0_r04_s5104_high_mu0.905657_GNP_S1_F3p39565054_R1_F3.39565,p5s0c_train_t0_r04_s5104_high_mu0.905657,p5s0c_train_t0_root04_s5104,0,HIGH,0.9056570160733268,1,1,3.395650535552486,3.0579069445404827,0.33774359101200346,1,1,,1,88be8167c2c818eb0daf2c1c6c83c820b35c458d2215ec8d5496cd2f19c65a03,88be8167c2c818eb0daf2c1c6c83c820b35c458d2215ec8d5496cd2f19c65a03,7c995425a8f501348fa1ef730058af2f661aee038020a9359c415d080b96c86c,/home/exouser/FORTE/gnp_style_continuous_20260830_125107/collection_long2/P5S0C_BRANCH_TELEMETRY/p5s0c_train_t0_r04_s5104_high_mu0.905657_GNP_S1_F3p39565054_R1_F3.39565_trajectory.csv,1,,0
p5s0c_train_t0_r04_s5104_high_mu0.905657_GNP_S1_F3p39565054_R2_F3.39565,p5s0c_train_t0_r04_s5104_high_mu0.905657,p5s0c_train_t0_root04_s5104,0,HIGH,0.9056570160733268,1,2,3.395650535552486,3.0608280037022846,0.3348225318502016,1,1,,1,88be8167c2c818eb0daf2c1c6c83c820b35c458d2215ec8d5496cd2f19c65a03,88be8167c2c818eb0daf2c1c6c83c820b35c458d2215ec8d5496cd2f19c65a03,7c995425a8f501348fa1ef730058af2f661aee038020a9359c415d080b96c86c,/home/exouser/FORTE/gnp_style_continuous_20260830_125107/collection_long2/P5S0C_BRANCH_TELEMETRY/p5s0c_train_t0_r04_s5104_high_mu0.905657_GNP_S1_F3p39565054_R2_F3.39565_trajectory.csv,1,,0
p5s0c_train_t0_r04_s5104_high_mu0.905657_GNP_S2_F3p75017914_R1_F3.75018,p5s0c_train_t0_r04_s5104_high_mu0.905657,p5s0c_train_t0_root04_s5104,0,HIGH,0.9056570160733268,2,1,3.7501791374175193,3.4816273164145555,0.2685518210029638,1,1,,1,88be8167c2c818eb0daf2c1c6c83c820b35c458d2215ec8d5496cd2f19c65a03,88be8167c2c818eb0daf2c1c6c83c820b35c458d2215ec8d5496cd2f19c65a03,7c995425a8f501348fa1ef730058af2f661aee038020a9359c415d080b96c86c,/home/exouser/FORTE/gnp_style_continuous_20260830_125107/collection_long2/P5S0C_BRANCH_TELEMETRY/p5s0c_train_t0_r04_s5104_high_mu0.905657_GNP_S2_F3p75017914_R1_F3.75018_trajectory.csv,1,,0
p5s0c_train_t0_r04_s5104_high_mu0.905657_GNP_S2_F3p75017914_R2_F3.75018,p5s0c_train_t0_r04_s5104_high_mu0.905657,p5s0c_train_t0_root04_s5104,0,HIGH,0.9056570160733268,2,2,3.7501791374175193,3.4796325285223464,0.2705466088951729,1,1,,1,88be8167c2c818eb0daf2c1c6c83c820b35c458d2215ec8d5496cd2f19c65a03,88be8167c2c818eb0daf2c1c6c83c820b35c458d2215ec8d5496cd2f19c65a03,7c995425a8f501348fa1ef730058af2f661aee038020a9359c415d080b96c86c,/home/exouser/FORTE/gnp_style_continuous_20260830_125107/collection_long2/P5S0C_BRANCH_TELEMETRY/p5s0c_train_t0_r04_s5104_high_mu0.905657_GNP_S2_F3p75017914_R2_F3.75018_trajectory.csv,1,,0
p5s0c_train_t0_r04_s5104_high_mu0.905657_GNP_S3_F3p85374757_R1_F3.85375,p5s0c_train_t0_r04_s5104_high_mu0.905657,p5s0c_train_t0_root04_s5104,0,HIGH,0.9056570160733268,3,1,3.853747570816002,3.613691227345527,0.24005634347047478,1,1,,1,88be8167c2c818eb0daf2c1c6c83c820b35c458d2215ec8d5496cd2f19c65a03,88be8167c2c818eb0daf2c1c6c83c820b35c458d2215ec8d5496cd2f19c65a03,7c995425a8f501348fa1ef730058af2f661aee038020a9359c415d080b96c86c,/home/exouser/FORTE/gnp_style_continuous_20260830_125107/collection_long2/P5S0C_BRANCH_TELEMETRY/p5s0c_train_t0_r04_s5104_high_mu0.905657_GNP_S3_F3p85374757_R1_F3.85375_trajectory.csv,1,,0
p5s0c_train_t0_r04_s5104_high_mu0.905657_GNP_S3_F3p85374757_R2_F3.85375,p5s0c_train_t0_r04_s5104_high_mu0.905657,p5s0c_train_t0_root04_s5104,0,HIGH,0.9056570160733268,3,2,3.853747570816002,3.6129150390625,0.24083253175350183,1,1,,1,88be8167c2c818eb0daf2c1c6c83c820b35c458d2215ec8d5496cd2f19c65a03,88be8167c2c818eb0daf2c1c6c83c820b35c458d2215ec8d5496cd2f19c65a03,7c995425a8f501348fa1ef730058af2f661aee038020a9359c415d080b96c86c,/home/exouser/FORTE/gnp_style_continuous_20260830_125107/collection_long2/P5S0C_BRANCH_TELEMETRY/p5s0c_train_t0_r04_s5104_high_mu0.905657_GNP_S3_F3p85374757_R2_F3.85375_trajectory.csv,1,,0
p5s0c_train_t0_r04_s5104_high_mu0.905657_GNP_S4_F4p52178255_R1_F4.52178,p5s0c_train_t0_r04_s5104_high_mu0.905657,p5s0c_train_t0_root04_s5104,0,HIGH,0.9056570160733268,4,1,4.521782552974874,4.535875199716302,0.014092646741428183,1,1,,1,88be8167c2c818eb0daf2c1c6c83c820b35c458d2215ec8d5496cd2f19c65a03,88be8167c2c818eb0daf2c1c6c83c820b35c458d2215ec8d5496cd2f19c65a03,7c995425a8f501348fa1ef730058af2f661aee038020a9359c415d080b96c86c,/home/exouser/FORTE/gnp_style_continuous_20260830_125107/collection_long2/P5S0C_BRANCH_TELEMETRY/p5s0c_train_t0_r04_s5104_high_mu0.905657_GNP_S4_F4p52178255_R1_F4.52178_trajectory.csv,1,,0
p5s0c_train_t0_r04_s5104_high_mu0.905657_GNP_S4_F4p52178255_R2_F4.52178,p5s0c_train_t0_r04_s5104_high_mu0.905657,p5s0c_train_t0_root04_s5104,0,HIGH,0.9056570160733268,4,2,4.521782552974874,4.53511112551146,0.013328572536585703,1,1,,1,88be8167c2c818eb0daf2c1c6c83c820b35c458d2215ec8d5496cd2f19c65a03,88be8167c2c818eb0daf2c1c6c83c820b35c458d2215ec8d5496cd2f19c65a03,7c995425a8f501348fa1ef730058af2f661aee038020a9359c415d080b96c86c,/home/exouser/FORTE/gnp_style_continuous_20260830_125107/collection_long2/P5S0C_BRANCH_TELEMETRY/p5s0c_train_t0_r04_s5104_high_mu0.905657_GNP_S4_F4p52178255_R2_F4.52178_trajectory.csv,1,,0
p5s0c_train_t0_r04_s5104_high_mu0.905657_GNP_S5_F4p75018167_R1_F4.75018,p5s0c_train_t0_r04_s5104_high_mu0.905657,p5s0c_train_t0_root04_s5104,0,HIGH,0.9056570160733268,5,1,4.7501816720434284,4.791543888140328,0.04136221609689983,1,1,,1,88be8167c2c818eb0daf2c1c6c83c820b35c458d2215ec8d5496cd2f19c65a03,88be8167c2c818eb0daf2c1c6c83c820b35c458d2215ec8d5496cd2f19c65a03,7c995425a8f501348fa1ef730058af2f661aee038020a9359c415d080b96c86c,/home/exouser/FORTE/gnp_style_continuous_20260830_125107/collection_long2/P5S0C_BRANCH_TELEMETRY/p5s0c_train_t0_r04_s5104_high_mu0.905657_GNP_S5_F4p75018167_R1_F4.75018_trajectory.csv,1,,0
p5s0c_train_t0_r04_s5104_high_mu0.905657_GNP_S5_F4p75018167_R2_F4.75018,p5s0c_train_t0_r04_s5104_high_mu0.905657,p5s0c_train_t0_root04_s5104,0,HIGH,0.9056570160733268,5,2,4.7501816720434284,4.790683963630773,0.04050229158734453,1,1,,1,88be8167c2c818eb0daf2c1c6c83c820b35c458d2215ec8d5496cd2f19c65a03,88be8167c2c818eb0daf2c1c6c83c820b35c458d2215ec8d5496cd2f19c65a03,7c995425a8f501348fa1ef730058af2f661aee038020a9359c415d080b96c86c,/home/exouser/FORTE/gnp_style_continuous_20260830_125107/collection_long2/P5S0C_BRANCH_TELEMETRY/p5s0c_train_t0_r04_s5104_high_mu0.905657_GNP_S5_F4p75018167_R2_F4.75018_trajectory.csv,1,,0
p5s0c_train_t0_r04_s5104_low_mu0.298968_GNP_S1_F3p34636055_R1_F3.34636,p5s0c_train_t0_r04_s5104_low_mu0.298968,p5s0c_train_t0_root04_s5104,0,LOW,0.2989681415686305,1,1,3.3463605549543933,1.7360258037567843e-14,3.346360554954376,1,0,full_task_failure,1,d109e040714a8d0fdd310609cbbf41e2a3491650443d65fb4298f5ed653ac214,d109e040714a8d0fdd310609cbbf41e2a3491650443d65fb4298f5ed653ac214,00cfb34fc95772cd57480b8bf18b02ae4b5a0f3f0ef00c0fa452d683261282ae,/home/exouser/FORTE/gnp_style_continuous_20260830_125107/collection_long2/P5S0C_BRANCH_TELEMETRY/p5s0c_train_t0_r04_s5104_low_mu0.298968_GNP_S1_F3p34636055_R1_F3.34636_trajectory.csv,1,,0
p5s0c_train_t0_r04_s5104_low_mu0.298968_GNP_S1_F3p34636055_R2_F3.34636,p5s0c_train_t0_r04_s5104_low_mu0.298968,p5s0c_train_t0_root04_s5104,0,LOW,0.2989681415686305,1,2,3.3463605549543933,1.607235510164657e-16,3.3463605549543933,1,0,full_task_failure,1,d109e040714a8d0fdd310609cbbf41e2a3491650443d65fb4298f5ed653ac214,d109e040714a8d0fdd310609cbbf41e2a3491650443d65fb4298f5ed653ac214,00cfb34fc95772cd57480b8bf18b02ae4b5a0f3f0ef00c0fa452d683261282ae,/home/exouser/FORTE/gnp_style_continuous_20260830_125107/collection_long2/P5S0C_BRANCH_TELEMETRY/p5s0c_train_t0_r04_s5104_low_mu0.298968_GNP_S1_F3p34636055_R2_F3.34636_trajectory.csv,1,,0
p5s0c_train_t0_r04_s5104_low_mu0.298968_GNP_S2_F3p52753384_R1_F3.52753,p5s0c_train_t0_r04_s5104_low_mu0.298968,p5s0c_train_t0_root04_s5104,0,LOW,0.2989681415686305,2,1,3.5275338354523917,8.2748271170838e-16,3.527533835452391,1,0,full_task_failure,1,d109e040714a8d0fdd310609cbbf41e2a3491650443d65fb4298f5ed653ac214,d109e040714a8d0fdd310609cbbf41e2a3491650443d65fb4298f5ed653ac214,00cfb34fc95772cd57480b8bf18b02ae4b5a0f3f0ef00c0fa452d683261282ae,/home/exouser/FORTE/gnp_style_continuous_20260830_125107/collection_long2/P5S0C_BRANCH_TELEMETRY/p5s0c_train_t0_r04_s5104_low_mu0.298968_GNP_S2_F3p52753384_R1_F3.52753_trajectory.csv,1,,0
p5s0c_train_t0_r04_s5104_low_mu0.298968_GNP_S2_F3p52753384_R2_F3.52753,p5s0c_train_t0_r04_s5104_low_mu0.298968,p5s0c_train_t0_root04_s5104,0,LOW,0.2989681415686305,2,2,3.5275338354523917,6.0347134184205095e-15,3.5275338354523855,1,0,full_task_failure,1,d109e040714a8d0fdd310609cbbf41e2a3491650443d65fb4298f5ed653ac214,d109e040714a8d0fdd310609cbbf41e2a3491650443d65fb4298f5ed653ac214,00cfb34fc95772cd57480b8bf18b02ae4b5a0f3f0ef00c0fa452d683261282ae,/home/exouser/FORTE/gnp_style_continuous_20260830_125107/collection_long2/P5S0C_BRANCH_TELEMETRY/p5s0c_train_t0_r04_s5104_low_mu0.298968_GNP_S2_F3p52753384_R2_F3.52753_trajectory.csv,1,,0
p5s0c_train_t0_r04_s5104_low_mu0.298968_GNP_S3_F4p02390188_R1_F4.0239,p5s0c_train_t0_r04_s5104_low_mu0.298968,p5s0c_train_t0_root04_s5104,0,LOW,0.2989681415686305,3,1,4.02390188499984,0.4234954379748289,3.6004064470250112,1,0,full_task_failure,1,d109e040714a8d0fdd310609cbbf41e2a3491650443d65fb4298f5ed653ac214,d109e040714a8d0fdd310609cbbf41e2a3491650443d65fb4298f5ed653ac214,00cfb34fc95772cd57480b8bf18b02ae4b5a0f3f0ef00c0fa452d683261282ae,/home/exouser/FORTE/gnp_style_continuous_20260830_125107/collection_long2/P5S0C_BRANCH_TELEMETRY/p5s0c_train_t0_r04_s5104_low_mu0.298968_GNP_S3_F4p02390188_R1_F4.0239_trajectory.csv,1,,0
p5s0c_train_t0_r04_s5104_low_mu0.298968_GNP_S3_F4p02390188_R2_F4.0239,p5s0c_train_t0_r04_s5104_low_mu0.298968,p5s0c_train_t0_root04_s5104,0,LOW,0.2989681415686305,3,2,4.02390188499984,0.0078722372069039,4.016029647792936,1,0,full_task_failure,1,d109e040714a8d0fdd310609cbbf41e2a3491650443d65fb4298f5ed653ac214,d109e040714a8d0fdd310609cbbf41e2a3491650443d65fb4298f5ed653ac214,00cfb34fc95772cd57480b8bf18b02ae4b5a0f3f0ef00c0fa452d683261282ae,/home/exouser/FORTE/gnp_style_continuous_20260830_125107/collection_long2/P5S0C_BRANCH_TELEMETRY/p5s0c_train_t0_r04_s5104_low_mu0.298968_GNP_S3_F4p02390188_R2_F4.0239_trajectory.csv,1,,0
p5s0c_train_t0_r04_s5104_low_mu0.298968_GNP_S4_F4p31576096_R1_F4.31576,p5s0c_train_t0_r04_s5104_low_mu0.298968,p5s0c_train_t0_root04_s5104,0,LOW,0.2989681415686305,4,1,4.315760958917736,4.172930107841009,0.14283085107672733,1,1,,1,d109e040714a8d0fdd310609cbbf41e2a3491650443d65fb4298f5ed653ac214,d109e040714a8d0fdd310609cbbf41e2a3491650443d65fb4298f5ed653ac214,00cfb34fc95772cd57480b8bf18b02ae4b5a0f3f0ef00c0fa452d683261282ae,/home/exouser/FORTE/gnp_style_continuous_20260830_125107/collection_long2/P5S0C_BRANCH_TELEMETRY/p5s0c_train_t0_r04_s5104_low_mu0.298968_GNP_S4_F4p31576096_R1_F4.31576_trajectory.csv,1,,0
p5s0c_train_t0_r04_s5104_low_mu0.298968_GNP_S4_F4p31576096_R2_F4.31576,p5s0c_train_t0_r04_s5104_low_mu0.298968,p5s0c_train_t0_root04_s5104,0,LOW,0.2989681415686305,4,2,4.315760958917736,4.1729073283038565,0.1428536306138799,1,1,,1,d109e040714a8d0fdd310609cbbf41e2a3491650443d65fb4298f5ed653ac214,d109e040714a8d0fdd310609cbbf41e2a3491650443d65fb4298f5ed653ac214,00cfb34fc95772cd57480b8bf18b02ae4b5a0f3f0ef00c0fa452d683261282ae,/home/exouser/FORTE/gnp_style_continuous_20260830_125107/collection_long2/P5S0C_BRANCH_TELEMETRY/p5s0c_train_t0_r04_s5104_low_mu0.298968_GNP_S4_F4p31576096_R2_F4.31576_trajectory.csv,1,,0
p5s0c_train_t0_r04_s5104_low_mu0.298968_GNP_S5_F4p86461219_R1_F4.86461,p5s0c_train_t0_r04_s5104_low_mu0.298968,p5s0c_train_t0_root04_s5104,0,LOW,0.2989681415686305,5,1,4.8646121942607685,4.776853434647186,0.0877587596135827,1,1,,1,d109e040714a8d0fdd310609cbbf41e2a3491650443d65fb4298f5ed653ac214,d109e040714a8d0fdd310609cbbf41e2a3491650443d65fb4298f5ed653ac214,00cfb34fc95772cd57480b8bf18b02ae4b5a0f3f0ef00c0fa452d683261282ae,/home/exouser/FORTE/gnp_style_continuous_20260830_125107/collection_long2/P5S0C_BRANCH_TELEMETRY/p5s0c_train_t0_r04_s5104_low_mu0.298968_GNP_S5_F4p86461219_R1_F4.86461_trajectory.csv,1,,0
p5s0c_train_t0_r04_s5104_low_mu0.298968_GNP_S5_F4p86461219_R2_F4.86461,p5s0c_train_t0_r04_s5104_low_mu0.298968,p5s0c_train_t0_root04_s5104,0,LOW,0.2989681415686305,5,2,4.8646121942607685,4.771394657183297,0.09321753707747149,1,1,,1,d109e040714a8d0fdd310609cbbf41e2a3491650443d65fb4298f5ed653ac214,d109e040714a8d0fdd310609cbbf41e2a3491650443d65fb4298f5ed653ac214,00cfb34fc95772cd57480b8bf18b02ae4b5a0f3f0ef00c0fa452d683261282ae,/home/exouser/FORTE/gnp_style_continuous_20260830_125107/collection_long2/P5S0C_BRANCH_TELEMETRY/p5s0c_train_t0_r04_s5104_low_mu0.298968_GNP_S5_F4p86461219_R2_F4.86461_trajectory.csv,1,,0
p5s0c_train_t0_r04_s5104_mid_mu0.572072_GNP_S1_F3p30513119_R1_F3.30513,p5s0c_train_t0_r04_s5104_mid_mu0.572072,p5s0c_train_t0_root04_s5104,0,MID,0.5720723245328282,1,1,3.3051311903557075,2.945612506021427,0.35951868433428036,1,1,,1,1cb74020396814ec92bcc196035dea5ccd2d8a750db877a8988802d0feddf593,1cb74020396814ec92bcc196035dea5ccd2d8a750db877a8988802d0feddf593,2ab1ef0f01cdab4e52343d926ef2330a951ce9c6a95907a3c85ef67987d5678d,/home/exouser/FORTE/gnp_style_continuous_20260830_125107/collection_long2/P5S0C_BRANCH_TELEMETRY/p5s0c_train_t0_r04_s5104_mid_mu0.572072_GNP_S1_F3p30513119_R1_F3.30513_trajectory.csv,1,,0
p5s0c_train_t0_r04_s5104_mid_mu0.572072_GNP_S1_F3p30513119_R2_F3.30513,p5s0c_train_t0_r04_s5104_mid_mu0.572072,p5s0c_train_t0_root04_s5104,0,MID,0.5720723245328282,1,2,3.3051311903557075,2.931509742253944,0.3736214481017637,1,1,,1,1cb74020396814ec92bcc196035dea5ccd2d8a750db877a8988802d0feddf593,1cb74020396814ec92bcc196035dea5ccd2d8a750db877a8988802d0feddf593,2ab1ef0f01cdab4e52343d926ef2330a951ce9c6a95907a3c85ef67987d5678d,/home/exouser/FORTE/gnp_style_continuous_20260830_125107/collection_long2/P5S0C_BRANCH_TELEMETRY/p5s0c_train_t0_r04_s5104_mid_mu0.572072_GNP_S1_F3p30513119_R2_F3.30513_trajectory.csv,1,,0
p5s0c_train_t0_r04_s5104_mid_mu0.572072_GNP_S2_F3p49575885_R1_F3.49576,p5s0c_train_t0_r04_s5104_mid_mu0.572072,p5s0c_train_t0_root04_s5104,0,MID,0.5720723245328282,2,1,3.4957588534464934,3.207812952089913,0.2879459013565806,1,1,,1,1cb74020396814ec92bcc196035dea5ccd2d8a750db877a8988802d0feddf593,1cb74020396814ec92bcc196035dea5ccd2d8a750db877a8988802d0feddf593,2ab1ef0f01cdab4e52343d926ef2330a951ce9c6a95907a3c85ef67987d5678d,/home/exouser/FORTE/gnp_style_continuous_20260830_125107/collection_long2/P5S0C_BRANCH_TELEMETRY/p5s0c_train_t0_r04_s5104_mid_mu0.572072_GNP_S2_F3p49575885_R1_F3.49576_trajectory.csv,1,,0
p5s0c_train_t0_r04_s5104_mid_mu0.572072_GNP_S2_F3p49575885_R2_F3.49576,p5s0c_train_t0_r04_s5104_mid_mu0.572072,p5s0c_train_t0_root04_s5104,0,MID,0.5720723245328282,2,2,3.4957588534464934,3.21002329753924,0.2857355559072534,1,1,,1,1cb74020396814ec92bcc196035dea5ccd2d8a750db877a8988802d0feddf593,1cb74020396814ec92bcc196035dea5ccd2d8a750db877a8988802d0feddf593,2ab1ef0f01cdab4e52343d926ef2330a951ce9c6a95907a3c85ef67987d5678d,/home/exouser/FORTE/gnp_style_continuous_20260830_125107/collection_long2/P5S0C_BRANCH_TELEMETRY/p5s0c_train_t0_r04_s5104_mid_mu0.572072_GNP_S2_F3p49575885_R2_F3.49576_trajectory.csv,1,,0
p5s0c_train_t0_r04_s5104_mid_mu0.572072_GNP_S3_F4p06354983_R1_F4.06355,p5s0c_train_t0_r04_s5104_mid_mu0.572072,p5s0c_train_t0_root04_s5104,0,MID,0.5720723245328282,3,1,4.063549828889162,3.815155454828769,0.24839437406039266,1,1,,1,1cb74020396814ec92bcc196035dea5ccd2d8a750db877a8988802d0feddf593,1cb74020396814ec92bcc196035dea5ccd2d8a750db877a8988802d0feddf593,2ab1ef0f01cdab4e52343d926ef2330a951ce9c6a95907a3c85ef67987d5678d,/home/exouser/FORTE/gnp_style_continuous_20260830_125107/collection_long2/P5S0C_BRANCH_TELEMETRY/p5s0c_train_t0_r04_s5104_mid_mu0.572072_GNP_S3_F4p06354983_R1_F4.06355_trajectory.csv,1,,0
p5s0c_train_t0_r04_s5104_mid_mu0.572072_GNP_S3_F4p06354983_R2_F4.06355,p5s0c_train_t0_r04_s5104_mid_mu0.572072,p5s0c_train_t0_root04_s5104,0,MID,0.5720723245328282,3,2,4.063549828889162,3.8280170839044114,0.2355327449847504,1,1,,1,1cb74020396814ec92bcc196035dea5ccd2d8a750db877a8988802d0feddf593,1cb74020396814ec92bcc196035dea5ccd2d8a750db877a8988802d0feddf593,2ab1ef0f01cdab4e52343d926ef2330a951ce9c6a95907a3c85ef67987d5678d,/home/exouser/FORTE/gnp_style_continuous_20260830_125107/collection_long2/P5S0C_BRANCH_TELEMETRY/p5s0c_train_t0_r04_s5104_mid_mu0.572072_GNP_S3_F4p06354983_R2_F4.06355_trajectory.csv,1,,0
p5s0c_train_t0_r04_s5104_mid_mu0.572072_GNP_S4_F4p49851502_R1_F4.49852,p5s0c_train_t0_r04_s5104_mid_mu0.572072,p5s0c_train_t0_root04_s5104,0,MID,0.5720723245328282,4,1,4.498515023314507,4.333232463160647,0.16528256015385967,1,1,,1,1cb74020396814ec92bcc196035dea5ccd2d8a750db877a8988802d0feddf593,1cb74020396814ec92bcc196035dea5ccd2d8a750db877a8988802d0feddf593,2ab1ef0f01cdab4e52343d926ef2330a951ce9c6a95907a3c85ef67987d5678d,/home/exouser/FORTE/gnp_style_continuous_20260830_125107/collection_long2/P5S0C_BRANCH_TELEMETRY/p5s0c_train_t0_r04_s5104_mid_mu0.572072_GNP_S4_F4p49851502_R1_F4.49852_trajectory.csv,1,,0
p5s0c_train_t0_r04_s5104_mid_mu0.572072_GNP_S4_F4p49851502_R2_F4.49852,p5s0c_train_t0_r04_s5104_mid_mu0.572072,p5s0c_train_t0_root04_s5104,0,MID,0.5720723245328282,4,2,4.498515023314507,4.341641896887671,0.15687312642683615,1,1,,1,1cb74020396814ec92bcc196035dea5ccd2d8a750db877a8988802d0feddf593,1cb74020396814ec92bcc196035dea5ccd2d8a750db877a8988802d0feddf593,2ab1ef0f01cdab4e52343d926ef2330a951ce9c6a95907a3c85ef67987d5678d,/home/exouser/FORTE/gnp_style_continuous_20260830_125107/collection_long2/P5S0C_BRANCH_TELEMETRY/p5s0c_train_t0_r04_s5104_mid_mu0.572072_GNP_S4_F4p49851502_R2_F4.49852_trajectory.csv,1,,0
p5s0c_train_t0_r04_s5104_mid_mu0.572072_GNP_S5_F4p62772399_R1_F4.62772,p5s0c_train_t0_r04_s5104_mid_mu0.572072,p5s0c_train_t0_root04_s5104,0,MID,0.5720723245328282,5,1,4.627723989696071,4.4909452124487,0.13677877724737098,1,1,,1,1cb74020396814ec92bcc196035dea5ccd2d8a750db877a8988802d0feddf593,1cb74020396814ec92bcc196035dea5ccd2d8a750db877a8988802d0feddf593,2ab1ef0f01cdab4e52343d926ef2330a951ce9c6a95907a3c85ef67987d5678d,/home/exouser/FORTE/gnp_style_continuous_20260830_125107/collection_long2/P5S0C_BRANCH_TELEMETRY/p5s0c_train_t0_r04_s5104_mid_mu0.572072_GNP_S5_F4p62772399_R1_F4.62772_trajectory.csv,1,,0
p5s0c_train_t0_r04_s5104_mid_mu0.572072_GNP_S5_F4p62772399_R2_F4.62772,p5s0c_train_t0_r04_s5104_mid_mu0.572072,p5s0c_train_t0_root04_s5104,0,MID,0.5720723245328282,5,2,4.627723989696071,4.495254456242429,0.13246953345364254,1,1,,1,1cb74020396814ec92bcc196035dea5ccd2d8a750db877a8988802d0feddf593,1cb74020396814ec92bcc196035dea5ccd2d8a750db877a8988802d0feddf593,2ab1ef0f01cdab4e52343d926ef2330a951ce9c6a95907a3c85ef67987d5678d,/home/exouser/FORTE/gnp_style_continuous_20260830_125107/collection_long2/P5S0C_BRANCH_TELEMETRY/p5s0c_train_t0_r04_s5104_mid_mu0.572072_GNP_S5_F4p62772399_R2_F4.62772_trajectory.csv,1,,0
p5s0c_train_t0_r05_s5105_high_mu0.913775_GNP_S1_F3p14602066_R1_F3.14602,p5s0c_train_t0_r05_s5105_high_mu0.913775,p5s0c_train_t0_root05_s5105,0,HIGH,0.913775019025229,1,1,3.1460206603544147,2.7899890465614123,0.3560316137930024,1,1,,1,274a2e8a0d5c667a9b4d68a989f61d7f781d6f083395a90b7f416e34ef216590,274a2e8a0d5c667a9b4d68a989f61d7f781d6f083395a90b7f416e34ef216590,c68bac8e6da65ef651aab5c8cbb4dd24b5f88cb80df2b1fac7b6232ed338f7ee,/home/exouser/FORTE/gnp_style_continuous_20260830_125107/collection_long2/P5S0C_BRANCH_TELEMETRY/p5s0c_train_t0_r05_s5105_high_mu0.913775_GNP_S1_F3p14602066_R1_F3.14602_trajectory.csv,1,,0
p5s0c_train_t0_r05_s5105_high_mu0.913775_GNP_S1_F3p14602066_R2_F3.14602,p5s0c_train_t0_r05_s5105_high_mu0.913775,p5s0c_train_t0_root05_s5105,0,HIGH,0.913775019025229,1,2,3.1460206603544147,2.7844602908843603,0.36156036947005443,1,1,,1,274a2e8a0d5c667a9b4d68a989f61d7f781d6f083395a90b7f416e34ef216590,274a2e8a0d5c667a9b4d68a989f61d7f781d6f083395a90b7f416e34ef216590,c68bac8e6da65ef651aab5c8cbb4dd24b5f88cb80df2b1fac7b6232ed338f7ee,/home/exouser/FORTE/gnp_style_continuous_20260830_125107/collection_long2/P5S0C_BRANCH_TELEMETRY/p5s0c_train_t0_r05_s5105_high_mu0.913775_GNP_S1_F3p14602066_R2_F3.14602_trajectory.csv,1,,0
p5s0c_train_t0_r05_s5105_high_mu0.913775_GNP_S2_F3p4608824_R1_F3.46088,p5s0c_train_t0_r05_s5105_high_mu0.913775,p5s0c_train_t0_root05_s5105,0,HIGH,0.913775019025229,2,1,3.4608823958112067,3.1647068445499125,0.29617555126129425,1,1,,1,274a2e8a0d5c667a9b4d68a989f61d7f781d6f083395a90b7f416e34ef216590,274a2e8a0d5c667a9b4d68a989f61d7f781d6f083395a90b7f416e34ef216590,c68bac8e6da65ef651aab5c8cbb4dd24b5f88cb80df2b1fac7b6232ed338f7ee,/home/exouser/FORTE/gnp_style_continuous_20260830_125107/collection_long2/P5S0C_BRANCH_TELEMETRY/p5s0c_train_t0_r05_s5105_high_mu0.913775_GNP_S2_F3p4608824_R1_F3.46088_trajectory.csv,1,,0
p5s0c_train_t0_r05_s5105_high_mu0.913775_GNP_S2_F3p4608824_R2_F3.46088,p5s0c_train_t0_r05_s5105_high_mu0.913775,p5s0c_train_t0_root05_s5105,0,HIGH,0.913775019025229,2,2,3.4608823958112067,3.160547103637304,0.30033529217390287,1,1,,1,274a2e8a0d5c667a9b4d68a989f61d7f781d6f083395a90b7f416e34ef216590,274a2e8a0d5c667a9b4d68a989f61d7f781d6f083395a90b7f416e34ef216590,c68bac8e6da65ef651aab5c8cbb4dd24b5f88cb80df2b1fac7b6232ed338f7ee,/home/exouser/FORTE/gnp_style_continuous_20260830_125107/collection_long2/P5S0C_BRANCH_TELEMETRY/p5s0c_train_t0_r05_s5105_high_mu0.913775_GNP_S2_F3p4608824_R2_F3.46088_trajectory.csv,1,,0
p5s0c_train_t0_r05_s5105_high_mu0.913775_GNP_S3_F3p92028395_R1_F3.92028,p5s0c_train_t0_r05_s5105_high_mu0.913775,p5s0c_train_t0_root05_s5105,0,HIGH,0.913775019025229,3,1,3.920283951796844,3.6989200115203857,0.22136394027645823,1,1,,1,274a2e8a0d5c667a9b4d68a989f61d7f781d6f083395a90b7f416e34ef216590,274a2e8a0d5c667a9b4d68a989f61d7f781d6f083395a90b7f416e34ef216590,c68bac8e6da65ef651aab5c8cbb4dd24b5f88cb80df2b1fac7b6232ed338f7ee,/home/exouser/FORTE/gnp_style_continuous_20260830_125107/collection_long2/P5S0C_BRANCH_TELEMETRY/p5s0c_train_t0_r05_s5105_high_mu0.913775_GNP_S3_F3p92028395_R1_F3.92028_trajectory.csv,1,,0
p5s0c_train_t0_r05_s5105_high_mu0.913775_GNP_S3_F3p92028395_R2_F3.92028,p5s0c_train_t0_r05_s5105_high_mu0.913775,p5s0c_train_t0_root05_s5105,0,HIGH,0.913775019025229,3,2,3.920283951796844,3.7196078422742014,0.2006761095226426,1,1,,1,274a2e8a0d5c667a9b4d68a989f61d7f781d6f083395a90b7f416e34ef216590,274a2e8a0d5c667a9b4d68a989f61d7f781d6f083395a90b7f416e34ef216590,c68bac8e6da65ef651aab5c8cbb4dd24b5f88cb80df2b1fac7b6232ed338f7ee,/home/exouser/FORTE/gnp_style_continuous_20260830_125107/collection_long2/P5S0C_BRANCH_TELEMETRY/p5s0c_train_t0_r05_s5105_high_mu0.913775_GNP_S3_F3p92028395_R2_F3.92028_trajectory.csv,1,,0
p5s0c_train_t0_r05_s5105_high_mu0.913775_GNP_S4_F4p25481437_R1_F4.25481,p5s0c_train_t0_r05_s5105_high_mu0.913775,p5s0c_train_t0_root05_s5105,0,HIGH,0.913775019025229,4,1,4.254814369293597,4.172617707497034,0.08219666179656304,1,1,,1,274a2e8a0d5c667a9b4d68a989f61d7f781d6f083395a90b7f416e34ef216590,274a2e8a0d5c667a9b4d68a989f61d7f781d6f083395a90b7f416e34ef216590,c68bac8e6da65ef651aab5c8cbb4dd24b5f88cb80df2b1fac7b6232ed338f7ee,/home/exouser/FORTE/gnp_style_continuous_20260830_125107/collection_long2/P5S0C_BRANCH_TELEMETRY/p5s0c_train_t0_r05_s5105_high_mu0.913775_GNP_S4_F4p25481437_R1_F4.25481_trajectory.csv,1,,0
p5s0c_train_t0_r05_s5105_high_mu0.913775_GNP_S4_F4p25481437_R2_F4.25481,p5s0c_train_t0_r05_s5105_high_mu0.913775,p5s0c_train_t0_root05_s5105,0,HIGH,0.913775019025229,4,2,4.254814369293597,4.268417074130132,0.013602704836534585,1,1,,1,274a2e8a0d5c667a9b4d68a989f61d7f781d6f083395a90b7f416e34ef216590,274a2e8a0d5c667a9b4d68a989f61d7f781d6f083395a90b7f416e34ef216590,c68bac8e6da65ef651aab5c8cbb4dd24b5f88cb80df2b1fac7b6232ed338f7ee,/home/exouser/FORTE/gnp_style_continuous_20260830_125107/collection_long2/P5S0C_BRANCH_TELEMETRY/p5s0c_train_t0_r05_s5105_high_mu0.913775_GNP_S4_F4p25481437_R2_F4.25481_trajectory.csv,1,,0
p5s0c_train_t0_r05_s5105_high_mu0.913775_GNP_S5_F4p9913274_R1_F4.99133,p5s0c_train_t0_r05_s5105_high_mu0.913775,p5s0c_train_t0_root05_s5105,0,HIGH,0.913775019025229,5,1,4.9913273990690445,5.040104899650965,0.04877750058192021,1,1,,1,274a2e8a0d5c667a9b4d68a989f61d7f781d6f083395a90b7f416e34ef216590,274a2e8a0d5c667a9b4d68a989f61d7f781d6f083395a90b7f416e34ef216590,c68bac8e6da65ef651aab5c8cbb4dd24b5f88cb80df2b1fac7b6232ed338f7ee,/home/exouser/FORTE/gnp_style_continuous_20260830_125107/collection_long2/P5S0C_BRANCH_TELEMETRY/p5s0c_train_t0_r05_s5105_high_mu0.913775_GNP_S5_F4p9913274_R1_F4.99133_trajectory.csv,1,,0
p5s0c_train_t0_r05_s5105_high_mu0.913775_GNP_S5_F4p9913274_R2_F4.99133,p5s0c_train_t0_r05_s5105_high_mu0.913775,p5s0c_train_t0_root05_s5105,0,HIGH,0.913775019025229,5,2,4.9913273990690445,5.040132843531096,0.04880544446205182,1,1,,1,274a2e8a0d5c667a9b4d68a989f61d7f781d6f083395a90b7f416e34ef216590,274a2e8a0d5c667a9b4d68a989f61d7f781d6f083395a90b7f416e34ef216590,c68bac8e6da65ef651aab5c8cbb4dd24b5f88cb80df2b1fac7b6232ed338f7ee,/home/exouser/FORTE/gnp_style_continuous_20260830_125107/collection_long2/P5S0C_BRANCH_TELEMETRY/p5s0c_train_t0_r05_s5105_high_mu0.913775_GNP_S5_F4p9913274_R2_F4.99133_trajectory.csv,1,,0
p5s0c_train_t0_r05_s5105_low_mu0.252358_GNP_S1_F3p09765873_R1_F3.09766,p5s0c_train_t0_r05_s5105_low_mu0.252358,p5s0c_train_t0_root05_s5105,0,LOW,0.2523584006618226,1,1,3.097658731869344,4.0787790237137404e-21,3.097658731869344,1,0,full_task_failure,1,6be49c17c4517f04acb7fb5a57f94ff63f7b3c7d55d7398eb1185332929b0006,6be49c17c4517f04acb7fb5a57f94ff63f7b3c7d55d7398eb1185332929b0006,2a65e06aeb54605cbe877201d55e1fadf40cbfb6b5cde4adeac35e77fa320d3b,/home/exouser/FORTE/gnp_style_continuous_20260830_125107/collection_long2/P5S0C_BRANCH_TELEMETRY/p5s0c_train_t0_r05_s5105_low_mu0.252358_GNP_S1_F3p09765873_R1_F3.09766_trajectory.csv,1,,0
p5s0c_train_t0_r05_s5105_low_mu0.252358_GNP_S1_F3p09765873_R2_F3.09766,p5s0c_train_t0_r05_s5105_low_mu0.252358,p5s0c_train_t0_root05_s5105,0,LOW,0.2523584006618226,1,2,3.097658731869344,8.088492759939917e-21,3.097658731869344,1,0,full_task_failure,1,6be49c17c4517f04acb7fb5a57f94ff63f7b3c7d55d7398eb1185332929b0006,6be49c17c4517f04acb7fb5a57f94ff63f7b3c7d55d7398eb1185332929b0006,2a65e06aeb54605cbe877201d55e1fadf40cbfb6b5cde4adeac35e77fa320d3b,/home/exouser/FORTE/gnp_style_continuous_20260830_125107/collection_long2/P5S0C_BRANCH_TELEMETRY/p5s0c_train_t0_r05_s5105_low_mu0.252358_GNP_S1_F3p09765873_R2_F3.09766_trajectory.csv,1,,0
p5s0c_train_t0_r05_s5105_low_mu0.252358_GNP_S2_F3p68184236_R1_F3.68184,p5s0c_train_t0_r05_s5105_low_mu0.252358,p5s0c_train_t0_root05_s5105,0,LOW,0.2523584006618226,2,1,3.681842360269451,1.065121973010198e-15,3.6818423602694503,1,0,full_task_failure,1,6be49c17c4517f04acb7fb5a57f94ff63f7b3c7d55d7398eb1185332929b0006,6be49c17c4517f04acb7fb5a57f94ff63f7b3c7d55d7398eb1185332929b0006,2a65e06aeb54605cbe877201d55e1fadf40cbfb6b5cde4adeac35e77fa320d3b,/home/exouser/FORTE/gnp_style_continuous_20260830_125107/collection_long2/P5S0C_BRANCH_TELEMETRY/p5s0c_train_t0_r05_s5105_low_mu0.252358_GNP_S2_F3p68184236_R1_F3.68184_trajectory.csv,1,,0
p5s0c_train_t0_r05_s5105_low_mu0.252358_GNP_S2_F3p68184236_R2_F3.68184,p5s0c_train_t0_r05_s5105_low_mu0.252358,p5s0c_train_t0_root05_s5105,0,LOW,0.2523584006618226,2,2,3.681842360269451,1.698014560886125e-12,3.681842360267753,1,0,full_task_failure,1,6be49c17c4517f04acb7fb5a57f94ff63f7b3c7d55d7398eb1185332929b0006,6be49c17c4517f04acb7fb5a57f94ff63f7b3c7d55d7398eb1185332929b0006,2a65e06aeb54605cbe877201d55e1fadf40cbfb6b5cde4adeac35e77fa320d3b,/home/exouser/FORTE/gnp_style_continuous_20260830_125107/collection_long2/P5S0C_BRANCH_TELEMETRY/p5s0c_train_t0_r05_s5105_low_mu0.252358_GNP_S2_F3p68184236_R2_F3.68184_trajectory.csv,1,,0
p5s0c_train_t0_r05_s5105_low_mu0.252358_GNP_S3_F3p80061915_R1_F3.80062,p5s0c_train_t0_r05_s5105_low_mu0.252358,p5s0c_train_t0_root05_s5105,0,LOW,0.2523584006618226,3,1,3.8006191494530257,1.7594186656695583e-14,3.800619149453008,1,0,full_task_failure,1,6be49c17c4517f04acb7fb5a57f94ff63f7b3c7d55d7398eb1185332929b0006,6be49c17c4517f04acb7fb5a57f94ff63f7b3c7d55d7398eb1185332929b0006,2a65e06aeb54605cbe877201d55e1fadf40cbfb6b5cde4adeac35e77fa320d3b,/home/exouser/FORTE/gnp_style_continuous_20260830_125107/collection_long2/P5S0C_BRANCH_TELEMETRY/p5s0c_train_t0_r05_s5105_low_mu0.252358_GNP_S3_F3p80061915_R1_F3.80062_trajectory.csv,1,,0
p5s0c_train_t0_r05_s5105_low_mu0.252358_GNP_S3_F3p80061915_R2_F3.80062,p5s0c_train_t0_r05_s5105_low_mu0.252358,p5s0c_train_t0_root05_s5105,0,LOW,0.2523584006618226,3,2,3.8006191494530257,1.8006206963419335e-10,3.8006191492729635,1,0,full_task_failure,1,6be49c17c4517f04acb7fb5a57f94ff63f7b3c7d55d7398eb1185332929b0006,6be49c17c4517f04acb7fb5a57f94ff63f7b3c7d55d7398eb1185332929b0006,2a65e06aeb54605cbe877201d55e1fadf40cbfb6b5cde4adeac35e77fa320d3b,/home/exouser/FORTE/gnp_style_continuous_20260830_125107/collection_long2/P5S0C_BRANCH_TELEMETRY/p5s0c_train_t0_r05_s5105_low_mu0.252358_GNP_S3_F3p80061915_R2_F3.80062_trajectory.csv,1,,0
p5s0c_train_t0_r05_s5105_low_mu0.252358_GNP_S4_F4p24385956_R1_F4.24386,p5s0c_train_t0_r05_s5105_low_mu0.252358,p5s0c_train_t0_root05_s5105,0,LOW,0.2523584006618226,4,1,4.243859561731617,3.9233835477095385,0.3204760140220788,1,1,,1,6be49c17c4517f04acb7fb5a57f94ff63f7b3c7d55d7398eb1185332929b0006,6be49c17c4517f04acb7fb5a57f94ff63f7b3c7d55d7398eb1185332929b0006,2a65e06aeb54605cbe877201d55e1fadf40cbfb6b5cde4adeac35e77fa320d3b,/home/exouser/FORTE/gnp_style_continuous_20260830_125107/collection_long2/P5S0C_BRANCH_TELEMETRY/p5s0c_train_t0_r05_s5105_low_mu0.252358_GNP_S4_F4p24385956_R1_F4.24386_trajectory.csv,1,,0
p5s0c_train_t0_r05_s5105_low_mu0.252358_GNP_S4_F4p24385956_R2_F4.24386,p5s0c_train_t0_r05_s5105_low_mu0.252358,p5s0c_train_t0_root05_s5105,0,LOW,0.2523584006618226,4,2,4.243859561731617,3.920195188277807,0.32366437345381005,1,1,,1,6be49c17c4517f04acb7fb5a57f94ff63f7b3c7d55d7398eb1185332929b0006,6be49c17c4517f04acb7fb5a57f94ff63f7b3c7d55d7398eb1185332929b0006,2a65e06aeb54605cbe877201d55e1fadf40cbfb6b5cde4adeac35e77fa320d3b,/home/exouser/FORTE/gnp_style_continuous_20260830_125107/collection_long2/P5S0C_BRANCH_TELEMETRY/p5s0c_train_t0_r05_s5105_low_mu0.252358_GNP_S4_F4p24385956_R2_F4.24386_trajectory.csv,1,,0
p5s0c_train_t0_r05_s5105_low_mu0.252358_GNP_S5_F4p68765187_R1_F4.68765,p5s0c_train_t0_r05_s5105_low_mu0.252358,p5s0c_train_t0_root05_s5105,0,LOW,0.2523584006618226,5,1,4.687651871335493,4.36623722467667,0.32141464665882324,1,1,,1,6be49c17c4517f04acb7fb5a57f94ff63f7b3c7d55d7398eb1185332929b0006,6be49c17c4517f04acb7fb5a57f94ff63f7b3c7d55d7398eb1185332929b0006,2a65e06aeb54605cbe877201d55e1fadf40cbfb6b5cde4adeac35e77fa320d3b,/home/exouser/FORTE/gnp_style_continuous_20260830_125107/collection_long2/P5S0C_BRANCH_TELEMETRY/p5s0c_train_t0_r05_s5105_low_mu0.252358_GNP_S5_F4p68765187_R1_F4.68765_trajectory.csv,1,,0
p5s0c_train_t0_r05_s5105_low_mu0.252358_GNP_S5_F4p68765187_R2_F4.68765,p5s0c_train_t0_r05_s5105_low_mu0.252358,p5s0c_train_t0_root05_s5105,0,LOW,0.2523584006618226,5,2,4.687651871335493,4.3659516114455,0.32170025988999296,1,1,,1,6be49c17c4517f04acb7fb5a57f94ff63f7b3c7d55d7398eb1185332929b0006,6be49c17c4517f04acb7fb5a57f94ff63f7b3c7d55d7398eb1185332929b0006,2a65e06aeb54605cbe877201d55e1fadf40cbfb6b5cde4adeac35e77fa320d3b,/home/exouser/FORTE/gnp_style_continuous_20260830_125107/collection_long2/P5S0C_BRANCH_TELEMETRY/p5s0c_train_t0_r05_s5105_low_mu0.252358_GNP_S5_F4p68765187_R2_F4.68765_trajectory.csv,1,,0
p5s0c_train_t0_r05_s5105_mid_mu0.529333_GNP_S1_F3p31446121_R1_F3.31446,p5s0c_train_t0_r05_s5105_mid_mu0.529333,p5s0c_train_t0_root05_s5105,0,MID,0.5293331885497402,1,1,3.314461214633906,2.946497226372743,0.3679639882611627,1,1,,1,54034724d70ee0f111d8dc63f501f87356ef54ae9f57f4063a15a40d0917cc5b,54034724d70ee0f111d8dc63f501f87356ef54ae9f57f4063a15a40d0917cc5b,77c56b3f32dc7c21a550a5bd90cc6c7f38387da1be316c3d1120436acedb3155,/home/exouser/FORTE/gnp_style_continuous_20260830_125107/collection_long2/P5S0C_BRANCH_TELEMETRY/p5s0c_train_t0_r05_s5105_mid_mu0.529333_GNP_S1_F3p31446121_R1_F3.31446_trajectory.csv,1,,0
p5s0c_train_t0_r05_s5105_mid_mu0.529333_GNP_S1_F3p31446121_R2_F3.31446,p5s0c_train_t0_r05_s5105_mid_mu0.529333,p5s0c_train_t0_root05_s5105,0,MID,0.5293331885497402,1,2,3.314461214633906,2.946124758475866,0.36833645615804,1,1,,1,54034724d70ee0f111d8dc63f501f87356ef54ae9f57f4063a15a40d0917cc5b,54034724d70ee0f111d8dc63f501f87356ef54ae9f57f4063a15a40d0917cc5b,77c56b3f32dc7c21a550a5bd90cc6c7f38387da1be316c3d1120436acedb3155,/home/exouser/FORTE/gnp_style_continuous_20260830_125107/collection_long2/P5S0C_BRANCH_TELEMETRY/p5s0c_train_t0_r05_s5105_mid_mu0.529333_GNP_S1_F3p31446121_R2_F3.31446_trajectory.csv,1,,0
p5s0c_train_t0_r05_s5105_mid_mu0.529333_GNP_S2_F3p45437945_R1_F3.45438,p5s0c_train_t0_r05_s5105_mid_mu0.529333,p5s0c_train_t0_root05_s5105,0,MID,0.5293331885497402,2,1,3.4543794517133555,3.117027759552002,0.3373516921613535,1,1,,1,54034724d70ee0f111d8dc63f501f87356ef54ae9f57f4063a15a40d0917cc5b,54034724d70ee0f111d8dc63f501f87356ef54ae9f57f4063a15a40d0917cc5b,77c56b3f32dc7c21a550a5bd90cc6c7f38387da1be316c3d1120436acedb3155,/home/exouser/FORTE/gnp_style_continuous_20260830_125107/collection_long2/P5S0C_BRANCH_TELEMETRY/p5s0c_train_t0_r05_s5105_mid_mu0.529333_GNP_S2_F3p45437945_R1_F3.45438_trajectory.csv,1,,0
p5s0c_train_t0_r05_s5105_mid_mu0.529333_GNP_S2_F3p45437945_R2_F3.45438,p5s0c_train_t0_r05_s5105_mid_mu0.529333,p5s0c_train_t0_root05_s5105,0,MID,0.5293331885497402,2,2,3.4543794517133555,3.1211025348076453,0.33327691690571015,1,1,,1,54034724d70ee0f111d8dc63f501f87356ef54ae9f57f4063a15a40d0917cc5b,54034724d70ee0f111d8dc63f501f87356ef54ae9f57f4063a15a40d0917cc5b,77c56b3f32dc7c21a550a5bd90cc6c7f38387da1be316c3d1120436acedb3155,/home/exouser/FORTE/gnp_style_continuous_20260830_125107/collection_long2/P5S0C_BRANCH_TELEMETRY/p5s0c_train_t0_r05_s5105_mid_mu0.529333_GNP_S2_F3p45437945_R2_F3.45438_trajectory.csv,1,,0
p5s0c_train_t0_r05_s5105_mid_mu0.529333_GNP_S3_F3p89783078_R1_F3.89783,p5s0c_train_t0_r05_s5105_mid_mu0.529333,p5s0c_train_t0_root05_s5105,0,MID,0.5293331885497402,3,1,3.897830783725788,3.6101550536277967,0.2876757300979915,1,1,,1,54034724d70ee0f111d8dc63f501f87356ef54ae9f57f4063a15a40d0917cc5b,54034724d70ee0f111d8dc63f501f87356ef54ae9f57f4063a15a40d0917cc5b,77c56b3f32dc7c21a550a5bd90cc6c7f38387da1be316c3d1120436acedb3155,/home/exouser/FORTE/gnp_style_continuous_20260830_125107/collection_long2/P5S0C_BRANCH_TELEMETRY/p5s0c_train_t0_r05_s5105_mid_mu0.529333_GNP_S3_F3p89783078_R1_F3.89783_trajectory.csv,1,,0
p5s0c_train_t0_r05_s5105_mid_mu0.529333_GNP_S3_F3p89783078_R2_F3.89783,p5s0c_train_t0_r05_s5105_mid_mu0.529333,p5s0c_train_t0_root05_s5105,0,MID,0.5293331885497402,3,2,3.897830783725788,3.6023233853853664,0.2955073983404217,1,1,,1,54034724d70ee0f111d8dc63f501f87356ef54ae9f57f4063a15a40d0917cc5b,54034724d70ee0f111d8dc63f501f87356ef54ae9f57f4063a15a40d0917cc5b,77c56b3f32dc7c21a550a5bd90cc6c7f38387da1be316c3d1120436acedb3155,/home/exouser/FORTE/gnp_style_continuous_20260830_125107/collection_long2/P5S0C_BRANCH_TELEMETRY/p5s0c_train_t0_r05_s5105_mid_mu0.529333_GNP_S3_F3p89783078_R2_F3.89783_trajectory.csv,1,,0
p5s0c_train_t0_r05_s5105_mid_mu0.529333_GNP_S4_F4p42397088_R1_F4.42397,p5s0c_train_t0_r05_s5105_mid_mu0.529333,p5s0c_train_t0_root05_s5105,0,MID,0.5293331885497402,4,1,4.423970878927225,4.23334527015686,0.1906256087703646,1,1,,1,54034724d70ee0f111d8dc63f501f87356ef54ae9f57f4063a15a40d0917cc5b,54034724d70ee0f111d8dc63f501f87356ef54ae9f57f4063a15a40d0917cc5b,77c56b3f32dc7c21a550a5bd90cc6c7f38387da1be316c3d1120436acedb3155,/home/exouser/FORTE/gnp_style_continuous_20260830_125107/collection_long2/P5S0C_BRANCH_TELEMETRY/p5s0c_train_t0_r05_s5105_mid_mu0.529333_GNP_S4_F4p42397088_R1_F4.42397_trajectory.csv,1,,0
p5s0c_train_t0_r05_s5105_mid_mu0.529333_GNP_S4_F4p42397088_R2_F4.42397,p5s0c_train_t0_r05_s5105_mid_mu0.529333,p5s0c_train_t0_root05_s5105,0,MID,0.5293331885497402,4,2,4.423970878927225,4.2264252075782185,0.19754567134900647,1,1,,1,54034724d70ee0f111d8dc63f501f87356ef54ae9f57f4063a15a40d0917cc5b,54034724d70ee0f111d8dc63f501f87356ef54ae9f57f4063a15a40d0917cc5b,77c56b3f32dc7c21a550a5bd90cc6c7f38387da1be316c3d1120436acedb3155,/home/exouser/FORTE/gnp_style_continuous_20260830_125107/collection_long2/P5S0C_BRANCH_TELEMETRY/p5s0c_train_t0_r05_s5105_mid_mu0.529333_GNP_S4_F4p42397088_R2_F4.42397_trajectory.csv,1,,0
p5s0c_train_t0_r05_s5105_mid_mu0.529333_GNP_S5_F4p72984204_R1_F4.72984,p5s0c_train_t0_r05_s5105_mid_mu0.529333,p5s0c_train_t0_root05_s5105,0,MID,0.5293331885497402,5,1,4.729842036103465,4.599867661794026,0.12997437430943837,1,1,,1,54034724d70ee0f111d8dc63f501f87356ef54ae9f57f4063a15a40d0917cc5b,54034724d70ee0f111d8dc63f501f87356ef54ae9f57f4063a15a40d0917cc5b,77c56b3f32dc7c21a550a5bd90cc6c7f38387da1be316c3d1120436acedb3155,/home/exouser/FORTE/gnp_style_continuous_20260830_125107/collection_long2/P5S0C_BRANCH_TELEMETRY/p5s0c_train_t0_r05_s5105_mid_mu0.529333_GNP_S5_F4p72984204_R1_F4.72984_trajectory.csv,1,,0
p5s0c_train_t0_r05_s5105_mid_mu0.529333_GNP_S5_F4p72984204_R2_F4.72984,p5s0c_train_t0_r05_s5105_mid_mu0.529333,p5s0c_train_t0_root05_s5105,0,MID,0.5293331885497402,5,2,4.729842036103465,4.597507751905001,0.13233428419846405,1,1,,1,54034724d70ee0f111d8dc63f501f87356ef54ae9f57f4063a15a40d0917cc5b,54034724d70ee0f111d8dc63f501f87356ef54ae9f57f4063a15a40d0917cc5b,77c56b3f32dc7c21a550a5bd90cc6c7f38387da1be316c3d1120436acedb3155,/home/exouser/FORTE/gnp_style_continuous_20260830_125107/collection_long2/P5S0C_BRANCH_TELEMETRY/p5s0c_train_t0_r05_s5105_mid_mu0.529333_GNP_S5_F4p72984204_R2_F4.72984_trajectory.csv,1,,0
p5s0c_train_t1_r00_s5100_high_mu0.921500_GNP_S1_F4p21210096_R1_F4.2121,p5s0c_train_t1_r00_s5100_high_mu0.921500,p5s0c_train_t1_root00_s5100,1,HIGH,0.9215002256494116,1,1,4.21210095834229,4.074897416432699,0.1372035419095914,1,1,,1,3142308c2e7a6388a9e2522e81ffaa6c630caaeb8f20e01d6594f5bac4c352ea,3142308c2e7a6388a9e2522e81ffaa6c630caaeb8f20e01d6594f5bac4c352ea,4e07c57e10a749d093b480eeb93870b543bd39c8d62edd2ed48db2cacead0bcc,/home/exouser/FORTE/gnp_style_continuous_20260830_125107/collection_long2/P5S0C_BRANCH_TELEMETRY/p5s0c_train_t1_r00_s5100_high_mu0.921500_GNP_S1_F4p21210096_R1_F4.2121_trajectory.csv,1,,0
p5s0c_train_t1_r00_s5100_high_mu0.921500_GNP_S1_F4p21210096_R2_F4.2121,p5s0c_train_t1_r00_s5100_high_mu0.921500,p5s0c_train_t1_root00_s5100,1,HIGH,0.9215002256494116,1,2,4.21210095834229,4.12756960550944,0.08453135283285018,1,1,,1,3142308c2e7a6388a9e2522e81ffaa6c630caaeb8f20e01d6594f5bac4c352ea,3142308c2e7a6388a9e2522e81ffaa6c630caaeb8f20e01d6594f5bac4c352ea,4e07c57e10a749d093b480eeb93870b543bd39c8d62edd2ed48db2cacead0bcc,/home/exouser/FORTE/gnp_style_continuous_20260830_125107/collection_long2/P5S0C_BRANCH_TELEMETRY/p5s0c_train_t1_r00_s5100_high_mu0.921500_GNP_S1_F4p21210096_R2_F4.2121_trajectory.csv,1,,0
p5s0c_train_t1_r00_s5100_high_mu0.921500_GNP_S2_F4p53950215_R1_F4.5395,p5s0c_train_t1_r00_s5100_high_mu0.921500,p5s0c_train_t1_root00_s5100,1,HIGH,0.9215002256494116,2,1,4.539502146681921,4.49392365137736,0.045578495304561706,1,1,,1,3142308c2e7a6388a9e2522e81ffaa6c630caaeb8f20e01d6594f5bac4c352ea,3142308c2e7a6388a9e2522e81ffaa6c630caaeb8f20e01d6594f5bac4c352ea,4e07c57e10a749d093b480eeb93870b543bd39c8d62edd2ed48db2cacead0bcc,/home/exouser/FORTE/gnp_style_continuous_20260830_125107/collection_long2/P5S0C_BRANCH_TELEMETRY/p5s0c_train_t1_r00_s5100_high_mu0.921500_GNP_S2_F4p53950215_R1_F4.5395_trajectory.csv,1,,0
p5s0c_train_t1_r00_s5100_high_mu0.921500_GNP_S2_F4p53950215_R2_F4.5395,p5s0c_train_t1_r00_s5100_high_mu0.921500,p5s0c_train_t1_root00_s5100,1,HIGH,0.9215002256494116,2,2,4.539502146681921,4.49388916015625,0.04561298652567114,1,1,,1,3142308c2e7a6388a9e2522e81ffaa6c630caaeb8f20e01d6594f5bac4c352ea,3142308c2e7a6388a9e2522e81ffaa6c630caaeb8f20e01d6594f5bac4c352ea,4e07c57e10a749d093b480eeb93870b543bd39c8d62edd2ed48db2cacead0bcc,/home/exouser/FORTE/gnp_style_continuous_20260830_125107/collection_long2/P5S0C_BRANCH_TELEMETRY/p5s0c_train_t1_r00_s5100_high_mu0.921500_GNP_S2_F4p53950215_R2_F4.5395_trajectory.csv,1,,0
p5s0c_train_t1_r00_s5100_high_mu0.921500_GNP_S3_F5p06414401_R1_F5.06414,p5s0c_train_t1_r00_s5100_high_mu0.921500,p5s0c_train_t1_root00_s5100,1,HIGH,0.9215002256494116,3,1,5.064144012551618,5.079463678995769,0.015319666444150393,1,1,,1,3142308c2e7a6388a9e2522e81ffaa6c630caaeb8f20e01d6594f5bac4c352ea,3142308c2e7a6388a9e2522e81ffaa6c630caaeb8f20e01d6594f5bac4c352ea,4e07c57e10a749d093b480eeb93870b543bd39c8d62edd2ed48db2cacead0bcc,/home/exouser/FORTE/gnp_style_continuous_20260830_125107/collection_long2/P5S0C_BRANCH_TELEMETRY/p5s0c_train_t1_r00_s5100_high_mu0.921500_GNP_S3_F5p06414401_R1_F5.06414_trajectory.csv,1,,0
p5s0c_train_t1_r00_s5100_high_mu0.921500_GNP_S3_F5p06414401_R2_F5.06414,p5s0c_train_t1_r00_s5100_high_mu0.921500,p5s0c_train_t1_root00_s5100,1,HIGH,0.9215002256494116,3,2,5.064144012551618,5.079483687082926,0.015339674531308134,1,1,,1,3142308c2e7a6388a9e2522e81ffaa6c630caaeb8f20e01d6594f5bac4c352ea,3142308c2e7a6388a9e2522e81ffaa6c630caaeb8f20e01d6594f5bac4c352ea,4e07c57e10a749d093b480eeb93870b543bd39c8d62edd2ed48db2cacead0bcc,/home/exouser/FORTE/gnp_style_continuous_20260830_125107/collection_long2/P5S0C_BRANCH_TELEMETRY/p5s0c_train_t1_r00_s5100_high_mu0.921500_GNP_S3_F5p06414401_R2_F5.06414_trajectory.csv,1,,0
p5s0c_train_t1_r00_s5100_high_mu0.921500_GNP_S4_F5p34090975_R1_F5.34091,p5s0c_train_t1_r00_s5100_high_mu0.921500,p5s0c_train_t1_root00_s5100,1,HIGH,0.9215002256494116,4,1,5.340909749997316,5.387068290710449,0.04615854071313308,1,1,,1,3142308c2e7a6388a9e2522e81ffaa6c630caaeb8f20e01d6594f5bac4c352ea,3142308c2e7a6388a9e2522e81ffaa6c630caaeb8f20e01d6594f5bac4c352ea,4e07c57e10a749d093b480eeb93870b543bd39c8d62edd2ed48db2cacead0bcc,/home/exouser/FORTE/gnp_style_continuous_20260830_125107/collection_long2/P5S0C_BRANCH_TELEMETRY/p5s0c_train_t1_r00_s5100_high_mu0.921500_GNP_S4_F5p34090975_R1_F5.34091_trajectory.csv,1,,0
p5s0c_train_t1_r00_s5100_high_mu0.921500_GNP_S4_F5p34090975_R2_F5.34091,p5s0c_train_t1_r00_s5100_high_mu0.921500,p5s0c_train_t1_root00_s5100,1,HIGH,0.9215002256494116,4,2,5.340909749997316,5.387011775970459,0.04610202597314306,1,1,,1,3142308c2e7a6388a9e2522e81ffaa6c630caaeb8f20e01d6594f5bac4c352ea,3142308c2e7a6388a9e2522e81ffaa6c630caaeb8f20e01d6594f5bac4c352ea,4e07c57e10a749d093b480eeb93870b543bd39c8d62edd2ed48db2cacead0bcc,/home/exouser/FORTE/gnp_style_continuous_20260830_125107/collection_long2/P5S0C_BRANCH_TELEMETRY/p5s0c_train_t1_r00_s5100_high_mu0.921500_GNP_S4_F5p34090975_R2_F5.34091_trajectory.csv,1,,0
p5s0c_train_t1_r00_s5100_high_mu0.921500_GNP_S5_F5p67020528_R1_F5.67021,p5s0c_train_t1_r00_s5100_high_mu0.921500,p5s0c_train_t1_root00_s5100,1,HIGH,0.9215002256494116,5,1,5.6702052804400624,5.752100791931152,0.08189551149108976,1,1,,1,3142308c2e7a6388a9e2522e81ffaa6c630caaeb8f20e01d6594f5bac4c352ea,3142308c2e7a6388a9e2522e81ffaa6c630caaeb8f20e01d6594f5bac4c352ea,4e07c57e10a749d093b480eeb93870b543bd39c8d62edd2ed48db2cacead0bcc,/home/exouser/FORTE/gnp_style_continuous_20260830_125107/collection_long2/P5S0C_BRANCH_TELEMETRY/p5s0c_train_t1_r00_s5100_high_mu0.921500_GNP_S5_F5p67020528_R1_F5.67021_trajectory.csv,1,,0
p5s0c_train_t1_r00_s5100_high_mu0.921500_GNP_S5_F5p67020528_R2_F5.67021,p5s0c_train_t1_r00_s5100_high_mu0.921500,p5s0c_train_t1_root00_s5100,1,HIGH,0.9215002256494116,5,2,5.6702052804400624,5.7520061874389645,0.08180090699890208,1,1,,1,3142308c2e7a6388a9e2522e81ffaa6c630caaeb8f20e01d6594f5bac4c352ea,3142308c2e7a6388a9e2522e81ffaa6c630caaeb8f20e01d6594f5bac4c352ea,4e07c57e10a749d093b480eeb93870b543bd39c8d62edd2ed48db2cacead0bcc,/home/exouser/FORTE/gnp_style_continuous_20260830_125107/collection_long2/P5S0C_BRANCH_TELEMETRY/p5s0c_train_t1_r00_s5100_high_mu0.921500_GNP_S5_F5p67020528_R2_F5.67021_trajectory.csv,1,,0
p5s0c_train_t1_r00_s5100_low_mu0.240019_GNP_S1_F4p16464563_R1_F4.16465,p5s0c_train_t1_r00_s5100_low_mu0.240019,p5s0c_train_t1_root00_s5100,1,LOW,0.2400185570682393,1,1,4.164645625838943,1.7944733557743482e-28,4.164645625838943,1,0,full_task_failure,1,396c1450f371162efa2a9a7baf6ba0ba6dd05db561918912f9d3bfa32aa75f9e,396c1450f371162efa2a9a7baf6ba0ba6dd05db561918912f9d3bfa32aa75f9e,22dc0fd12a2b7d3bd3a9fa948eb93e393316ba561b9ed64ceac235a789a5825c,/home/exouser/FORTE/gnp_style_continuous_20260830_125107/collection_long2/P5S0C_BRANCH_TELEMETRY/p5s0c_train_t1_r00_s5100_low_mu0.240019_GNP_S1_F4p16464563_R1_F4.16465_trajectory.csv,1,,0
p5s0c_train_t1_r00_s5100_low_mu0.240019_GNP_S1_F4p16464563_R2_F4.16465,p5s0c_train_t1_r00_s5100_low_mu0.240019,p5s0c_train_t1_root00_s5100,1,LOW,0.2400185570682393,1,2,4.164645625838943,1.485891345192162e-29,4.164645625838943,1,0,full_task_failure,1,396c1450f371162efa2a9a7baf6ba0ba6dd05db561918912f9d3bfa32aa75f9e,396c1450f371162efa2a9a7baf6ba0ba6dd05db561918912f9d3bfa32aa75f9e,22dc0fd12a2b7d3bd3a9fa948eb93e393316ba561b9ed64ceac235a789a5825c,/home/exouser/FORTE/gnp_style_continuous_20260830_125107/collection_long2/P5S0C_BRANCH_TELEMETRY/p5s0c_train_t1_r00_s5100_low_mu0.240019_GNP_S1_F4p16464563_R2_F4.16465_trajectory.csv,1,,0
p5s0c_train_t1_r00_s5100_low_mu0.240019_GNP_S2_F4p42112152_R1_F4.42112,p5s0c_train_t1_r00_s5100_low_mu0.240019,p5s0c_train_t1_root00_s5100,1,LOW,0.2400185570682393,2,1,4.421121521276834,1.8711488639997318e-28,4.421121521276834,1,0,full_task_failure,1,396c1450f371162efa2a9a7baf6ba0ba6dd05db561918912f9d3bfa32aa75f9e,396c1450f371162efa2a9a7baf6ba0ba6dd05db561918912f9d3bfa32aa75f9e,22dc0fd12a2b7d3bd3a9fa948eb93e393316ba561b9ed64ceac235a789a5825c,/home/exouser/FORTE/gnp_style_continuous_20260830_125107/collection_long2/P5S0C_BRANCH_TELEMETRY/p5s0c_train_t1_r00_s5100_low_mu0.240019_GNP_S2_F4p42112152_R1_F4.42112_trajectory.csv,1,,0
p5s0c_train_t1_r00_s5100_low_mu0.240019_GNP_S2_F4p42112152_R2_F4.42112,p5s0c_train_t1_r00_s5100_low_mu0.240019,p5s0c_train_t1_root00_s5100,1,LOW,0.2400185570682393,2,2,4.421121521276834,1.6252277749415036e-27,4.421121521276834,1,0,full_task_failure,1,396c1450f371162efa2a9a7baf6ba0ba6dd05db561918912f9d3bfa32aa75f9e,396c1450f371162efa2a9a7baf6ba0ba6dd05db561918912f9d3bfa32aa75f9e,22dc0fd12a2b7d3bd3a9fa948eb93e393316ba561b9ed64ceac235a789a5825c,/home/exouser/FORTE/gnp_style_continuous_20260830_125107/collection_long2/P5S0C_BRANCH_TELEMETRY/p5s0c_train_t1_r00_s5100_low_mu0.240019_GNP_S2_F4p42112152_R2_F4.42112_trajectory.csv,1,,0
p5s0c_train_t1_r00_s5100_low_mu0.240019_GNP_S3_F5p11963785_R1_F5.11964,p5s0c_train_t1_r00_s5100_low_mu0.240019,p5s0c_train_t1_root00_s5100,1,LOW,0.2400185570682393,3,1,5.119637846314241,1.1038891221126953e-21,5.119637846314241,1,0,full_task_failure,1,396c1450f371162efa2a9a7baf6ba0ba6dd05db561918912f9d3bfa32aa75f9e,396c1450f371162efa2a9a7baf6ba0ba6dd05db561918912f9d3bfa32aa75f9e,22dc0fd12a2b7d3bd3a9fa948eb93e393316ba561b9ed64ceac235a789a5825c,/home/exouser/FORTE/gnp_style_continuous_20260830_125107/collection_long2/P5S0C_BRANCH_TELEMETRY/p5s0c_train_t1_r00_s5100_low_mu0.240019_GNP_S3_F5p11963785_R1_F5.11964_trajectory.csv,1,,0
p5s0c_train_t1_r00_s5100_low_mu0.240019_GNP_S3_F5p11963785_R2_F5.11964,p5s0c_train_t1_r00_s5100_low_mu0.240019,p5s0c_train_t1_root00_s5100,1,LOW,0.2400185570682393,3,2,5.119637846314241,1.6621312197888817e-24,5.119637846314241,1,0,full_task_failure,1,396c1450f371162efa2a9a7baf6ba0ba6dd05db561918912f9d3bfa32aa75f9e,396c1450f371162efa2a9a7baf6ba0ba6dd05db561918912f9d3bfa32aa75f9e,22dc0fd12a2b7d3bd3a9fa948eb93e393316ba561b9ed64ceac235a789a5825c,/home/exouser/FORTE/gnp_style_continuous_20260830_125107/collection_long2/P5S0C_BRANCH_TELEMETRY/p5s0c_train_t1_r00_s5100_low_mu0.240019_GNP_S3_F5p11963785_R2_F5.11964_trajectory.csv,1,,0
p5s0c_train_t1_r00_s5100_low_mu0.240019_GNP_S4_F5p50216149_R1_F5.50216,p5s0c_train_t1_r00_s5100_low_mu0.240019,p5s0c_train_t1_root00_s5100,1,LOW,0.2400185570682393,4,1,5.502161488735795,2.760284686678167e-21,5.502161488735795,1,0,full_task_failure,1,396c1450f371162efa2a9a7baf6ba0ba6dd05db561918912f9d3bfa32aa75f9e,396c1450f371162efa2a9a7baf6ba0ba6dd05db561918912f9d3bfa32aa75f9e,22dc0fd12a2b7d3bd3a9fa948eb93e393316ba561b9ed64ceac235a789a5825c,/home/exouser/FORTE/gnp_style_continuous_20260830_125107/collection_long2/P5S0C_BRANCH_TELEMETRY/p5s0c_train_t1_r00_s5100_low_mu0.240019_GNP_S4_F5p50216149_R1_F5.50216_trajectory.csv,1,,0
p5s0c_train_t1_r00_s5100_low_mu0.240019_GNP_S4_F5p50216149_R2_F5.50216,p5s0c_train_t1_r00_s5100_low_mu0.240019,p5s0c_train_t1_root00_s5100,1,LOW,0.2400185570682393,4,2,5.502161488735795,5.4006552557328825e-18,5.502161488735795,1,0,full_task_failure,1,396c1450f371162efa2a9a7baf6ba0ba6dd05db561918912f9d3bfa32aa75f9e,396c1450f371162efa2a9a7baf6ba0ba6dd05db561918912f9d3bfa32aa75f9e,22dc0fd12a2b7d3bd3a9fa948eb93e393316ba561b9ed64ceac235a789a5825c,/home/exouser/FORTE/gnp_style_continuous_20260830_125107/collection_long2/P5S0C_BRANCH_TELEMETRY/p5s0c_train_t1_r00_s5100_low_mu0.240019_GNP_S4_F5p50216149_R2_F5.50216_trajectory.csv,1,,0
p5s0c_train_t1_r00_s5100_low_mu0.240019_GNP_S5_F5p85932675_R1_F5.85933,p5s0c_train_t1_r00_s5100_low_mu0.240019,p5s0c_train_t1_root00_s5100,1,LOW,0.2400185570682393,5,1,5.859326751521704,8.445150295691776e-24,5.859326751521704,1,0,full_task_failure,1,396c1450f371162efa2a9a7baf6ba0ba6dd05db561918912f9d3bfa32aa75f9e,396c1450f371162efa2a9a7baf6ba0ba6dd05db561918912f9d3bfa32aa75f9e,22dc0fd12a2b7d3bd3a9fa948eb93e393316ba561b9ed64ceac235a789a5825c,/home/exouser/FORTE/gnp_style_continuous_20260830_125107/collection_long2/P5S0C_BRANCH_TELEMETRY/p5s0c_train_t1_r00_s5100_low_mu0.240019_GNP_S5_F5p85932675_R1_F5.85933_trajectory.csv,1,,0
p5s0c_train_t1_r00_s5100_low_mu0.240019_GNP_S5_F5p85932675_R2_F5.85933,p5s0c_train_t1_r00_s5100_low_mu0.240019,p5s0c_train_t1_root00_s5100,1,LOW,0.2400185570682393,5,2,5.859326751521704,7.219729535164953e-24,5.859326751521704,1,0,full_task_failure,1,396c1450f371162efa2a9a7baf6ba0ba6dd05db561918912f9d3bfa32aa75f9e,396c1450f371162efa2a9a7baf6ba0ba6dd05db561918912f9d3bfa32aa75f9e,22dc0fd12a2b7d3bd3a9fa948eb93e393316ba561b9ed64ceac235a789a5825c,/home/exouser/FORTE/gnp_style_continuous_20260830_125107/collection_long2/P5S0C_BRANCH_TELEMETRY/p5s0c_train_t1_r00_s5100_low_mu0.240019_GNP_S5_F5p85932675_R2_F5.85933_trajectory.csv,1,,0
p5s0c_train_t1_r00_s5100_mid_mu0.467048_GNP_S1_F4p15480166_R1_F4.1548,p5s0c_train_t1_r00_s5100_mid_mu0.467048,p5s0c_train_t1_root00_s5100,1,MID,0.4670478243968788,1,1,4.154801664363949,1.6967143758940156e-18,4.154801664363949,1,0,full_task_failure,1,c93fa51e699b930a8620a9b9219922fec6aeebd1069a4124102c755b80cdd936,c93fa51e699b930a8620a9b9219922fec6aeebd1069a4124102c755b80cdd936,e342f4d99cd1c8253b046948656c959426569040382d8d2187d8f6068958a5f4,/home/exouser/FORTE/gnp_style_continuous_20260830_125107/collection_long2/P5S0C_BRANCH_TELEMETRY/p5s0c_train_t1_r00_s5100_mid_mu0.467048_GNP_S1_F4p15480166_R1_F4.1548_trajectory.csv,1,,0
p5s0c_train_t1_r00_s5100_mid_mu0.467048_GNP_S1_F4p15480166_R2_F4.1548,p5s0c_train_t1_r00_s5100_mid_mu0.467048,p5s0c_train_t1_root00_s5100,1,MID,0.4670478243968788,1,2,4.154801664363949,2.385287301116113e-23,4.154801664363949,1,0,full_task_failure,1,c93fa51e699b930a8620a9b9219922fec6aeebd1069a4124102c755b80cdd936,c93fa51e699b930a8620a9b9219922fec6aeebd1069a4124102c755b80cdd936,e342f4d99cd1c8253b046948656c959426569040382d8d2187d8f6068958a5f4,/home/exouser/FORTE/gnp_style_continuous_20260830_125107/collection_long2/P5S0C_BRANCH_TELEMETRY/p5s0c_train_t1_r00_s5100_mid_mu0.467048_GNP_S1_F4p15480166_R2_F4.1548_trajectory.csv,1,,0
p5s0c_train_t1_r00_s5100_mid_mu0.467048_GNP_S2_F4p77250305_R1_F4.7725,p5s0c_train_t1_r00_s5100_mid_mu0.467048,p5s0c_train_t1_root00_s5100,1,MID,0.4670478243968788,2,1,4.772503047650745,4.645729351043701,0.12677369660704407,1,1,,1,c93fa51e699b930a8620a9b9219922fec6aeebd1069a4124102c755b80cdd936,c93fa51e699b930a8620a9b9219922fec6aeebd1069a4124102c755b80cdd936,e342f4d99cd1c8253b046948656c959426569040382d8d2187d8f6068958a5f4,/home/exouser/FORTE/gnp_style_continuous_20260830_125107/collection_long2/P5S0C_BRANCH_TELEMETRY/p5s0c_train_t1_r00_s5100_mid_mu0.467048_GNP_S2_F4p77250305_R1_F4.7725_trajectory.csv,1,,0
p5s0c_train_t1_r00_s5100_mid_mu0.467048_GNP_S2_F4p77250305_R2_F4.7725,p5s0c_train_t1_r00_s5100_mid_mu0.467048,p5s0c_train_t1_root00_s5100,1,MID,0.4670478243968788,2,2,4.772503047650745,4.646667569478353,0.12583547817239182,1,1,,1,c93fa51e699b930a8620a9b9219922fec6aeebd1069a4124102c755b80cdd936,c93fa51e699b930a8620a9b9219922fec6aeebd1069a4124102c755b80cdd936,e342f4d99cd1c8253b046948656c959426569040382d8d2187d8f6068958a5f4,/home/exouser/FORTE/gnp_style_continuous_20260830_125107/collection_long2/P5S0C_BRANCH_TELEMETRY/p5s0c_train_t1_r00_s5100_mid_mu0.467048_GNP_S2_F4p77250305_R2_F4.7725_trajectory.csv,1,,0
p5s0c_train_t1_r00_s5100_mid_mu0.467048_GNP_S3_F5p02341967_R1_F5.02342,p5s0c_train_t1_r00_s5100_mid_mu0.467048,p5s0c_train_t1_root00_s5100,1,MID,0.4670478243968788,3,1,5.023419669736597,4.913749974568685,0.1096696951679128,1,1,,1,c93fa51e699b930a8620a9b9219922fec6aeebd1069a4124102c755b80cdd936,c93fa51e699b930a8620a9b9219922fec6aeebd1069a4124102c755b80cdd936,e342f4d99cd1c8253b046948656c959426569040382d8d2187d8f6068958a5f4,/home/exouser/FORTE/gnp_style_continuous_20260830_125107/collection_long2/P5S0C_BRANCH_TELEMETRY/p5s0c_train_t1_r00_s5100_mid_mu0.467048_GNP_S3_F5p02341967_R1_F5.02342_trajectory.csv,1,,0
p5s0c_train_t1_r00_s5100_mid_mu0.467048_GNP_S3_F5p02341967_R2_F5.02342,p5s0c_train_t1_r00_s5100_mid_mu0.467048,p5s0c_train_t1_root00_s5100,1,MID,0.4670478243968788,3,2,5.023419669736597,4.93429791132609,0.08912175841050729,1,1,,1,c93fa51e699b930a8620a9b9219922fec6aeebd1069a4124102c755b80cdd936,c93fa51e699b930a8620a9b9219922fec6aeebd1069a4124102c755b80cdd936,e342f4d99cd1c8253b046948656c959426569040382d8d2187d8f6068958a5f4,/home/exouser/FORTE/gnp_style_continuous_20260830_125107/collection_long2/P5S0C_BRANCH_TELEMETRY/p5s0c_train_t1_r00_s5100_mid_mu0.467048_GNP_S3_F5p02341967_R2_F5.02342_trajectory.csv,1,,0
p5s0c_train_t1_r00_s5100_mid_mu0.467048_GNP_S4_F5p48251207_R1_F5.48251,p5s0c_train_t1_r00_s5100_mid_mu0.467048,p5s0c_train_t1_root00_s5100,1,MID,0.4670478243968788,4,1,5.482512073127117,5.478673013051351,0.0038390600757658433,1,1,,1,c93fa51e699b930a8620a9b9219922fec6aeebd1069a4124102c755b80cdd936,c93fa51e699b930a8620a9b9219922fec6aeebd1069a4124102c755b80cdd936,e342f4d99cd1c8253b046948656c959426569040382d8d2187d8f6068958a5f4,/home/exouser/FORTE/gnp_style_continuous_20260830_125107/collection_long2/P5S0C_BRANCH_TELEMETRY/p5s0c_train_t1_r00_s5100_mid_mu0.467048_GNP_S4_F5p48251207_R1_F5.48251_trajectory.csv,1,,0
p5s0c_train_t1_r00_s5100_mid_mu0.467048_GNP_S4_F5p48251207_R2_F5.48251,p5s0c_train_t1_r00_s5100_mid_mu0.467048,p5s0c_train_t1_root00_s5100,1,MID,0.4670478243968788,4,2,5.482512073127117,5.482312208811442,0.00019986431567442509,1,1,,1,c93fa51e699b930a8620a9b9219922fec6aeebd1069a4124102c755b80cdd936,c93fa51e699b930a8620a9b9219922fec6aeebd1069a4124102c755b80cdd936,e342f4d99cd1c8253b046948656c959426569040382d8d2187d8f6068958a5f4,/home/exouser/FORTE/gnp_style_continuous_20260830_125107/collection_long2/P5S0C_BRANCH_TELEMETRY/p5s0c_train_t1_r00_s5100_mid_mu0.467048_GNP_S4_F5p48251207_R2_F5.48251_trajectory.csv,1,,0
p5s0c_train_t1_r00_s5100_mid_mu0.467048_GNP_S5_F5p67133255_R1_F5.67133,p5s0c_train_t1_r00_s5100_mid_mu0.467048,p5s0c_train_t1_root00_s5100,1,MID,0.4670478243968788,5,1,5.671332546530255,5.700862808227539,0.029530261697283677,1,1,,1,c93fa51e699b930a8620a9b9219922fec6aeebd1069a4124102c755b80cdd936,c93fa51e699b930a8620a9b9219922fec6aeebd1069a4124102c755b80cdd936,e342f4d99cd1c8253b046948656c959426569040382d8d2187d8f6068958a5f4,/home/exouser/FORTE/gnp_style_continuous_20260830_125107/collection_long2/P5S0C_BRANCH_TELEMETRY/p5s0c_train_t1_r00_s5100_mid_mu0.467048_GNP_S5_F5p67133255_R1_F5.67133_trajectory.csv,1,,0
p5s0c_train_t1_r00_s5100_mid_mu0.467048_GNP_S5_F5p67133255_R2_F5.67133,p5s0c_train_t1_r00_s5100_mid_mu0.467048,p5s0c_train_t1_root00_s5100,1,MID,0.4670478243968788,5,2,5.671332546530255,5.700263144175212,0.028930597644956535,1,1,,1,c93fa51e699b930a8620a9b9219922fec6aeebd1069a4124102c755b80cdd936,c93fa51e699b930a8620a9b9219922fec6aeebd1069a4124102c755b80cdd936,e342f4d99cd1c8253b046948656c959426569040382d8d2187d8f6068958a5f4,/home/exouser/FORTE/gnp_style_continuous_20260830_125107/collection_long2/P5S0C_BRANCH_TELEMETRY/p5s0c_train_t1_r00_s5100_mid_mu0.467048_GNP_S5_F5p67133255_R2_F5.67133_trajectory.csv,1,,0
p5s0c_train_t1_r01_s5101_high_mu0.920754_GNP_S1_F4p33807893_R1_F4.33808,p5s0c_train_t1_r01_s5101_high_mu0.920754,p5s0c_train_t1_root01_s5101,1,HIGH,0.9207541147845438,1,1,4.338078926384688,4.213707234064738,0.12437169231995071,1,1,,1,bfbc2a0f9839330f69dc81aa1b63e057ab65fa847f7c93ca9006828494a87987,bfbc2a0f9839330f69dc81aa1b63e057ab65fa847f7c93ca9006828494a87987,fe2b891c3c207e5f1edbfdf97bed5c6daf10022832da9b44e8f8e6fa4a4fd1b6,/home/exouser/FORTE/gnp_style_continuous_20260830_125107/collection_long2/P5S0C_BRANCH_TELEMETRY/p5s0c_train_t1_r01_s5101_high_mu0.920754_GNP_S1_F4p33807893_R1_F4.33808_trajectory.csv,1,,0
p5s0c_train_t1_r01_s5101_high_mu0.920754_GNP_S1_F4p33807893_R2_F4.33808,p5s0c_train_t1_r01_s5101_high_mu0.920754,p5s0c_train_t1_root01_s5101,1,HIGH,0.9207541147845438,1,2,4.338078926384688,4.261846192677816,0.07623273370687222,1,1,,1,bfbc2a0f9839330f69dc81aa1b63e057ab65fa847f7c93ca9006828494a87987,bfbc2a0f9839330f69dc81aa1b63e057ab65fa847f7c93ca9006828494a87987,fe2b891c3c207e5f1edbfdf97bed5c6daf10022832da9b44e8f8e6fa4a4fd1b6,/home/exouser/FORTE/gnp_style_continuous_20260830_125107/collection_long2/P5S0C_BRANCH_TELEMETRY/p5s0c_train_t1_r01_s5101_high_mu0.920754_GNP_S1_F4p33807893_R2_F4.33808_trajectory.csv,1,,0
p5s0c_train_t1_r01_s5101_high_mu0.920754_GNP_S2_F4p44240793_R1_F4.44241,p5s0c_train_t1_r01_s5101_high_mu0.920754,p5s0c_train_t1_root01_s5101,1,HIGH,0.9207541147845438,2,1,4.44240793198037,4.276871662139893,0.16553626984047742,1,1,,1,bfbc2a0f9839330f69dc81aa1b63e057ab65fa847f7c93ca9006828494a87987,bfbc2a0f9839330f69dc81aa1b63e057ab65fa847f7c93ca9006828494a87987,fe2b891c3c207e5f1edbfdf97bed5c6daf10022832da9b44e8f8e6fa4a4fd1b6,/home/exouser/FORTE/gnp_style_continuous_20260830_125107/collection_long2/P5S0C_BRANCH_TELEMETRY/p5s0c_train_t1_r01_s5101_high_mu0.920754_GNP_S2_F4p44240793_R1_F4.44241_trajectory.csv,1,,0
p5s0c_train_t1_r01_s5101_high_mu0.920754_GNP_S2_F4p44240793_R2_F4.44241,p5s0c_train_t1_r01_s5101_high_mu0.920754,p5s0c_train_t1_root01_s5101,1,HIGH,0.9207541147845438,2,2,4.44240793198037,4.381748507817586,0.06065942416278425,1,1,,1,bfbc2a0f9839330f69dc81aa1b63e057ab65fa847f7c93ca9006828494a87987,bfbc2a0f9839330f69dc81aa1b63e057ab65fa847f7c93ca9006828494a87987,fe2b891c3c207e5f1edbfdf97bed5c6daf10022832da9b44e8f8e6fa4a4fd1b6,/home/exouser/FORTE/gnp_style_continuous_20260830_125107/collection_long2/P5S0C_BRANCH_TELEMETRY/p5s0c_train_t1_r01_s5101_high_mu0.920754_GNP_S2_F4p44240793_R2_F4.44241_trajectory.csv,1,,0
p5s0c_train_t1_r01_s5101_high_mu0.920754_GNP_S3_F4p8137125_R1_F4.81371,p5s0c_train_t1_r01_s5101_high_mu0.920754,p5s0c_train_t1_root01_s5101,1,HIGH,0.9207541147845438,3,1,4.813712498162126,4.825995140075683,0.01228264191355688,1,1,,1,bfbc2a0f9839330f69dc81aa1b63e057ab65fa847f7c93ca9006828494a87987,bfbc2a0f9839330f69dc81aa1b63e057ab65fa847f7c93ca9006828494a87987,fe2b891c3c207e5f1edbfdf97bed5c6daf10022832da9b44e8f8e6fa4a4fd1b6,/home/exouser/FORTE/gnp_style_continuous_20260830_125107/collection_long2/P5S0C_BRANCH_TELEMETRY/p5s0c_train_t1_r01_s5101_high_mu0.920754_GNP_S3_F4p8137125_R1_F4.81371_trajectory.csv,1,,0
p5s0c_train_t1_r01_s5101_high_mu0.920754_GNP_S3_F4p8137125_R2_F4.81371,p5s0c_train_t1_r01_s5101_high_mu0.920754,p5s0c_train_t1_root01_s5101,1,HIGH,0.9207541147845438,3,2,4.813712498162126,4.793736044565836,0.019976453596290078,1,1,,1,bfbc2a0f9839330f69dc81aa1b63e057ab65fa847f7c93ca9006828494a87987,bfbc2a0f9839330f69dc81aa1b63e057ab65fa847f7c93ca9006828494a87987,fe2b891c3c207e5f1edbfdf97bed5c6daf10022832da9b44e8f8e6fa4a4fd1b6,/home/exouser/FORTE/gnp_style_continuous_20260830_125107/collection_long2/P5S0C_BRANCH_TELEMETRY/p5s0c_train_t1_r01_s5101_high_mu0.920754_GNP_S3_F4p8137125_R2_F4.81371_trajectory.csv,1,,0
p5s0c_train_t1_r01_s5101_high_mu0.920754_GNP_S4_F5p48967731_R1_F5.48968,p5s0c_train_t1_r01_s5101_high_mu0.920754,p5s0c_train_t1_root01_s5101,1,HIGH,0.9207541147845438,4,1,5.489677305552813,5.545726013183594,0.05604870763078118,1,1,,1,bfbc2a0f9839330f69dc81aa1b63e057ab65fa847f7c93ca9006828494a87987,bfbc2a0f9839330f69dc81aa1b63e057ab65fa847f7c93ca9006828494a87987,fe2b891c3c207e5f1edbfdf97bed5c6daf10022832da9b44e8f8e6fa4a4fd1b6,/home/exouser/FORTE/gnp_style_continuous_20260830_125107/collection_long2/P5S0C_BRANCH_TELEMETRY/p5s0c_train_t1_r01_s5101_high_mu0.920754_GNP_S4_F5p48967731_R1_F5.48968_trajectory.csv,1,,0
p5s0c_train_t1_r01_s5101_high_mu0.920754_GNP_S4_F5p48967731_R2_F5.48968,p5s0c_train_t1_r01_s5101_high_mu0.920754,p5s0c_train_t1_root01_s5101,1,HIGH,0.9207541147845438,4,2,5.489677305552813,5.545941613515218,0.056264307962405447,1,1,,1,bfbc2a0f9839330f69dc81aa1b63e057ab65fa847f7c93ca9006828494a87987,bfbc2a0f9839330f69dc81aa1b63e057ab65fa847f7c93ca9006828494a87987,fe2b891c3c207e5f1edbfdf97bed5c6daf10022832da9b44e8f8e6fa4a4fd1b6,/home/exouser/FORTE/gnp_style_continuous_20260830_125107/collection_long2/P5S0C_BRANCH_TELEMETRY/p5s0c_train_t1_r01_s5101_high_mu0.920754_GNP_S4_F5p48967731_R2_F5.48968_trajectory.csv,1,,0
p5s0c_train_t1_r01_s5101_high_mu0.920754_GNP_S5_F5p63324511_R1_F5.63325,p5s0c_train_t1_r01_s5101_high_mu0.920754,p5s0c_train_t1_root01_s5101,1,HIGH,0.9207541147845438,5,1,5.6332451054602055,5.701972319285075,0.06872721382486979,1,1,,1,bfbc2a0f9839330f69dc81aa1b63e057ab65fa847f7c93ca9006828494a87987,bfbc2a0f9839330f69dc81aa1b63e057ab65fa847f7c93ca9006828494a87987,fe2b891c3c207e5f1edbfdf97bed5c6daf10022832da9b44e8f8e6fa4a4fd1b6,/home/exouser/FORTE/gnp_style_continuous_20260830_125107/collection_long2/P5S0C_BRANCH_TELEMETRY/p5s0c_train_t1_r01_s5101_high_mu0.920754_GNP_S5_F5p63324511_R1_F5.63325_trajectory.csv,1,,0
p5s0c_train_t1_r01_s5101_high_mu0.920754_GNP_S5_F5p63324511_R2_F5.63325,p5s0c_train_t1_r01_s5101_high_mu0.920754,p5s0c_train_t1_root01_s5101,1,HIGH,0.9207541147845438,5,2,5.6332451054602055,5.702872854868571,0.06962774940836525,1,1,,1,bfbc2a0f9839330f69dc81aa1b63e057ab65fa847f7c93ca9006828494a87987,bfbc2a0f9839330f69dc81aa1b63e057ab65fa847f7c93ca9006828494a87987,fe2b891c3c207e5f1edbfdf97bed5c6daf10022832da9b44e8f8e6fa4a4fd1b6,/home/exouser/FORTE/gnp_style_continuous_20260830_125107/collection_long2/P5S0C_BRANCH_TELEMETRY/p5s0c_train_t1_r01_s5101_high_mu0.920754_GNP_S5_F5p63324511_R2_F5.63325_trajectory.csv,1,,0
p5s0c_train_t1_r01_s5101_low_mu0.271996_GNP_S1_F4p0226415_R1_F4.02264,p5s0c_train_t1_r01_s5101_low_mu0.271996,p5s0c_train_t1_root01_s5101,1,LOW,0.2719961745269844,1,1,4.022641498213649,9.944129925265275e-29,4.022641498213649,1,0,full_task_failure,1,c4dd86a840ad896ad64d68eb0185babff22691a151a6e010938c0f06a0d0dbc8,c4dd86a840ad896ad64d68eb0185babff22691a151a6e010938c0f06a0d0dbc8,5651f763dc6fab3d714fd5fcf265c35ba9da47e0ffa54a5dad8acd8a192f08f3,/home/exouser/FORTE/gnp_style_continuous_20260830_125107/collection_long2/P5S0C_BRANCH_TELEMETRY/p5s0c_train_t1_r01_s5101_low_mu0.271996_GNP_S1_F4p0226415_R1_F4.02264_trajectory.csv,1,,0
p5s0c_train_t1_r01_s5101_low_mu0.271996_GNP_S1_F4p0226415_R2_F4.02264,p5s0c_train_t1_r01_s5101_low_mu0.271996,p5s0c_train_t1_root01_s5101,1,LOW,0.2719961745269844,1,2,4.022641498213649,5.193113761358211e-29,4.022641498213649,1,0,full_task_failure,1,c4dd86a840ad896ad64d68eb0185babff22691a151a6e010938c0f06a0d0dbc8,c4dd86a840ad896ad64d68eb0185babff22691a151a6e010938c0f06a0d0dbc8,5651f763dc6fab3d714fd5fcf265c35ba9da47e0ffa54a5dad8acd8a192f08f3,/home/exouser/FORTE/gnp_style_continuous_20260830_125107/collection_long2/P5S0C_BRANCH_TELEMETRY/p5s0c_train_t1_r01_s5101_low_mu0.271996_GNP_S1_F4p0226415_R2_F4.02264_trajectory.csv,1,,0
p5s0c_train_t1_r01_s5101_low_mu0.271996_GNP_S2_F4p55792824_R1_F4.55793,p5s0c_train_t1_r01_s5101_low_mu0.271996,p5s0c_train_t1_root01_s5101,1,LOW,0.2719961745269844,2,1,4.557928243459699,3.777702137062907e-25,4.557928243459699,1,0,full_task_failure,1,c4dd86a840ad896ad64d68eb0185babff22691a151a6e010938c0f06a0d0dbc8,c4dd86a840ad896ad64d68eb0185babff22691a151a6e010938c0f06a0d0dbc8,5651f763dc6fab3d714fd5fcf265c35ba9da47e0ffa54a5dad8acd8a192f08f3,/home/exouser/FORTE/gnp_style_continuous_20260830_125107/collection_long2/P5S0C_BRANCH_TELEMETRY/p5s0c_train_t1_r01_s5101_low_mu0.271996_GNP_S2_F4p55792824_R1_F4.55793_trajectory.csv,1,,0
p5s0c_train_t1_r01_s5101_low_mu0.271996_GNP_S2_F4p55792824_R2_F4.55793,p5s0c_train_t1_r01_s5101_low_mu0.271996,p5s0c_train_t1_root01_s5101,1,LOW,0.2719961745269844,2,2,4.557928243459699,9.853549101554804e-26,4.557928243459699,1,0,full_task_failure,1,c4dd86a840ad896ad64d68eb0185babff22691a151a6e010938c0f06a0d0dbc8,c4dd86a840ad896ad64d68eb0185babff22691a151a6e010938c0f06a0d0dbc8,5651f763dc6fab3d714fd5fcf265c35ba9da47e0ffa54a5dad8acd8a192f08f3,/home/exouser/FORTE/gnp_style_continuous_20260830_125107/collection_long2/P5S0C_BRANCH_TELEMETRY/p5s0c_train_t1_r01_s5101_low_mu0.271996_GNP_S2_F4p55792824_R2_F4.55793_trajectory.csv,1,,0
p5s0c_train_t1_r01_s5101_low_mu0.271996_GNP_S3_F5p10771794_R1_F5.10772,p5s0c_train_t1_r01_s5101_low_mu0.271996,p5s0c_train_t1_root01_s5101,1,LOW,0.2719961745269844,3,1,5.107717938919584,7.40720314005029e-18,5.107717938919584,1,0,full_task_failure,1,c4dd86a840ad896ad64d68eb0185babff22691a151a6e010938c0f06a0d0dbc8,c4dd86a840ad896ad64d68eb0185babff22691a151a6e010938c0f06a0d0dbc8,5651f763dc6fab3d714fd5fcf265c35ba9da47e0ffa54a5dad8acd8a192f08f3,/home/exouser/FORTE/gnp_style_continuous_20260830_125107/collection_long2/P5S0C_BRANCH_TELEMETRY/p5s0c_train_t1_r01_s5101_low_mu0.271996_GNP_S3_F5p10771794_R1_F5.10772_trajectory.csv,1,,0
p5s0c_train_t1_r01_s5101_low_mu0.271996_GNP_S3_F5p10771794_R2_F5.10772,p5s0c_train_t1_r01_s5101_low_mu0.271996,p5s0c_train_t1_root01_s5101,1,LOW,0.2719961745269844,3,2,5.107717938919584,1.6677801449591447e-24,5.107717938919584,1,0,full_task_failure,1,c4dd86a840ad896ad64d68eb0185babff22691a151a6e010938c0f06a0d0dbc8,c4dd86a840ad896ad64d68eb0185babff22691a151a6e010938c0f06a0d0dbc8,5651f763dc6fab3d714fd5fcf265c35ba9da47e0ffa54a5dad8acd8a192f08f3,/home/exouser/FORTE/gnp_style_continuous_20260830_125107/collection_long2/P5S0C_BRANCH_TELEMETRY/p5s0c_train_t1_r01_s5101_low_mu0.271996_GNP_S3_F5p10771794_R2_F5.10772_trajectory.csv,1,,0
p5s0c_train_t1_r01_s5101_low_mu0.271996_GNP_S4_F5p36812134_R1_F5.36812,p5s0c_train_t1_r01_s5101_low_mu0.271996,p5s0c_train_t1_root01_s5101,1,LOW,0.2719961745269844,4,1,5.368121340026501,0.001718680475818,5.366402659550682,1,0,full_task_failure,1,c4dd86a840ad896ad64d68eb0185babff22691a151a6e010938c0f06a0d0dbc8,c4dd86a840ad896ad64d68eb0185babff22691a151a6e010938c0f06a0d0dbc8,5651f763dc6fab3d714fd5fcf265c35ba9da47e0ffa54a5dad8acd8a192f08f3,/home/exouser/FORTE/gnp_style_continuous_20260830_125107/collection_long2/P5S0C_BRANCH_TELEMETRY/p5s0c_train_t1_r01_s5101_low_mu0.271996_GNP_S4_F5p36812134_R1_F5.36812_trajectory.csv,1,,0
p5s0c_train_t1_r01_s5101_low_mu0.271996_GNP_S4_F5p36812134_R2_F5.36812,p5s0c_train_t1_r01_s5101_low_mu0.271996,p5s0c_train_t1_root01_s5101,1,LOW,0.2719961745269844,4,2,5.368121340026501,2.5032714825733705e-14,5.368121340026476,1,0,full_task_failure,1,c4dd86a840ad896ad64d68eb0185babff22691a151a6e010938c0f06a0d0dbc8,c4dd86a840ad896ad64d68eb0185babff22691a151a6e010938c0f06a0d0dbc8,5651f763dc6fab3d714fd5fcf265c35ba9da47e0ffa54a5dad8acd8a192f08f3,/home/exouser/FORTE/gnp_style_continuous_20260830_125107/collection_long2/P5S0C_BRANCH_TELEMETRY/p5s0c_train_t1_r01_s5101_low_mu0.271996_GNP_S4_F5p36812134_R2_F5.36812_trajectory.csv,1,,0
p5s0c_train_t1_r01_s5101_low_mu0.271996_GNP_S5_F5p65811175_R1_F5.65811,p5s0c_train_t1_r01_s5101_low_mu0.271996,p5s0c_train_t1_root01_s5101,1,LOW,0.2719961745269844,5,1,5.658111754514343,5.512272415161132,0.14583933935321092,1,1,,1,c4dd86a840ad896ad64d68eb0185babff22691a151a6e010938c0f06a0d0dbc8,c4dd86a840ad896ad64d68eb0185babff22691a151a6e010938c0f06a0d0dbc8,5651f763dc6fab3d714fd5fcf265c35ba9da47e0ffa54a5dad8acd8a192f08f3,/home/exouser/FORTE/gnp_style_continuous_20260830_125107/collection_long2/P5S0C_BRANCH_TELEMETRY/p5s0c_train_t1_r01_s5101_low_mu0.271996_GNP_S5_F5p65811175_R1_F5.65811_trajectory.csv,1,,0
p5s0c_train_t1_r01_s5101_low_mu0.271996_GNP_S5_F5p65811175_R2_F5.65811,p5s0c_train_t1_r01_s5101_low_mu0.271996,p5s0c_train_t1_root01_s5101,1,LOW,0.2719961745269844,5,2,5.658111754514343,5.599381682078044,0.05873007243629935,1,1,,1,c4dd86a840ad896ad64d68eb0185babff22691a151a6e010938c0f06a0d0dbc8,c4dd86a840ad896ad64d68eb0185babff22691a151a6e010938c0f06a0d0dbc8,5651f763dc6fab3d714fd5fcf265c35ba9da47e0ffa54a5dad8acd8a192f08f3,/home/exouser/FORTE/gnp_style_continuous_20260830_125107/collection_long2/P5S0C_BRANCH_TELEMETRY/p5s0c_train_t1_r01_s5101_low_mu0.271996_GNP_S5_F5p65811175_R2_F5.65811_trajectory.csv,1,,0
p5s0c_train_t1_r01_s5101_mid_mu0.506177_GNP_S1_F4p24789067_R1_F4.24789,p5s0c_train_t1_r01_s5101_mid_mu0.506177,p5s0c_train_t1_root01_s5101,1,MID,0.5061774499381578,1,1,4.2478906691026745,3.822697595258695e-25,4.2478906691026745,1,0,full_task_failure,1,d1a1e0b56b0ca896dac25bcab15965f7ef6b2d86ce720a41bdc780956ae762d2,d1a1e0b56b0ca896dac25bcab15965f7ef6b2d86ce720a41bdc780956ae762d2,d952da4b9c85eb341c2bd7867b2c5beab18089c04806d07e880aabc03095e40b,/home/exouser/FORTE/gnp_style_continuous_20260830_125107/collection_long2/P5S0C_BRANCH_TELEMETRY/p5s0c_train_t1_r01_s5101_mid_mu0.506177_GNP_S1_F4p24789067_R1_F4.24789_trajectory.csv,1,,0
p5s0c_train_t1_r01_s5101_mid_mu0.506177_GNP_S1_F4p24789067_R2_F4.24789,p5s0c_train_t1_r01_s5101_mid_mu0.506177,p5s0c_train_t1_root01_s5101,1,MID,0.5061774499381578,1,2,4.2478906691026745,4.849566122486387e-23,4.2478906691026745,1,0,full_task_failure,1,d1a1e0b56b0ca896dac25bcab15965f7ef6b2d86ce720a41bdc780956ae762d2,d1a1e0b56b0ca896dac25bcab15965f7ef6b2d86ce720a41bdc780956ae762d2,d952da4b9c85eb341c2bd7867b2c5beab18089c04806d07e880aabc03095e40b,/home/exouser/FORTE/gnp_style_continuous_20260830_125107/collection_long2/P5S0C_BRANCH_TELEMETRY/p5s0c_train_t1_r01_s5101_mid_mu0.506177_GNP_S1_F4p24789067_R2_F4.24789_trajectory.csv,1,,0
p5s0c_train_t1_r01_s5101_mid_mu0.506177_GNP_S2_F4p68068004_R1_F4.68068,p5s0c_train_t1_r01_s5101_mid_mu0.506177,p5s0c_train_t1_root01_s5101,1,MID,0.5061774499381578,2,1,4.680680042814863,4.595526790618896,0.08515325219596726,1,1,,1,d1a1e0b56b0ca896dac25bcab15965f7ef6b2d86ce720a41bdc780956ae762d2,d1a1e0b56b0ca896dac25bcab15965f7ef6b2d86ce720a41bdc780956ae762d2,d952da4b9c85eb341c2bd7867b2c5beab18089c04806d07e880aabc03095e40b,/home/exouser/FORTE/gnp_style_continuous_20260830_125107/collection_long2/P5S0C_BRANCH_TELEMETRY/p5s0c_train_t1_r01_s5101_mid_mu0.506177_GNP_S2_F4p68068004_R1_F4.68068_trajectory.csv,1,,0
p5s0c_train_t1_r01_s5101_mid_mu0.506177_GNP_S2_F4p68068004_R2_F4.68068,p5s0c_train_t1_r01_s5101_mid_mu0.506177,p5s0c_train_t1_root01_s5101,1,MID,0.5061774499381578,2,2,4.680680042814863,4.599795589447021,0.08088445336784211,1,1,,1,d1a1e0b56b0ca896dac25bcab15965f7ef6b2d86ce720a41bdc780956ae762d2,d1a1e0b56b0ca896dac25bcab15965f7ef6b2d86ce720a41bdc780956ae762d2,d952da4b9c85eb341c2bd7867b2c5beab18089c04806d07e880aabc03095e40b,/home/exouser/FORTE/gnp_style_continuous_20260830_125107/collection_long2/P5S0C_BRANCH_TELEMETRY/p5s0c_train_t1_r01_s5101_mid_mu0.506177_GNP_S2_F4p68068004_R2_F4.68068_trajectory.csv,1,,0
p5s0c_train_t1_r01_s5101_mid_mu0.506177_GNP_S3_F5p0876003_R1_F5.0876,p5s0c_train_t1_r01_s5101_mid_mu0.506177,p5s0c_train_t1_root01_s5101,1,MID,0.5061774499381578,3,1,5.087600296865551,5.049528770446777,0.03807152641877387,1,1,,1,d1a1e0b56b0ca896dac25bcab15965f7ef6b2d86ce720a41bdc780956ae762d2,d1a1e0b56b0ca896dac25bcab15965f7ef6b2d86ce720a41bdc780956ae762d2,d952da4b9c85eb341c2bd7867b2c5beab18089c04806d07e880aabc03095e40b,/home/exouser/FORTE/gnp_style_continuous_20260830_125107/collection_long2/P5S0C_BRANCH_TELEMETRY/p5s0c_train_t1_r01_s5101_mid_mu0.506177_GNP_S3_F5p0876003_R1_F5.0876_trajectory.csv,1,,0
p5s0c_train_t1_r01_s5101_mid_mu0.506177_GNP_S3_F5p0876003_R2_F5.0876,p5s0c_train_t1_r01_s5101_mid_mu0.506177,p5s0c_train_t1_root01_s5101,1,MID,0.5061774499381578,3,2,5.087600296865551,5.048955790201823,0.03864450666372754,1,1,,1,d1a1e0b56b0ca896dac25bcab15965f7ef6b2d86ce720a41bdc780956ae762d2,d1a1e0b56b0ca896dac25bcab15965f7ef6b2d86ce720a41bdc780956ae762d2,d952da4b9c85eb341c2bd7867b2c5beab18089c04806d07e880aabc03095e40b,/home/exouser/FORTE/gnp_style_continuous_20260830_125107/collection_long2/P5S0C_BRANCH_TELEMETRY/p5s0c_train_t1_r01_s5101_mid_mu0.506177_GNP_S3_F5p0876003_R2_F5.0876_trajectory.csv,1,,0
p5s0c_train_t1_r01_s5101_mid_mu0.506177_GNP_S4_F5p56716734_R1_F5.56717,p5s0c_train_t1_r01_s5101_mid_mu0.506177,p5s0c_train_t1_root01_s5101,1,MID,0.5061774499381578,4,1,5.567167343593535,5.667537441253662,0.10037009766012694,1,1,,1,d1a1e0b56b0ca896dac25bcab15965f7ef6b2d86ce720a41bdc780956ae762d2,d1a1e0b56b0ca896dac25bcab15965f7ef6b2d86ce720a41bdc780956ae762d2,d952da4b9c85eb341c2bd7867b2c5beab18089c04806d07e880aabc03095e40b,/home/exouser/FORTE/gnp_style_continuous_20260830_125107/collection_long2/P5S0C_BRANCH_TELEMETRY/p5s0c_train_t1_r01_s5101_mid_mu0.506177_GNP_S4_F5p56716734_R1_F5.56717_trajectory.csv,1,,0
p5s0c_train_t1_r01_s5101_mid_mu0.506177_GNP_S4_F5p56716734_R2_F5.56717,p5s0c_train_t1_r01_s5101_mid_mu0.506177,p5s0c_train_t1_root01_s5101,1,MID,0.5061774499381578,4,2,5.567167343593535,5.641889470418295,0.07472212682475998,1,1,,1,d1a1e0b56b0ca896dac25bcab15965f7ef6b2d86ce720a41bdc780956ae762d2,d1a1e0b56b0ca896dac25bcab15965f7ef6b2d86ce720a41bdc780956ae762d2,d952da4b9c85eb341c2bd7867b2c5beab18089c04806d07e880aabc03095e40b,/home/exouser/FORTE/gnp_style_continuous_20260830_125107/collection_long2/P5S0C_BRANCH_TELEMETRY/p5s0c_train_t1_r01_s5101_mid_mu0.506177_GNP_S4_F5p56716734_R2_F5.56717_trajectory.csv,1,,0
p5s0c_train_t1_r01_s5101_mid_mu0.506177_GNP_S5_F5p9206606_R1_F5.92066,p5s0c_train_t1_r01_s5101_mid_mu0.506177,p5s0c_train_t1_root01_s5101,1,MID,0.5061774499381578,5,1,5.920660595226906,6.054475485483805,0.1338148902568994,1,1,,1,d1a1e0b56b0ca896dac25bcab15965f7ef6b2d86ce720a41bdc780956ae762d2,d1a1e0b56b0ca896dac25bcab15965f7ef6b2d86ce720a41bdc780956ae762d2,d952da4b9c85eb341c2bd7867b2c5beab18089c04806d07e880aabc03095e40b,/home/exouser/FORTE/gnp_style_continuous_20260830_125107/collection_long2/P5S0C_BRANCH_TELEMETRY/p5s0c_train_t1_r01_s5101_mid_mu0.506177_GNP_S5_F5p9206606_R1_F5.92066_trajectory.csv,1,,0
p5s0c_train_t1_r01_s5101_mid_mu0.506177_GNP_S5_F5p9206606_R2_F5.92066,p5s0c_train_t1_r01_s5101_mid_mu0.506177,p5s0c_train_t1_root01_s5101,1,MID,0.5061774499381578,5,2,5.920660595226906,6.060365924835205,0.13970532960829907,1,1,,1,d1a1e0b56b0ca896dac25bcab15965f7ef6b2d86ce720a41bdc780956ae762d2,d1a1e0b56b0ca896dac25bcab15965f7ef6b2d86ce720a41bdc780956ae762d2,d952da4b9c85eb341c2bd7867b2c5beab18089c04806d07e880aabc03095e40b,/home/exouser/FORTE/gnp_style_continuous_20260830_125107/collection_long2/P5S0C_BRANCH_TELEMETRY/p5s0c_train_t1_r01_s5101_mid_mu0.506177_GNP_S5_F5p9206606_R2_F5.92066_trajectory.csv,1,,0
p5s0c_train_t1_r02_s5102_high_mu0.917516_GNP_S1_F4p04654428_R1_F4.04654,p5s0c_train_t1_r02_s5102_high_mu0.917516,p5s0c_train_t1_root02_s5102,1,HIGH,0.9175159521214378,1,1,4.046544282374859,3.822681376139323,0.2238629062355364,1,1,,1,8d3c8be8e26fff1ef7c7d1ca5e3b1a1b28f38698b5c5380943ab4fda496bcadd,8d3c8be8e26fff1ef7c7d1ca5e3b1a1b28f38698b5c5380943ab4fda496bcadd,1d04fc1df6dccf99a47dcd45e8a19d9657e1c0c6c35b543a75e6cf48e76432ca,/home/exouser/FORTE/gnp_style_continuous_20260830_125107/collection_long2/P5S0C_BRANCH_TELEMETRY/p5s0c_train_t1_r02_s5102_high_mu0.917516_GNP_S1_F4p04654428_R1_F4.04654_trajectory.csv,1,,0
p5s0c_train_t1_r02_s5102_high_mu0.917516_GNP_S1_F4p04654428_R2_F4.04654,p5s0c_train_t1_r02_s5102_high_mu0.917516,p5s0c_train_t1_root02_s5102,1,HIGH,0.9175159521214378,1,2,4.046544282374859,3.829277385075887,0.21726689729897242,1,1,,1,8d3c8be8e26fff1ef7c7d1ca5e3b1a1b28f38698b5c5380943ab4fda496bcadd,8d3c8be8e26fff1ef7c7d1ca5e3b1a1b28f38698b5c5380943ab4fda496bcadd,1d04fc1df6dccf99a47dcd45e8a19d9657e1c0c6c35b543a75e6cf48e76432ca,/home/exouser/FORTE/gnp_style_continuous_20260830_125107/collection_long2/P5S0C_BRANCH_TELEMETRY/p5s0c_train_t1_r02_s5102_high_mu0.917516_GNP_S1_F4p04654428_R2_F4.04654_trajectory.csv,1,,0
p5s0c_train_t1_r02_s5102_high_mu0.917516_GNP_S2_F4p64552127_R1_F4.64552,p5s0c_train_t1_r02_s5102_high_mu0.917516,p5s0c_train_t1_root02_s5102,1,HIGH,0.9175159521214378,2,1,4.645521271192858,4.735923805236816,0.09040253404395848,1,1,,1,8d3c8be8e26fff1ef7c7d1ca5e3b1a1b28f38698b5c5380943ab4fda496bcadd,8d3c8be8e26fff1ef7c7d1ca5e3b1a1b28f38698b5c5380943ab4fda496bcadd,1d04fc1df6dccf99a47dcd45e8a19d9657e1c0c6c35b543a75e6cf48e76432ca,/home/exouser/FORTE/gnp_style_continuous_20260830_125107/collection_long2/P5S0C_BRANCH_TELEMETRY/p5s0c_train_t1_r02_s5102_high_mu0.917516_GNP_S2_F4p64552127_R1_F4.64552_trajectory.csv,1,,0
p5s0c_train_t1_r02_s5102_high_mu0.917516_GNP_S2_F4p64552127_R2_F4.64552,p5s0c_train_t1_r02_s5102_high_mu0.917516,p5s0c_train_t1_root02_s5102,1,HIGH,0.9175159521214378,2,2,4.645521271192858,4.677088588078817,0.03156731688595915,1,1,,1,8d3c8be8e26fff1ef7c7d1ca5e3b1a1b28f38698b5c5380943ab4fda496bcadd,8d3c8be8e26fff1ef7c7d1ca5e3b1a1b28f38698b5c5380943ab4fda496bcadd,1d04fc1df6dccf99a47dcd45e8a19d9657e1c0c6c35b543a75e6cf48e76432ca,/home/exouser/FORTE/gnp_style_continuous_20260830_125107/collection_long2/P5S0C_BRANCH_TELEMETRY/p5s0c_train_t1_r02_s5102_high_mu0.917516_GNP_S2_F4p64552127_R2_F4.64552_trajectory.csv,1,,0
p5s0c_train_t1_r02_s5102_high_mu0.917516_GNP_S3_F4p99199358_R1_F4.99199,p5s0c_train_t1_r02_s5102_high_mu0.917516,p5s0c_train_t1_root02_s5102,1,HIGH,0.9175159521214378,3,1,4.991993577424889,5.015283571879069,0.023289994454179563,1,1,,1,8d3c8be8e26fff1ef7c7d1ca5e3b1a1b28f38698b5c5380943ab4fda496bcadd,8d3c8be8e26fff1ef7c7d1ca5e3b1a1b28f38698b5c5380943ab4fda496bcadd,1d04fc1df6dccf99a47dcd45e8a19d9657e1c0c6c35b543a75e6cf48e76432ca,/home/exouser/FORTE/gnp_style_continuous_20260830_125107/collection_long2/P5S0C_BRANCH_TELEMETRY/p5s0c_train_t1_r02_s5102_high_mu0.917516_GNP_S3_F4p99199358_R1_F4.99199_trajectory.csv,1,,0
p5s0c_train_t1_r02_s5102_high_mu0.917516_GNP_S3_F4p99199358_R2_F4.99199,p5s0c_train_t1_r02_s5102_high_mu0.917516,p5s0c_train_t1_root02_s5102,1,HIGH,0.9175159521214378,3,2,4.991993577424889,4.987008152008056,0.004985425416832889,1,1,,1,8d3c8be8e26fff1ef7c7d1ca5e3b1a1b28f38698b5c5380943ab4fda496bcadd,8d3c8be8e26fff1ef7c7d1ca5e3b1a1b28f38698b5c5380943ab4fda496bcadd,1d04fc1df6dccf99a47dcd45e8a19d9657e1c0c6c35b543a75e6cf48e76432ca,/home/exouser/FORTE/gnp_style_continuous_20260830_125107/collection_long2/P5S0C_BRANCH_TELEMETRY/p5s0c_train_t1_r02_s5102_high_mu0.917516_GNP_S3_F4p99199358_R2_F4.99199_trajectory.csv,1,,0
p5s0c_train_t1_r02_s5102_high_mu0.917516_GNP_S4_F5p20227008_R1_F5.20227,p5s0c_train_t1_r02_s5102_high_mu0.917516,p5s0c_train_t1_root02_s5102,1,HIGH,0.9175159521214378,4,1,5.202270075450634,5.220213871002198,0.017943795551564,1,1,,1,8d3c8be8e26fff1ef7c7d1ca5e3b1a1b28f38698b5c5380943ab4fda496bcadd,8d3c8be8e26fff1ef7c7d1ca5e3b1a1b28f38698b5c5380943ab4fda496bcadd,1d04fc1df6dccf99a47dcd45e8a19d9657e1c0c6c35b543a75e6cf48e76432ca,/home/exouser/FORTE/gnp_style_continuous_20260830_125107/collection_long2/P5S0C_BRANCH_TELEMETRY/p5s0c_train_t1_r02_s5102_high_mu0.917516_GNP_S4_F5p20227008_R1_F5.20227_trajectory.csv,1,,0
p5s0c_train_t1_r02_s5102_high_mu0.917516_GNP_S4_F5p20227008_R2_F5.20227,p5s0c_train_t1_r02_s5102_high_mu0.917516,p5s0c_train_t1_root02_s5102,1,HIGH,0.9175159521214378,4,2,5.202270075450634,5.220296815236409,0.018026739785775625,1,1,,1,8d3c8be8e26fff1ef7c7d1ca5e3b1a1b28f38698b5c5380943ab4fda496bcadd,8d3c8be8e26fff1ef7c7d1ca5e3b1a1b28f38698b5c5380943ab4fda496bcadd,1d04fc1df6dccf99a47dcd45e8a19d9657e1c0c6c35b543a75e6cf48e76432ca,/home/exouser/FORTE/gnp_style_continuous_20260830_125107/collection_long2/P5S0C_BRANCH_TELEMETRY/p5s0c_train_t1_r02_s5102_high_mu0.917516_GNP_S4_F5p20227008_R2_F5.20227_trajectory.csv,1,,0
p5s0c_train_t1_r02_s5102_high_mu0.917516_GNP_S5_F5p81302351_R1_F5.81302,p5s0c_train_t1_r02_s5102_high_mu0.917516,p5s0c_train_t1_root02_s5102,1,HIGH,0.9175159521214378,5,1,5.813023510775293,5.888778387705485,0.07575487693019234,1,1,,1,8d3c8be8e26fff1ef7c7d1ca5e3b1a1b28f38698b5c5380943ab4fda496bcadd,8d3c8be8e26fff1ef7c7d1ca5e3b1a1b28f38698b5c5380943ab4fda496bcadd,1d04fc1df6dccf99a47dcd45e8a19d9657e1c0c6c35b543a75e6cf48e76432ca,/home/exouser/FORTE/gnp_style_continuous_20260830_125107/collection_long2/P5S0C_BRANCH_TELEMETRY/p5s0c_train_t1_r02_s5102_high_mu0.917516_GNP_S5_F5p81302351_R1_F5.81302_trajectory.csv,1,,0
p5s0c_train_t1_r02_s5102_high_mu0.917516_GNP_S5_F5p81302351_R2_F5.81302,p5s0c_train_t1_r02_s5102_high_mu0.917516,p5s0c_train_t1_root02_s5102,1,HIGH,0.9175159521214378,5,2,5.813023510775293,5.888592383066813,0.07556887229152043,1,1,,1,8d3c8be8e26fff1ef7c7d1ca5e3b1a1b28f38698b5c5380943ab4fda496bcadd,8d3c8be8e26fff1ef7c7d1ca5e3b1a1b28f38698b5c5380943ab4fda496bcadd,1d04fc1df6dccf99a47dcd45e8a19d9657e1c0c6c35b543a75e6cf48e76432ca,/home/exouser/FORTE/gnp_style_continuous_20260830_125107/collection_long2/P5S0C_BRANCH_TELEMETRY/p5s0c_train_t1_r02_s5102_high_mu0.917516_GNP_S5_F5p81302351_R2_F5.81302_trajectory.csv,1,,0
p5s0c_train_t1_r02_s5102_low_mu0.211510_GNP_S1_F4p24475874_R1_F4.24476,p5s0c_train_t1_r02_s5102_low_mu0.211510,p5s0c_train_t1_root02_s5102,1,LOW,0.2115097508855512,1,1,4.244758741018327,1.1021557281991445e-29,4.244758741018327,1,0,full_task_failure,1,3f4972df3527cfc80624581466ab95ffc6f02a46b475aeefc7b1ac453370b5db,3f4972df3527cfc80624581466ab95ffc6f02a46b475aeefc7b1ac453370b5db,2c1ccb0d4062410e620bb2eb0eae04a91a023bfbe770ee9d0cc32eef186ee8af,/home/exouser/FORTE/gnp_style_continuous_20260830_125107/collection_long2/P5S0C_BRANCH_TELEMETRY/p5s0c_train_t1_r02_s5102_low_mu0.211510_GNP_S1_F4p24475874_R1_F4.24476_trajectory.csv,1,,0
p5s0c_train_t1_r02_s5102_low_mu0.211510_GNP_S1_F4p24475874_R2_F4.24476,p5s0c_train_t1_r02_s5102_low_mu0.211510,p5s0c_train_t1_root02_s5102,1,LOW,0.2115097508855512,1,2,4.244758741018327,6.174576580258983e-30,4.244758741018327,1,0,full_task_failure,1,3f4972df3527cfc80624581466ab95ffc6f02a46b475aeefc7b1ac453370b5db,3f4972df3527cfc80624581466ab95ffc6f02a46b475aeefc7b1ac453370b5db,2c1ccb0d4062410e620bb2eb0eae04a91a023bfbe770ee9d0cc32eef186ee8af,/home/exouser/FORTE/gnp_style_continuous_20260830_125107/collection_long2/P5S0C_BRANCH_TELEMETRY/p5s0c_train_t1_r02_s5102_low_mu0.211510_GNP_S1_F4p24475874_R2_F4.24476_trajectory.csv,1,,0
p5s0c_train_t1_r02_s5102_low_mu0.211510_GNP_S2_F4p62848965_R1_F4.62849,p5s0c_train_t1_r02_s5102_low_mu0.211510,p5s0c_train_t1_root02_s5102,1,LOW,0.2115097508855512,2,1,4.628489652754248,5.3123661334732665e-27,4.628489652754248,1,0,full_task_failure,1,3f4972df3527cfc80624581466ab95ffc6f02a46b475aeefc7b1ac453370b5db,3f4972df3527cfc80624581466ab95ffc6f02a46b475aeefc7b1ac453370b5db,2c1ccb0d4062410e620bb2eb0eae04a91a023bfbe770ee9d0cc32eef186ee8af,/home/exouser/FORTE/gnp_style_continuous_20260830_125107/collection_long2/P5S0C_BRANCH_TELEMETRY/p5s0c_train_t1_r02_s5102_low_mu0.211510_GNP_S2_F4p62848965_R1_F4.62849_trajectory.csv,1,,0
p5s0c_train_t1_r02_s5102_low_mu0.211510_GNP_S2_F4p62848965_R2_F4.62849,p5s0c_train_t1_r02_s5102_low_mu0.211510,p5s0c_train_t1_root02_s5102,1,LOW,0.2115097508855512,2,2,4.628489652754248,3.948680129122243e-28,4.628489652754248,1,0,full_task_failure,1,3f4972df3527cfc80624581466ab95ffc6f02a46b475aeefc7b1ac453370b5db,3f4972df3527cfc80624581466ab95ffc6f02a46b475aeefc7b1ac453370b5db,2c1ccb0d4062410e620bb2eb0eae04a91a023bfbe770ee9d0cc32eef186ee8af,/home/exouser/FORTE/gnp_style_continuous_20260830_125107/collection_long2/P5S0C_BRANCH_TELEMETRY/p5s0c_train_t1_r02_s5102_low_mu0.211510_GNP_S2_F4p62848965_R2_F4.62849_trajectory.csv,1,,0
p5s0c_train_t1_r02_s5102_low_mu0.211510_GNP_S3_F4p89607012_R1_F4.89607,p5s0c_train_t1_r02_s5102_low_mu0.211510,p5s0c_train_t1_root02_s5102,1,LOW,0.2115097508855512,3,1,4.896070123380016,2.0409179473101095e-26,4.896070123380016,1,0,full_task_failure,1,3f4972df3527cfc80624581466ab95ffc6f02a46b475aeefc7b1ac453370b5db,3f4972df3527cfc80624581466ab95ffc6f02a46b475aeefc7b1ac453370b5db,2c1ccb0d4062410e620bb2eb0eae04a91a023bfbe770ee9d0cc32eef186ee8af,/home/exouser/FORTE/gnp_style_continuous_20260830_125107/collection_long2/P5S0C_BRANCH_TELEMETRY/p5s0c_train_t1_r02_s5102_low_mu0.211510_GNP_S3_F4p89607012_R1_F4.89607_trajectory.csv,1,,0
p5s0c_train_t1_r02_s5102_low_mu0.211510_GNP_S3_F4p89607012_R2_F4.89607,p5s0c_train_t1_r02_s5102_low_mu0.211510,p5s0c_train_t1_root02_s5102,1,LOW,0.2115097508855512,3,2,4.896070123380016,1.1895760093882835e-26,4.896070123380016,1,0,full_task_failure,1,3f4972df3527cfc80624581466ab95ffc6f02a46b475aeefc7b1ac453370b5db,3f4972df3527cfc80624581466ab95ffc6f02a46b475aeefc7b1ac453370b5db,2c1ccb0d4062410e620bb2eb0eae04a91a023bfbe770ee9d0cc32eef186ee8af,/home/exouser/FORTE/gnp_style_continuous_20260830_125107/collection_long2/P5S0C_BRANCH_TELEMETRY/p5s0c_train_t1_r02_s5102_low_mu0.211510_GNP_S3_F4p89607012_R2_F4.89607_trajectory.csv,1,,0
p5s0c_train_t1_r02_s5102_low_mu0.211510_GNP_S4_F5p54956224_R1_F5.54956,p5s0c_train_t1_r02_s5102_low_mu0.211510,p5s0c_train_t1_root02_s5102,1,LOW,0.2115097508855512,4,1,5.549562242377508,6.153102297110201e-23,5.549562242377508,1,0,full_task_failure,1,3f4972df3527cfc80624581466ab95ffc6f02a46b475aeefc7b1ac453370b5db,3f4972df3527cfc80624581466ab95ffc6f02a46b475aeefc7b1ac453370b5db,2c1ccb0d4062410e620bb2eb0eae04a91a023bfbe770ee9d0cc32eef186ee8af,/home/exouser/FORTE/gnp_style_continuous_20260830_125107/collection_long2/P5S0C_BRANCH_TELEMETRY/p5s0c_train_t1_r02_s5102_low_mu0.211510_GNP_S4_F5p54956224_R1_F5.54956_trajectory.csv,1,,0
p5s0c_train_t1_r02_s5102_low_mu0.211510_GNP_S4_F5p54956224_R2_F5.54956,p5s0c_train_t1_r02_s5102_low_mu0.211510,p5s0c_train_t1_root02_s5102,1,LOW,0.2115097508855512,4,2,5.549562242377508,9.950474872006047e-20,5.549562242377508,1,0,full_task_failure,1,3f4972df3527cfc80624581466ab95ffc6f02a46b475aeefc7b1ac453370b5db,3f4972df3527cfc80624581466ab95ffc6f02a46b475aeefc7b1ac453370b5db,2c1ccb0d4062410e620bb2eb0eae04a91a023bfbe770ee9d0cc32eef186ee8af,/home/exouser/FORTE/gnp_style_continuous_20260830_125107/collection_long2/P5S0C_BRANCH_TELEMETRY/p5s0c_train_t1_r02_s5102_low_mu0.211510_GNP_S4_F5p54956224_R2_F5.54956_trajectory.csv,1,,0
p5s0c_train_t1_r02_s5102_low_mu0.211510_GNP_S5_F5p72933903_R1_F5.72934,p5s0c_train_t1_r02_s5102_low_mu0.211510,p5s0c_train_t1_root02_s5102,1,LOW,0.2115097508855512,5,1,5.729339031593505,2.67696258060164e-23,5.729339031593505,1,0,full_task_failure,1,3f4972df3527cfc80624581466ab95ffc6f02a46b475aeefc7b1ac453370b5db,3f4972df3527cfc80624581466ab95ffc6f02a46b475aeefc7b1ac453370b5db,2c1ccb0d4062410e620bb2eb0eae04a91a023bfbe770ee9d0cc32eef186ee8af,/home/exouser/FORTE/gnp_style_continuous_20260830_125107/collection_long2/P5S0C_BRANCH_TELEMETRY/p5s0c_train_t1_r02_s5102_low_mu0.211510_GNP_S5_F5p72933903_R1_F5.72934_trajectory.csv,1,,0
p5s0c_train_t1_r02_s5102_low_mu0.211510_GNP_S5_F5p72933903_R2_F5.72934,p5s0c_train_t1_r02_s5102_low_mu0.211510,p5s0c_train_t1_root02_s5102,1,LOW,0.2115097508855512,5,2,5.729339031593505,2.822333084533058e-24,5.729339031593505,1,0,full_task_failure,1,3f4972df3527cfc80624581466ab95ffc6f02a46b475aeefc7b1ac453370b5db,3f4972df3527cfc80624581466ab95ffc6f02a46b475aeefc7b1ac453370b5db,2c1ccb0d4062410e620bb2eb0eae04a91a023bfbe770ee9d0cc32eef186ee8af,/home/exouser/FORTE/gnp_style_continuous_20260830_125107/collection_long2/P5S0C_BRANCH_TELEMETRY/p5s0c_train_t1_r02_s5102_low_mu0.211510_GNP_S5_F5p72933903_R2_F5.72934_trajectory.csv,1,,0
p5s0c_train_t1_r02_s5102_mid_mu0.509876_GNP_S1_F4p09436894_R1_F4.09437,p5s0c_train_t1_r02_s5102_mid_mu0.509876,p5s0c_train_t1_root02_s5102,1,MID,0.509875894662746,1,1,4.094368940039778,1.7025849849389496e-19,4.094368940039778,1,0,full_task_failure,1,71bb7ddcb9793b97fa74c12ffa6c4e468deae47fb25e480bb8e6c2451447489f,71bb7ddcb9793b97fa74c12ffa6c4e468deae47fb25e480bb8e6c2451447489f,8315475a085088cbd5b3f920a6fa082e4adec28d520831afe7d97075eb53bfef,/home/exouser/FORTE/gnp_style_continuous_20260830_125107/collection_long2/P5S0C_BRANCH_TELEMETRY/p5s0c_train_t1_r02_s5102_mid_mu0.509876_GNP_S1_F4p09436894_R1_F4.09437_trajectory.csv,1,,0
p5s0c_train_t1_r02_s5102_mid_mu0.509876_GNP_S1_F4p09436894_R2_F4.09437,p5s0c_train_t1_r02_s5102_mid_mu0.509876,p5s0c_train_t1_root02_s5102,1,MID,0.509875894662746,1,2,4.094368940039778,1.933432387337222e-20,4.094368940039778,1,0,full_task_failure,1,71bb7ddcb9793b97fa74c12ffa6c4e468deae47fb25e480bb8e6c2451447489f,71bb7ddcb9793b97fa74c12ffa6c4e468deae47fb25e480bb8e6c2451447489f,8315475a085088cbd5b3f920a6fa082e4adec28d520831afe7d97075eb53bfef,/home/exouser/FORTE/gnp_style_continuous_20260830_125107/collection_long2/P5S0C_BRANCH_TELEMETRY/p5s0c_train_t1_r02_s5102_mid_mu0.509876_GNP_S1_F4p09436894_R2_F4.09437_trajectory.csv,1,,0
p5s0c_train_t1_r02_s5102_mid_mu0.509876_GNP_S2_F4p70378769_R1_F4.70379,p5s0c_train_t1_r02_s5102_mid_mu0.509876,p5s0c_train_t1_root02_s5102,1,MID,0.509875894662746,2,1,4.703787687371598,4.47045737584432,0.23333031152727823,1,1,,1,71bb7ddcb9793b97fa74c12ffa6c4e468deae47fb25e480bb8e6c2451447489f,71bb7ddcb9793b97fa74c12ffa6c4e468deae47fb25e480bb8e6c2451447489f,8315475a085088cbd5b3f920a6fa082e4adec28d520831afe7d97075eb53bfef,/home/exouser/FORTE/gnp_style_continuous_20260830_125107/collection_long2/P5S0C_BRANCH_TELEMETRY/p5s0c_train_t1_r02_s5102_mid_mu0.509876_GNP_S2_F4p70378769_R1_F4.70379_trajectory.csv,1,,0
p5s0c_train_t1_r02_s5102_mid_mu0.509876_GNP_S2_F4p70378769_R2_F4.70379,p5s0c_train_t1_r02_s5102_mid_mu0.509876,p5s0c_train_t1_root02_s5102,1,MID,0.509875894662746,2,2,4.703787687371598,4.469100589752197,0.23468709761940065,1,1,,1,71bb7ddcb9793b97fa74c12ffa6c4e468deae47fb25e480bb8e6c2451447489f,71bb7ddcb9793b97fa74c12ffa6c4e468deae47fb25e480bb8e6c2451447489f,8315475a085088cbd5b3f920a6fa082e4adec28d520831afe7d97075eb53bfef,/home/exouser/FORTE/gnp_style_continuous_20260830_125107/collection_long2/P5S0C_BRANCH_TELEMETRY/p5s0c_train_t1_r02_s5102_mid_mu0.509876_GNP_S2_F4p70378769_R2_F4.70379_trajectory.csv,1,,0
p5s0c_train_t1_r02_s5102_mid_mu0.509876_GNP_S3_F4p80771297_R1_F4.80771,p5s0c_train_t1_r02_s5102_mid_mu0.509876,p5s0c_train_t1_root02_s5102,1,MID,0.509875894662746,3,1,4.807712968748104,4.579033699035644,0.22867926971246,1,1,,1,71bb7ddcb9793b97fa74c12ffa6c4e468deae47fb25e480bb8e6c2451447489f,71bb7ddcb9793b97fa74c12ffa6c4e468deae47fb25e480bb8e6c2451447489f,8315475a085088cbd5b3f920a6fa082e4adec28d520831afe7d97075eb53bfef,/home/exouser/FORTE/gnp_style_continuous_20260830_125107/collection_long2/P5S0C_BRANCH_TELEMETRY/p5s0c_train_t1_r02_s5102_mid_mu0.509876_GNP_S3_F4p80771297_R1_F4.80771_trajectory.csv,1,,0
p5s0c_train_t1_r02_s5102_mid_mu0.509876_GNP_S3_F4p80771297_R2_F4.80771,p5s0c_train_t1_r02_s5102_mid_mu0.509876,p5s0c_train_t1_root02_s5102,1,MID,0.509875894662746,3,2,4.807712968748104,4.583565343221029,0.2241476255270758,1,1,,1,71bb7ddcb9793b97fa74c12ffa6c4e468deae47fb25e480bb8e6c2451447489f,71bb7ddcb9793b97fa74c12ffa6c4e468deae47fb25e480bb8e6c2451447489f,8315475a085088cbd5b3f920a6fa082e4adec28d520831afe7d97075eb53bfef,/home/exouser/FORTE/gnp_style_continuous_20260830_125107/collection_long2/P5S0C_BRANCH_TELEMETRY/p5s0c_train_t1_r02_s5102_mid_mu0.509876_GNP_S3_F4p80771297_R2_F4.80771_trajectory.csv,1,,0
p5s0c_train_t1_r02_s5102_mid_mu0.509876_GNP_S4_F5p42932336_R1_F5.42932,p5s0c_train_t1_r02_s5102_mid_mu0.509876,p5s0c_train_t1_root02_s5102,1,MID,0.509875894662746,4,1,5.429323358250914,3.935970600935876e-18,5.429323358250914,1,0,full_task_failure,1,71bb7ddcb9793b97fa74c12ffa6c4e468deae47fb25e480bb8e6c2451447489f,71bb7ddcb9793b97fa74c12ffa6c4e468deae47fb25e480bb8e6c2451447489f,8315475a085088cbd5b3f920a6fa082e4adec28d520831afe7d97075eb53bfef,/home/exouser/FORTE/gnp_style_continuous_20260830_125107/collection_long2/P5S0C_BRANCH_TELEMETRY/p5s0c_train_t1_r02_s5102_mid_mu0.509876_GNP_S4_F5p42932336_R1_F5.42932_trajectory.csv,1,,0
p5s0c_train_t1_r02_s5102_mid_mu0.509876_GNP_S4_F5p42932336_R2_F5.42932,p5s0c_train_t1_r02_s5102_mid_mu0.509876,p5s0c_train_t1_root02_s5102,1,MID,0.509875894662746,4,2,5.429323358250914,5.278844916025798,0.15047844222511664,1,1,,1,71bb7ddcb9793b97fa74c12ffa6c4e468deae47fb25e480bb8e6c2451447489f,71bb7ddcb9793b97fa74c12ffa6c4e468deae47fb25e480bb8e6c2451447489f,8315475a085088cbd5b3f920a6fa082e4adec28d520831afe7d97075eb53bfef,/home/exouser/FORTE/gnp_style_continuous_20260830_125107/collection_long2/P5S0C_BRANCH_TELEMETRY/p5s0c_train_t1_r02_s5102_mid_mu0.509876_GNP_S4_F5p42932336_R2_F5.42932_trajectory.csv,1,,0
p5s0c_train_t1_r02_s5102_mid_mu0.509876_GNP_S5_F5p88692354_R1_F5.88692,p5s0c_train_t1_r02_s5102_mid_mu0.509876,p5s0c_train_t1_root02_s5102,1,MID,0.509875894662746,5,1,5.88692354114526,5.848667710622152,0.03825583052310755,1,1,,1,71bb7ddcb9793b97fa74c12ffa6c4e468deae47fb25e480bb8e6c2451447489f,71bb7ddcb9793b97fa74c12ffa6c4e468deae47fb25e480bb8e6c2451447489f,8315475a085088cbd5b3f920a6fa082e4adec28d520831afe7d97075eb53bfef,/home/exouser/FORTE/gnp_style_continuous_20260830_125107/collection_long2/P5S0C_BRANCH_TELEMETRY/p5s0c_train_t1_r02_s5102_mid_mu0.509876_GNP_S5_F5p88692354_R1_F5.88692_trajectory.csv,1,,0
p5s0c_train_t1_r02_s5102_mid_mu0.509876_GNP_S5_F5p88692354_R2_F5.88692,p5s0c_train_t1_r02_s5102_mid_mu0.509876,p5s0c_train_t1_root02_s5102,1,MID,0.509875894662746,5,2,5.88692354114526,5.84585044225057,0.041073098894689686,1,1,,1,71bb7ddcb9793b97fa74c12ffa6c4e468deae47fb25e480bb8e6c2451447489f,71bb7ddcb9793b97fa74c12ffa6c4e468deae47fb25e480bb8e6c2451447489f,8315475a085088cbd5b3f920a6fa082e4adec28d520831afe7d97075eb53bfef,/home/exouser/FORTE/gnp_style_continuous_20260830_125107/collection_long2/P5S0C_BRANCH_TELEMETRY/p5s0c_train_t1_r02_s5102_mid_mu0.509876_GNP_S5_F5p88692354_R2_F5.88692_trajectory.csv,1,,0
p5s0c_train_t1_r03_s5103_high_mu0.994255_GNP_S1_F4p03255008_R1_F4.03255,p5s0c_train_t1_r03_s5103_high_mu0.994255,p5s0c_train_t1_root03_s5103,1,HIGH,0.9942547016813208,1,1,4.032550079235487,3.868103901545207,0.16444617769028014,1,1,,1,a22de0c4926cfa356d5a1d07b5501add463562f421399569cfacb0451205912e,a22de0c4926cfa356d5a1d07b5501add463562f421399569cfacb0451205912e,8809d60ff92fd5ba494e51fdb1748b7f5dc4f70267e9251ca2a0652cdec9cd84,/home/exouser/FORTE/gnp_style_continuous_20260830_125107/collection_long2/P5S0C_BRANCH_TELEMETRY/p5s0c_train_t1_r03_s5103_high_mu0.994255_GNP_S1_F4p03255008_R1_F4.03255_trajectory.csv,1,,0
p5s0c_train_t1_r03_s5103_high_mu0.994255_GNP_S1_F4p03255008_R2_F4.03255,p5s0c_train_t1_r03_s5103_high_mu0.994255,p5s0c_train_t1_root03_s5103,1,HIGH,0.9942547016813208,1,2,4.032550079235487,3.906320136388143,0.12622994284734412,1,1,,1,a22de0c4926cfa356d5a1d07b5501add463562f421399569cfacb0451205912e,a22de0c4926cfa356d5a1d07b5501add463562f421399569cfacb0451205912e,8809d60ff92fd5ba494e51fdb1748b7f5dc4f70267e9251ca2a0652cdec9cd84,/home/exouser/FORTE/gnp_style_continuous_20260830_125107/collection_long2/P5S0C_BRANCH_TELEMETRY/p5s0c_train_t1_r03_s5103_high_mu0.994255_GNP_S1_F4p03255008_R2_F4.03255_trajectory.csv,1,,0
p5s0c_train_t1_r03_s5103_high_mu0.994255_GNP_S2_F4p61006655_R1_F4.61007,p5s0c_train_t1_r03_s5103_high_mu0.994255,p5s0c_train_t1_root03_s5103,1,HIGH,0.9942547016813208,2,1,4.610066550785013,4.548307666778564,0.06175888400644869,1,1,,1,a22de0c4926cfa356d5a1d07b5501add463562f421399569cfacb0451205912e,a22de0c4926cfa356d5a1d07b5501add463562f421399569cfacb0451205912e,8809d60ff92fd5ba494e51fdb1748b7f5dc4f70267e9251ca2a0652cdec9cd84,/home/exouser/FORTE/gnp_style_continuous_20260830_125107/collection_long2/P5S0C_BRANCH_TELEMETRY/p5s0c_train_t1_r03_s5103_high_mu0.994255_GNP_S2_F4p61006655_R1_F4.61007_trajectory.csv,1,,0
p5s0c_train_t1_r03_s5103_high_mu0.994255_GNP_S2_F4p61006655_R2_F4.61007,p5s0c_train_t1_r03_s5103_high_mu0.994255,p5s0c_train_t1_root03_s5103,1,HIGH,0.9942547016813208,2,2,4.610066550785013,4.54831626256307,0.06175028822194317,1,1,,1,a22de0c4926cfa356d5a1d07b5501add463562f421399569cfacb0451205912e,a22de0c4926cfa356d5a1d07b5501add463562f421399569cfacb0451205912e,8809d60ff92fd5ba494e51fdb1748b7f5dc4f70267e9251ca2a0652cdec9cd84,/home/exouser/FORTE/gnp_style_continuous_20260830_125107/collection_long2/P5S0C_BRANCH_TELEMETRY/p5s0c_train_t1_r03_s5103_high_mu0.994255_GNP_S2_F4p61006655_R2_F4.61007_trajectory.csv,1,,0
p5s0c_train_t1_r03_s5103_high_mu0.994255_GNP_S3_F5p15513102_R1_F5.15513,p5s0c_train_t1_r03_s5103_high_mu0.994255,p5s0c_train_t1_root03_s5103,1,HIGH,0.9942547016813208,3,1,5.155131018235401,5.15183614730835,0.0032948709270508303,1,1,,1,a22de0c4926cfa356d5a1d07b5501add463562f421399569cfacb0451205912e,a22de0c4926cfa356d5a1d07b5501add463562f421399569cfacb0451205912e,8809d60ff92fd5ba494e51fdb1748b7f5dc4f70267e9251ca2a0652cdec9cd84,/home/exouser/FORTE/gnp_style_continuous_20260830_125107/collection_long2/P5S0C_BRANCH_TELEMETRY/p5s0c_train_t1_r03_s5103_high_mu0.994255_GNP_S3_F5p15513102_R1_F5.15513_trajectory.csv,1,,0
p5s0c_train_t1_r03_s5103_high_mu0.994255_GNP_S3_F5p15513102_R2_F5.15513,p5s0c_train_t1_r03_s5103_high_mu0.994255,p5s0c_train_t1_root03_s5103,1,HIGH,0.9942547016813208,3,2,5.155131018235401,5.151854476928711,0.003276541306689751,1,1,,1,a22de0c4926cfa356d5a1d07b5501add463562f421399569cfacb0451205912e,a22de0c4926cfa356d5a1d07b5501add463562f421399569cfacb0451205912e,8809d60ff92fd5ba494e51fdb1748b7f5dc4f70267e9251ca2a0652cdec9cd84,/home/exouser/FORTE/gnp_style_continuous_20260830_125107/collection_long2/P5S0C_BRANCH_TELEMETRY/p5s0c_train_t1_r03_s5103_high_mu0.994255_GNP_S3_F5p15513102_R2_F5.15513_trajectory.csv,1,,0
p5s0c_train_t1_r03_s5103_high_mu0.994255_GNP_S4_F5p31947382_R1_F5.31947,p5s0c_train_t1_r03_s5103_high_mu0.994255,p5s0c_train_t1_root03_s5103,1,HIGH,0.9942547016813208,4,1,5.319473824847019,5.332945359547933,0.013471534700914667,1,1,,1,a22de0c4926cfa356d5a1d07b5501add463562f421399569cfacb0451205912e,a22de0c4926cfa356d5a1d07b5501add463562f421399569cfacb0451205912e,8809d60ff92fd5ba494e51fdb1748b7f5dc4f70267e9251ca2a0652cdec9cd84,/home/exouser/FORTE/gnp_style_continuous_20260830_125107/collection_long2/P5S0C_BRANCH_TELEMETRY/p5s0c_train_t1_r03_s5103_high_mu0.994255_GNP_S4_F5p31947382_R1_F5.31947_trajectory.csv,1,,0
p5s0c_train_t1_r03_s5103_high_mu0.994255_GNP_S4_F5p31947382_R2_F5.31947,p5s0c_train_t1_r03_s5103_high_mu0.994255,p5s0c_train_t1_root03_s5103,1,HIGH,0.9942547016813208,4,2,5.319473824847019,5.332912794748942,0.013438969901923059,1,1,,1,a22de0c4926cfa356d5a1d07b5501add463562f421399569cfacb0451205912e,a22de0c4926cfa356d5a1d07b5501add463562f421399569cfacb0451205912e,8809d60ff92fd5ba494e51fdb1748b7f5dc4f70267e9251ca2a0652cdec9cd84,/home/exouser/FORTE/gnp_style_continuous_20260830_125107/collection_long2/P5S0C_BRANCH_TELEMETRY/p5s0c_train_t1_r03_s5103_high_mu0.994255_GNP_S4_F5p31947382_R2_F5.31947_trajectory.csv,1,,0
p5s0c_train_t1_r03_s5103_high_mu0.994255_GNP_S5_F5p70512934_R1_F5.70513,p5s0c_train_t1_r03_s5103_high_mu0.994255,p5s0c_train_t1_root03_s5103,1,HIGH,0.9942547016813208,5,1,5.705129342952412,5.758143870035807,0.05301452708339571,1,1,,1,a22de0c4926cfa356d5a1d07b5501add463562f421399569cfacb0451205912e,a22de0c4926cfa356d5a1d07b5501add463562f421399569cfacb0451205912e,8809d60ff92fd5ba494e51fdb1748b7f5dc4f70267e9251ca2a0652cdec9cd84,/home/exouser/FORTE/gnp_style_continuous_20260830_125107/collection_long2/P5S0C_BRANCH_TELEMETRY/p5s0c_train_t1_r03_s5103_high_mu0.994255_GNP_S5_F5p70512934_R1_F5.70513_trajectory.csv,1,,0
p5s0c_train_t1_r03_s5103_high_mu0.994255_GNP_S5_F5p70512934_R2_F5.70513,p5s0c_train_t1_r03_s5103_high_mu0.994255,p5s0c_train_t1_root03_s5103,1,HIGH,0.9942547016813208,5,2,5.705129342952412,5.758659598032634,0.05353025508022213,1,1,,1,a22de0c4926cfa356d5a1d07b5501add463562f421399569cfacb0451205912e,a22de0c4926cfa356d5a1d07b5501add463562f421399569cfacb0451205912e,8809d60ff92fd5ba494e51fdb1748b7f5dc4f70267e9251ca2a0652cdec9cd84,/home/exouser/FORTE/gnp_style_continuous_20260830_125107/collection_long2/P5S0C_BRANCH_TELEMETRY/p5s0c_train_t1_r03_s5103_high_mu0.994255_GNP_S5_F5p70512934_R2_F5.70513_trajectory.csv,1,,0
p5s0c_train_t1_r03_s5103_low_mu0.252239_GNP_S1_F4p36364945_R1_F4.36365,p5s0c_train_t1_r03_s5103_low_mu0.252239,p5s0c_train_t1_root03_s5103,1,LOW,0.2522389282215292,1,1,4.363649450800043,1.1182147602999587e-27,4.363649450800043,1,0,full_task_failure,1,f39e885e027935242ab9987218b72ad79945058ac3788f3ca4722398b51a129b,f39e885e027935242ab9987218b72ad79945058ac3788f3ca4722398b51a129b,30200922d4b411ceada9266334b1b6adacb753b1797b3fd5e26376988c621751,/home/exouser/FORTE/gnp_style_continuous_20260830_125107/collection_long2/P5S0C_BRANCH_TELEMETRY/p5s0c_train_t1_r03_s5103_low_mu0.252239_GNP_S1_F4p36364945_R1_F4.36365_trajectory.csv,1,,0
p5s0c_train_t1_r03_s5103_low_mu0.252239_GNP_S1_F4p36364945_R2_F4.36365,p5s0c_train_t1_r03_s5103_low_mu0.252239,p5s0c_train_t1_root03_s5103,1,LOW,0.2522389282215292,1,2,4.363649450800043,6.391188652744975e-28,4.363649450800043,1,0,full_task_failure,1,f39e885e027935242ab9987218b72ad79945058ac3788f3ca4722398b51a129b,f39e885e027935242ab9987218b72ad79945058ac3788f3ca4722398b51a129b,30200922d4b411ceada9266334b1b6adacb753b1797b3fd5e26376988c621751,/home/exouser/FORTE/gnp_style_continuous_20260830_125107/collection_long2/P5S0C_BRANCH_TELEMETRY/p5s0c_train_t1_r03_s5103_low_mu0.252239_GNP_S1_F4p36364945_R2_F4.36365_trajectory.csv,1,,0
p5s0c_train_t1_r03_s5103_low_mu0.252239_GNP_S2_F4p54690832_R1_F4.54691,p5s0c_train_t1_r03_s5103_low_mu0.252239,p5s0c_train_t1_root03_s5103,1,LOW,0.2522389282215292,2,1,4.546908323699988,2.7748171470582486e-27,4.546908323699988,1,0,full_task_failure,1,f39e885e027935242ab9987218b72ad79945058ac3788f3ca4722398b51a129b,f39e885e027935242ab9987218b72ad79945058ac3788f3ca4722398b51a129b,30200922d4b411ceada9266334b1b6adacb753b1797b3fd5e26376988c621751,/home/exouser/FORTE/gnp_style_continuous_20260830_125107/collection_long2/P5S0C_BRANCH_TELEMETRY/p5s0c_train_t1_r03_s5103_low_mu0.252239_GNP_S2_F4p54690832_R1_F4.54691_trajectory.csv,1,,0
p5s0c_train_t1_r03_s5103_low_mu0.252239_GNP_S2_F4p54690832_R2_F4.54691,p5s0c_train_t1_r03_s5103_low_mu0.252239,p5s0c_train_t1_root03_s5103,1,LOW,0.2522389282215292,2,2,4.546908323699988,1.4652404518720446e-25,4.546908323699988,1,0,full_task_failure,1,f39e885e027935242ab9987218b72ad79945058ac3788f3ca4722398b51a129b,f39e885e027935242ab9987218b72ad79945058ac3788f3ca4722398b51a129b,30200922d4b411ceada9266334b1b6adacb753b1797b3fd5e26376988c621751,/home/exouser/FORTE/gnp_style_continuous_20260830_125107/collection_long2/P5S0C_BRANCH_TELEMETRY/p5s0c_train_t1_r03_s5103_low_mu0.252239_GNP_S2_F4p54690832_R2_F4.54691_trajectory.csv,1,,0
p5s0c_train_t1_r03_s5103_low_mu0.252239_GNP_S3_F5p04698297_R1_F5.04698,p5s0c_train_t1_r03_s5103_low_mu0.252239,p5s0c_train_t1_root03_s5103,1,LOW,0.2522389282215292,3,1,5.046982974873693,2.4197695290821825e-23,5.046982974873693,1,0,full_task_failure,1,f39e885e027935242ab9987218b72ad79945058ac3788f3ca4722398b51a129b,f39e885e027935242ab9987218b72ad79945058ac3788f3ca4722398b51a129b,30200922d4b411ceada9266334b1b6adacb753b1797b3fd5e26376988c621751,/home/exouser/FORTE/gnp_style_continuous_20260830_125107/collection_long2/P5S0C_BRANCH_TELEMETRY/p5s0c_train_t1_r03_s5103_low_mu0.252239_GNP_S3_F5p04698297_R1_F5.04698_trajectory.csv,1,,0
p5s0c_train_t1_r03_s5103_low_mu0.252239_GNP_S3_F5p04698297_R2_F5.04698,p5s0c_train_t1_r03_s5103_low_mu0.252239,p5s0c_train_t1_root03_s5103,1,LOW,0.2522389282215292,3,2,5.046982974873693,1.03320473806497e-21,5.046982974873693,1,0,full_task_failure,1,f39e885e027935242ab9987218b72ad79945058ac3788f3ca4722398b51a129b,f39e885e027935242ab9987218b72ad79945058ac3788f3ca4722398b51a129b,30200922d4b411ceada9266334b1b6adacb753b1797b3fd5e26376988c621751,/home/exouser/FORTE/gnp_style_continuous_20260830_125107/collection_long2/P5S0C_BRANCH_TELEMETRY/p5s0c_train_t1_r03_s5103_low_mu0.252239_GNP_S3_F5p04698297_R2_F5.04698_trajectory.csv,1,,0
p5s0c_train_t1_r03_s5103_low_mu0.252239_GNP_S4_F5p34076722_R1_F5.34077,p5s0c_train_t1_r03_s5103_low_mu0.252239,p5s0c_train_t1_root03_s5103,1,LOW,0.2522389282215292,4,1,5.340767218731952,1.8382531820368374e-19,5.340767218731952,1,0,full_task_failure,1,f39e885e027935242ab9987218b72ad79945058ac3788f3ca4722398b51a129b,f39e885e027935242ab9987218b72ad79945058ac3788f3ca4722398b51a129b,30200922d4b411ceada9266334b1b6adacb753b1797b3fd5e26376988c621751,/home/exouser/FORTE/gnp_style_continuous_20260830_125107/collection_long2/P5S0C_BRANCH_TELEMETRY/p5s0c_train_t1_r03_s5103_low_mu0.252239_GNP_S4_F5p34076722_R1_F5.34077_trajectory.csv,1,,0
p5s0c_train_t1_r03_s5103_low_mu0.252239_GNP_S4_F5p34076722_R2_F5.34077,p5s0c_train_t1_r03_s5103_low_mu0.252239,p5s0c_train_t1_root03_s5103,1,LOW,0.2522389282215292,4,2,5.340767218731952,1.6953567639468055e-21,5.340767218731952,1,0,full_task_failure,1,f39e885e027935242ab9987218b72ad79945058ac3788f3ca4722398b51a129b,f39e885e027935242ab9987218b72ad79945058ac3788f3ca4722398b51a129b,30200922d4b411ceada9266334b1b6adacb753b1797b3fd5e26376988c621751,/home/exouser/FORTE/gnp_style_continuous_20260830_125107/collection_long2/P5S0C_BRANCH_TELEMETRY/p5s0c_train_t1_r03_s5103_low_mu0.252239_GNP_S4_F5p34076722_R2_F5.34077_trajectory.csv,1,,0
p5s0c_train_t1_r03_s5103_low_mu0.252239_GNP_S5_F5p94321594_R1_F5.94322,p5s0c_train_t1_r03_s5103_low_mu0.252239,p5s0c_train_t1_root03_s5103,1,LOW,0.2522389282215292,5,1,5.943215935032666,5.804127699620015,0.13908823541265125,1,1,,1,f39e885e027935242ab9987218b72ad79945058ac3788f3ca4722398b51a129b,f39e885e027935242ab9987218b72ad79945058ac3788f3ca4722398b51a129b,30200922d4b411ceada9266334b1b6adacb753b1797b3fd5e26376988c621751,/home/exouser/FORTE/gnp_style_continuous_20260830_125107/collection_long2/P5S0C_BRANCH_TELEMETRY/p5s0c_train_t1_r03_s5103_low_mu0.252239_GNP_S5_F5p94321594_R1_F5.94322_trajectory.csv,1,,0
p5s0c_train_t1_r03_s5103_low_mu0.252239_GNP_S5_F5p94321594_R2_F5.94322,p5s0c_train_t1_r03_s5103_low_mu0.252239,p5s0c_train_t1_root03_s5103,1,LOW,0.2522389282215292,5,2,5.943215935032666,5.80671129999934,0.13650463503332588,1,1,,1,f39e885e027935242ab9987218b72ad79945058ac3788f3ca4722398b51a129b,f39e885e027935242ab9987218b72ad79945058ac3788f3ca4722398b51a129b,30200922d4b411ceada9266334b1b6adacb753b1797b3fd5e26376988c621751,/home/exouser/FORTE/gnp_style_continuous_20260830_125107/collection_long2/P5S0C_BRANCH_TELEMETRY/p5s0c_train_t1_r03_s5103_low_mu0.252239_GNP_S5_F5p94321594_R2_F5.94322_trajectory.csv,1,,0
p5s0c_train_t1_r03_s5103_mid_mu0.580481_GNP_S1_F4p10299894_R1_F4.103,p5s0c_train_t1_r03_s5103_mid_mu0.580481,p5s0c_train_t1_root03_s5103,1,MID,0.5804812058382962,1,1,4.102998937138528,3.8389253012339273,0.26407363590460076,1,1,,1,6ed8f13b78d3267738fbce35a739c48be398e137718a4514c1dc26385c75de48,6ed8f13b78d3267738fbce35a739c48be398e137718a4514c1dc26385c75de48,862dd273f576b2a28b8af744f38b380c252f6fd43ac357564c067f2522249b13,/home/exouser/FORTE/gnp_style_continuous_20260830_125107/collection_long2/P5S0C_BRANCH_TELEMETRY/p5s0c_train_t1_r03_s5103_mid_mu0.580481_GNP_S1_F4p10299894_R1_F4.103_trajectory.csv,1,,0
p5s0c_train_t1_r03_s5103_mid_mu0.580481_GNP_S1_F4p10299894_R2_F4.103,p5s0c_train_t1_r03_s5103_mid_mu0.580481,p5s0c_train_t1_root03_s5103,1,MID,0.5804812058382962,1,2,4.102998937138528,3.868134965767732,0.23486397137079607,1,1,,1,6ed8f13b78d3267738fbce35a739c48be398e137718a4514c1dc26385c75de48,6ed8f13b78d3267738fbce35a739c48be398e137718a4514c1dc26385c75de48,862dd273f576b2a28b8af744f38b380c252f6fd43ac357564c067f2522249b13,/home/exouser/FORTE/gnp_style_continuous_20260830_125107/collection_long2/P5S0C_BRANCH_TELEMETRY/p5s0c_train_t1_r03_s5103_mid_mu0.580481_GNP_S1_F4p10299894_R2_F4.103_trajectory.csv,1,,0
p5s0c_train_t1_r03_s5103_mid_mu0.580481_GNP_S2_F4p55038346_R1_F4.55038,p5s0c_train_t1_r03_s5103_mid_mu0.580481,p5s0c_train_t1_root03_s5103,1,MID,0.5804812058382962,2,1,4.550383456840101,4.396148501215754,0.15423495562434653,1,1,,1,6ed8f13b78d3267738fbce35a739c48be398e137718a4514c1dc26385c75de48,6ed8f13b78d3267738fbce35a739c48be398e137718a4514c1dc26385c75de48,862dd273f576b2a28b8af744f38b380c252f6fd43ac357564c067f2522249b13,/home/exouser/FORTE/gnp_style_continuous_20260830_125107/collection_long2/P5S0C_BRANCH_TELEMETRY/p5s0c_train_t1_r03_s5103_mid_mu0.580481_GNP_S2_F4p55038346_R1_F4.55038_trajectory.csv,1,,0
p5s0c_train_t1_r03_s5103_mid_mu0.580481_GNP_S2_F4p55038346_R2_F4.55038,p5s0c_train_t1_r03_s5103_mid_mu0.580481,p5s0c_train_t1_root03_s5103,1,MID,0.5804812058382962,2,2,4.550383456840101,4.391972438709156,0.15841101813094483,1,1,,1,6ed8f13b78d3267738fbce35a739c48be398e137718a4514c1dc26385c75de48,6ed8f13b78d3267738fbce35a739c48be398e137718a4514c1dc26385c75de48,862dd273f576b2a28b8af744f38b380c252f6fd43ac357564c067f2522249b13,/home/exouser/FORTE/gnp_style_continuous_20260830_125107/collection_long2/P5S0C_BRANCH_TELEMETRY/p5s0c_train_t1_r03_s5103_mid_mu0.580481_GNP_S2_F4p55038346_R2_F4.55038_trajectory.csv,1,,0
p5s0c_train_t1_r03_s5103_mid_mu0.580481_GNP_S3_F4p82146793_R1_F4.82147,p5s0c_train_t1_r03_s5103_mid_mu0.580481,p5s0c_train_t1_root03_s5103,1,MID,0.5804812058382962,3,1,4.821467928584696,4.688222743369438,0.13324518521525874,1,1,,1,6ed8f13b78d3267738fbce35a739c48be398e137718a4514c1dc26385c75de48,6ed8f13b78d3267738fbce35a739c48be398e137718a4514c1dc26385c75de48,862dd273f576b2a28b8af744f38b380c252f6fd43ac357564c067f2522249b13,/home/exouser/FORTE/gnp_style_continuous_20260830_125107/collection_long2/P5S0C_BRANCH_TELEMETRY/p5s0c_train_t1_r03_s5103_mid_mu0.580481_GNP_S3_F4p82146793_R1_F4.82147_trajectory.csv,1,,0
p5s0c_train_t1_r03_s5103_mid_mu0.580481_GNP_S3_F4p82146793_R2_F4.82147,p5s0c_train_t1_r03_s5103_mid_mu0.580481,p5s0c_train_t1_root03_s5103,1,MID,0.5804812058382962,3,2,4.821467928584696,4.694854446359583,0.12661348222511304,1,1,,1,6ed8f13b78d3267738fbce35a739c48be398e137718a4514c1dc26385c75de48,6ed8f13b78d3267738fbce35a739c48be398e137718a4514c1dc26385c75de48,862dd273f576b2a28b8af744f38b380c252f6fd43ac357564c067f2522249b13,/home/exouser/FORTE/gnp_style_continuous_20260830_125107/collection_long2/P5S0C_BRANCH_TELEMETRY/p5s0c_train_t1_r03_s5103_mid_mu0.580481_GNP_S3_F4p82146793_R2_F4.82147_trajectory.csv,1,,0
p5s0c_train_t1_r03_s5103_mid_mu0.580481_GNP_S4_F5p47355253_R1_F5.47355,p5s0c_train_t1_r03_s5103_mid_mu0.580481,p5s0c_train_t1_root03_s5103,1,MID,0.5804812058382962,4,1,5.473552530129805,5.51817653020223,0.044624000072425396,1,1,,1,6ed8f13b78d3267738fbce35a739c48be398e137718a4514c1dc26385c75de48,6ed8f13b78d3267738fbce35a739c48be398e137718a4514c1dc26385c75de48,862dd273f576b2a28b8af744f38b380c252f6fd43ac357564c067f2522249b13,/home/exouser/FORTE/gnp_style_continuous_20260830_125107/collection_long2/P5S0C_BRANCH_TELEMETRY/p5s0c_train_t1_r03_s5103_mid_mu0.580481_GNP_S4_F5p47355253_R1_F5.47355_trajectory.csv,1,,0
p5s0c_train_t1_r03_s5103_mid_mu0.580481_GNP_S4_F5p47355253_R2_F5.47355,p5s0c_train_t1_r03_s5103_mid_mu0.580481,p5s0c_train_t1_root03_s5103,1,MID,0.5804812058382962,4,2,5.473552530129805,5.517684237162272,0.04413170703246738,1,1,,1,6ed8f13b78d3267738fbce35a739c48be398e137718a4514c1dc26385c75de48,6ed8f13b78d3267738fbce35a739c48be398e137718a4514c1dc26385c75de48,862dd273f576b2a28b8af744f38b380c252f6fd43ac357564c067f2522249b13,/home/exouser/FORTE/gnp_style_continuous_20260830_125107/collection_long2/P5S0C_BRANCH_TELEMETRY/p5s0c_train_t1_r03_s5103_mid_mu0.580481_GNP_S4_F5p47355253_R2_F5.47355_trajectory.csv,1,,0
p5s0c_train_t1_r03_s5103_mid_mu0.580481_GNP_S5_F5p81092692_R1_F5.81093,p5s0c_train_t1_r03_s5103_mid_mu0.580481,p5s0c_train_t1_root03_s5103,1,MID,0.5804812058382962,5,1,5.810926924157705,5.87739408493042,0.06646716077271453,1,1,,1,6ed8f13b78d3267738fbce35a739c48be398e137718a4514c1dc26385c75de48,6ed8f13b78d3267738fbce35a739c48be398e137718a4514c1dc26385c75de48,862dd273f576b2a28b8af744f38b380c252f6fd43ac357564c067f2522249b13,/home/exouser/FORTE/gnp_style_continuous_20260830_125107/collection_long2/P5S0C_BRANCH_TELEMETRY/p5s0c_train_t1_r03_s5103_mid_mu0.580481_GNP_S5_F5p81092692_R1_F5.81093_trajectory.csv,1,,0
p5s0c_train_t1_r03_s5103_mid_mu0.580481_GNP_S5_F5p81092692_R2_F5.81093,p5s0c_train_t1_r03_s5103_mid_mu0.580481,p5s0c_train_t1_root03_s5103,1,MID,0.5804812058382962,5,2,5.810926924157705,5.872519925435384,0.06159300127767864,1,1,,1,6ed8f13b78d3267738fbce35a739c48be398e137718a4514c1dc26385c75de48,6ed8f13b78d3267738fbce35a739c48be398e137718a4514c1dc26385c75de48,862dd273f576b2a28b8af744f38b380c252f6fd43ac357564c067f2522249b13,/home/exouser/FORTE/gnp_style_continuous_20260830_125107/collection_long2/P5S0C_BRANCH_TELEMETRY/p5s0c_train_t1_r03_s5103_mid_mu0.580481_GNP_S5_F5p81092692_R2_F5.81093_trajectory.csv,1,,0
p5s0c_train_t1_r04_s5104_high_mu0.989461_GNP_S1_F4p36930364_R1_F4.3693,p5s0c_train_t1_r04_s5104_high_mu0.989461,p5s0c_train_t1_root04_s5104,1,HIGH,0.9894606289679416,1,1,4.369303635272635,4.232539023223676,0.1367646120489585,1,1,,1,8db216f9ad81636955e8e54d4abda45cd70a8ddd8e371a3b19a4777860cda222,8db216f9ad81636955e8e54d4abda45cd70a8ddd8e371a3b19a4777860cda222,a754c51455d85d8cb747173897c24784829dfb970e17898d470a16cf3aca1662,/home/exouser/FORTE/gnp_style_continuous_20260830_125107/collection_long2/P5S0C_BRANCH_TELEMETRY/p5s0c_train_t1_r04_s5104_high_mu0.989461_GNP_S1_F4p36930364_R1_F4.3693_trajectory.csv,1,,0
p5s0c_train_t1_r04_s5104_high_mu0.989461_GNP_S1_F4p36930364_R2_F4.3693,p5s0c_train_t1_r04_s5104_high_mu0.989461,p5s0c_train_t1_root04_s5104,1,HIGH,0.9894606289679416,1,2,4.369303635272635,4.280114998942928,0.0891886363297072,1,1,,1,8db216f9ad81636955e8e54d4abda45cd70a8ddd8e371a3b19a4777860cda222,8db216f9ad81636955e8e54d4abda45cd70a8ddd8e371a3b19a4777860cda222,a754c51455d85d8cb747173897c24784829dfb970e17898d470a16cf3aca1662,/home/exouser/FORTE/gnp_style_continuous_20260830_125107/collection_long2/P5S0C_BRANCH_TELEMETRY/p5s0c_train_t1_r04_s5104_high_mu0.989461_GNP_S1_F4p36930364_R2_F4.3693_trajectory.csv,1,,0
p5s0c_train_t1_r04_s5104_high_mu0.989461_GNP_S2_F4p72845663_R1_F4.72846,p5s0c_train_t1_r04_s5104_high_mu0.989461,p5s0c_train_t1_root04_s5104,1,HIGH,0.9894606289679416,2,1,4.728456625914877,4.67989246468795,0.04856416122692675,1,1,,1,8db216f9ad81636955e8e54d4abda45cd70a8ddd8e371a3b19a4777860cda222,8db216f9ad81636955e8e54d4abda45cd70a8ddd8e371a3b19a4777860cda222,a754c51455d85d8cb747173897c24784829dfb970e17898d470a16cf3aca1662,/home/exouser/FORTE/gnp_style_continuous_20260830_125107/collection_long2/P5S0C_BRANCH_TELEMETRY/p5s0c_train_t1_r04_s5104_high_mu0.989461_GNP_S2_F4p72845663_R1_F4.72846_trajectory.csv,1,,0
p5s0c_train_t1_r04_s5104_high_mu0.989461_GNP_S2_F4p72845663_R2_F4.72846,p5s0c_train_t1_r04_s5104_high_mu0.989461,p5s0c_train_t1_root04_s5104,1,HIGH,0.9894606289679416,2,2,4.728456625914877,4.679904194254624,0.04855243166025325,1,1,,1,8db216f9ad81636955e8e54d4abda45cd70a8ddd8e371a3b19a4777860cda222,8db216f9ad81636955e8e54d4abda45cd70a8ddd8e371a3b19a4777860cda222,a754c51455d85d8cb747173897c24784829dfb970e17898d470a16cf3aca1662,/home/exouser/FORTE/gnp_style_continuous_20260830_125107/collection_long2/P5S0C_BRANCH_TELEMETRY/p5s0c_train_t1_r04_s5104_high_mu0.989461_GNP_S2_F4p72845663_R2_F4.72846_trajectory.csv,1,,0
p5s0c_train_t1_r04_s5104_high_mu0.989461_GNP_S3_F4p80728937_R1_F4.80729,p5s0c_train_t1_r04_s5104_high_mu0.989461,p5s0c_train_t1_root04_s5104,1,HIGH,0.9894606289679416,3,1,4.807289371850478,4.767000781862359,0.04028858998811913,1,1,,1,8db216f9ad81636955e8e54d4abda45cd70a8ddd8e371a3b19a4777860cda222,8db216f9ad81636955e8e54d4abda45cd70a8ddd8e371a3b19a4777860cda222,a754c51455d85d8cb747173897c24784829dfb970e17898d470a16cf3aca1662,/home/exouser/FORTE/gnp_style_continuous_20260830_125107/collection_long2/P5S0C_BRANCH_TELEMETRY/p5s0c_train_t1_r04_s5104_high_mu0.989461_GNP_S3_F4p80728937_R1_F4.80729_trajectory.csv,1,,0
p5s0c_train_t1_r04_s5104_high_mu0.989461_GNP_S3_F4p80728937_R2_F4.80729,p5s0c_train_t1_r04_s5104_high_mu0.989461,p5s0c_train_t1_root04_s5104,1,HIGH,0.9894606289679416,3,2,4.807289371850478,4.766544138130389,0.04074523372008976,1,1,,1,8db216f9ad81636955e8e54d4abda45cd70a8ddd8e371a3b19a4777860cda222,8db216f9ad81636955e8e54d4abda45cd70a8ddd8e371a3b19a4777860cda222,a754c51455d85d8cb747173897c24784829dfb970e17898d470a16cf3aca1662,/home/exouser/FORTE/gnp_style_continuous_20260830_125107/collection_long2/P5S0C_BRANCH_TELEMETRY/p5s0c_train_t1_r04_s5104_high_mu0.989461_GNP_S3_F4p80728937_R2_F4.80729_trajectory.csv,1,,0
p5s0c_train_t1_r04_s5104_high_mu0.989461_GNP_S4_F5p57549823_R1_F5.5755,p5s0c_train_t1_r04_s5104_high_mu0.989461,p5s0c_train_t1_root04_s5104,1,HIGH,0.9894606289679416,4,1,5.575498232484046,5.613540015722576,0.0380417832385298,1,1,,1,8db216f9ad81636955e8e54d4abda45cd70a8ddd8e371a3b19a4777860cda222,8db216f9ad81636955e8e54d4abda45cd70a8ddd8e371a3b19a4777860cda222,a754c51455d85d8cb747173897c24784829dfb970e17898d470a16cf3aca1662,/home/exouser/FORTE/gnp_style_continuous_20260830_125107/collection_long2/P5S0C_BRANCH_TELEMETRY/p5s0c_train_t1_r04_s5104_high_mu0.989461_GNP_S4_F5p57549823_R1_F5.5755_trajectory.csv,1,,0
p5s0c_train_t1_r04_s5104_high_mu0.989461_GNP_S4_F5p57549823_R2_F5.5755,p5s0c_train_t1_r04_s5104_high_mu0.989461,p5s0c_train_t1_root04_s5104,1,HIGH,0.9894606289679416,4,2,5.575498232484046,5.613561661619889,0.038063429135843485,1,1,,1,8db216f9ad81636955e8e54d4abda45cd70a8ddd8e371a3b19a4777860cda222,8db216f9ad81636955e8e54d4abda45cd70a8ddd8e371a3b19a4777860cda222,a754c51455d85d8cb747173897c24784829dfb970e17898d470a16cf3aca1662,/home/exouser/FORTE/gnp_style_continuous_20260830_125107/collection_long2/P5S0C_BRANCH_TELEMETRY/p5s0c_train_t1_r04_s5104_high_mu0.989461_GNP_S4_F5p57549823_R2_F5.5755_trajectory.csv,1,,0
p5s0c_train_t1_r04_s5104_high_mu0.989461_GNP_S5_F5p95385717_R1_F5.95386,p5s0c_train_t1_r04_s5104_high_mu0.989461,p5s0c_train_t1_root04_s5104,1,HIGH,0.9894606289679416,5,1,5.953857169614121,6.029730169396651,0.07587299978253004,1,1,,1,8db216f9ad81636955e8e54d4abda45cd70a8ddd8e371a3b19a4777860cda222,8db216f9ad81636955e8e54d4abda45cd70a8ddd8e371a3b19a4777860cda222,a754c51455d85d8cb747173897c24784829dfb970e17898d470a16cf3aca1662,/home/exouser/FORTE/gnp_style_continuous_20260830_125107/collection_long2/P5S0C_BRANCH_TELEMETRY/p5s0c_train_t1_r04_s5104_high_mu0.989461_GNP_S5_F5p95385717_R1_F5.95386_trajectory.csv,1,,0
p5s0c_train_t1_r04_s5104_high_mu0.989461_GNP_S5_F5p95385717_R2_F5.95386,p5s0c_train_t1_r04_s5104_high_mu0.989461,p5s0c_train_t1_root04_s5104,1,HIGH,0.9894606289679416,5,2,5.953857169614121,6.029173361627679,0.07531619201355788,1,1,,1,8db216f9ad81636955e8e54d4abda45cd70a8ddd8e371a3b19a4777860cda222,8db216f9ad81636955e8e54d4abda45cd70a8ddd8e371a3b19a4777860cda222,a754c51455d85d8cb747173897c24784829dfb970e17898d470a16cf3aca1662,/home/exouser/FORTE/gnp_style_continuous_20260830_125107/collection_long2/P5S0C_BRANCH_TELEMETRY/p5s0c_train_t1_r04_s5104_high_mu0.989461_GNP_S5_F5p95385717_R2_F5.95386_trajectory.csv,1,,0
p5s0c_train_t1_r04_s5104_low_mu0.223399_GNP_S1_F4p20609655_R1_F4.2061,p5s0c_train_t1_r04_s5104_low_mu0.223399,p5s0c_train_t1_root04_s5104,1,LOW,0.2233988467038157,1,1,4.206096551576313,2.7596807524462203e-29,4.206096551576313,1,0,full_task_failure,1,0f14c7cb4ce655e7dacfca8d026be15a37c0d5df256eb3ec9c827e838bbc5346,0f14c7cb4ce655e7dacfca8d026be15a37c0d5df256eb3ec9c827e838bbc5346,1403b39e8565b13704f76f4b9fc94fafc1d725498e0445cd3c2217eab5af05f7,/home/exouser/FORTE/gnp_style_continuous_20260830_125107/collection_long2/P5S0C_BRANCH_TELEMETRY/p5s0c_train_t1_r04_s5104_low_mu0.223399_GNP_S1_F4p20609655_R1_F4.2061_trajectory.csv,1,,0
p5s0c_train_t1_r04_s5104_low_mu0.223399_GNP_S1_F4p20609655_R2_F4.2061,p5s0c_train_t1_r04_s5104_low_mu0.223399,p5s0c_train_t1_root04_s5104,1,LOW,0.2233988467038157,1,2,4.206096551576313,1.213432057826348e-29,4.206096551576313,1,0,full_task_failure,1,0f14c7cb4ce655e7dacfca8d026be15a37c0d5df256eb3ec9c827e838bbc5346,0f14c7cb4ce655e7dacfca8d026be15a37c0d5df256eb3ec9c827e838bbc5346,1403b39e8565b13704f76f4b9fc94fafc1d725498e0445cd3c2217eab5af05f7,/home/exouser/FORTE/gnp_style_continuous_20260830_125107/collection_long2/P5S0C_BRANCH_TELEMETRY/p5s0c_train_t1_r04_s5104_low_mu0.223399_GNP_S1_F4p20609655_R2_F4.2061_trajectory.csv,1,,0
p5s0c_train_t1_r04_s5104_low_mu0.223399_GNP_S2_F4p69978922_R1_F4.69979,p5s0c_train_t1_r04_s5104_low_mu0.223399,p5s0c_train_t1_root04_s5104,1,LOW,0.2233988467038157,2,1,4.699789215407094,3.362623648790348e-27,4.699789215407094,1,0,full_task_failure,1,0f14c7cb4ce655e7dacfca8d026be15a37c0d5df256eb3ec9c827e838bbc5346,0f14c7cb4ce655e7dacfca8d026be15a37c0d5df256eb3ec9c827e838bbc5346,1403b39e8565b13704f76f4b9fc94fafc1d725498e0445cd3c2217eab5af05f7,/home/exouser/FORTE/gnp_style_continuous_20260830_125107/collection_long2/P5S0C_BRANCH_TELEMETRY/p5s0c_train_t1_r04_s5104_low_mu0.223399_GNP_S2_F4p69978922_R1_F4.69979_trajectory.csv,1,,0
p5s0c_train_t1_r04_s5104_low_mu0.223399_GNP_S2_F4p69978922_R2_F4.69979,p5s0c_train_t1_r04_s5104_low_mu0.223399,p5s0c_train_t1_root04_s5104,1,LOW,0.2233988467038157,2,2,4.699789215407094,1.8615755736209728e-25,4.699789215407094,1,0,full_task_failure,1,0f14c7cb4ce655e7dacfca8d026be15a37c0d5df256eb3ec9c827e838bbc5346,0f14c7cb4ce655e7dacfca8d026be15a37c0d5df256eb3ec9c827e838bbc5346,1403b39e8565b13704f76f4b9fc94fafc1d725498e0445cd3c2217eab5af05f7,/home/exouser/FORTE/gnp_style_continuous_20260830_125107/collection_long2/P5S0C_BRANCH_TELEMETRY/p5s0c_train_t1_r04_s5104_low_mu0.223399_GNP_S2_F4p69978922_R2_F4.69979_trajectory.csv,1,,0
p5s0c_train_t1_r04_s5104_low_mu0.223399_GNP_S3_F4p99376082_R1_F4.99376,p5s0c_train_t1_r04_s5104_low_mu0.223399,p5s0c_train_t1_root04_s5104,1,LOW,0.2233988467038157,3,1,4.99376081747376,1.6792793721054682e-25,4.99376081747376,1,0,full_task_failure,1,0f14c7cb4ce655e7dacfca8d026be15a37c0d5df256eb3ec9c827e838bbc5346,0f14c7cb4ce655e7dacfca8d026be15a37c0d5df256eb3ec9c827e838bbc5346,1403b39e8565b13704f76f4b9fc94fafc1d725498e0445cd3c2217eab5af05f7,/home/exouser/FORTE/gnp_style_continuous_20260830_125107/collection_long2/P5S0C_BRANCH_TELEMETRY/p5s0c_train_t1_r04_s5104_low_mu0.223399_GNP_S3_F4p99376082_R1_F4.99376_trajectory.csv,1,,0
p5s0c_train_t1_r04_s5104_low_mu0.223399_GNP_S3_F4p99376082_R2_F4.99376,p5s0c_train_t1_r04_s5104_low_mu0.223399,p5s0c_train_t1_root04_s5104,1,LOW,0.2233988467038157,3,2,4.99376081747376,1.017273287700537e-25,4.99376081747376,1,0,full_task_failure,1,0f14c7cb4ce655e7dacfca8d026be15a37c0d5df256eb3ec9c827e838bbc5346,0f14c7cb4ce655e7dacfca8d026be15a37c0d5df256eb3ec9c827e838bbc5346,1403b39e8565b13704f76f4b9fc94fafc1d725498e0445cd3c2217eab5af05f7,/home/exouser/FORTE/gnp_style_continuous_20260830_125107/collection_long2/P5S0C_BRANCH_TELEMETRY/p5s0c_train_t1_r04_s5104_low_mu0.223399_GNP_S3_F4p99376082_R2_F4.99376_trajectory.csv,1,,0
p5s0c_train_t1_r04_s5104_low_mu0.223399_GNP_S4_F5p24279608_R1_F5.2428,p5s0c_train_t1_r04_s5104_low_mu0.223399,p5s0c_train_t1_root04_s5104,1,LOW,0.2233988467038157,4,1,5.242796083300154,1.5409855814068874e-16,5.242796083300154,1,0,full_task_failure,1,0f14c7cb4ce655e7dacfca8d026be15a37c0d5df256eb3ec9c827e838bbc5346,0f14c7cb4ce655e7dacfca8d026be15a37c0d5df256eb3ec9c827e838bbc5346,1403b39e8565b13704f76f4b9fc94fafc1d725498e0445cd3c2217eab5af05f7,/home/exouser/FORTE/gnp_style_continuous_20260830_125107/collection_long2/P5S0C_BRANCH_TELEMETRY/p5s0c_train_t1_r04_s5104_low_mu0.223399_GNP_S4_F5p24279608_R1_F5.2428_trajectory.csv,1,,0
p5s0c_train_t1_r04_s5104_low_mu0.223399_GNP_S4_F5p24279608_R2_F5.2428,p5s0c_train_t1_r04_s5104_low_mu0.223399,p5s0c_train_t1_root04_s5104,1,LOW,0.2233988467038157,4,2,5.242796083300154,5.231569680311976e-21,5.242796083300154,1,0,full_task_failure,1,0f14c7cb4ce655e7dacfca8d026be15a37c0d5df256eb3ec9c827e838bbc5346,0f14c7cb4ce655e7dacfca8d026be15a37c0d5df256eb3ec9c827e838bbc5346,1403b39e8565b13704f76f4b9fc94fafc1d725498e0445cd3c2217eab5af05f7,/home/exouser/FORTE/gnp_style_continuous_20260830_125107/collection_long2/P5S0C_BRANCH_TELEMETRY/p5s0c_train_t1_r04_s5104_low_mu0.223399_GNP_S4_F5p24279608_R2_F5.2428_trajectory.csv,1,,0
p5s0c_train_t1_r04_s5104_low_mu0.223399_GNP_S5_F5p9601401_R1_F5.96014,p5s0c_train_t1_r04_s5104_low_mu0.223399,p5s0c_train_t1_root04_s5104,1,LOW,0.2233988467038157,5,1,5.960140104231352,5.966512184394033,0.00637208016268076,1,1,,1,0f14c7cb4ce655e7dacfca8d026be15a37c0d5df256eb3ec9c827e838bbc5346,0f14c7cb4ce655e7dacfca8d026be15a37c0d5df256eb3ec9c827e838bbc5346,1403b39e8565b13704f76f4b9fc94fafc1d725498e0445cd3c2217eab5af05f7,/home/exouser/FORTE/gnp_style_continuous_20260830_125107/collection_long2/P5S0C_BRANCH_TELEMETRY/p5s0c_train_t1_r04_s5104_low_mu0.223399_GNP_S5_F5p9601401_R1_F5.96014_trajectory.csv,1,,0
p5s0c_train_t1_r04_s5104_low_mu0.223399_GNP_S5_F5p9601401_R2_F5.96014,p5s0c_train_t1_r04_s5104_low_mu0.223399,p5s0c_train_t1_root04_s5104,1,LOW,0.2233988467038157,5,2,5.960140104231352,6.008987389112773,0.04884728488142098,1,1,,1,0f14c7cb4ce655e7dacfca8d026be15a37c0d5df256eb3ec9c827e838bbc5346,0f14c7cb4ce655e7dacfca8d026be15a37c0d5df256eb3ec9c827e838bbc5346,1403b39e8565b13704f76f4b9fc94fafc1d725498e0445cd3c2217eab5af05f7,/home/exouser/FORTE/gnp_style_continuous_20260830_125107/collection_long2/P5S0C_BRANCH_TELEMETRY/p5s0c_train_t1_r04_s5104_low_mu0.223399_GNP_S5_F5p9601401_R2_F5.96014_trajectory.csv,1,,0
p5s0c_train_t1_r04_s5104_mid_mu0.589024_GNP_S1_F4p11702413_R1_F4.11702,p5s0c_train_t1_r04_s5104_mid_mu0.589024,p5s0c_train_t1_root04_s5104,1,MID,0.5890240876672719,1,1,4.117024133820839,3.88132118237646,0.2357029514443787,1,1,,1,92f941b36e2817c958a8ccbef13f2a3ca95d627bc95c4e9a76ab9f484c7ae593,92f941b36e2817c958a8ccbef13f2a3ca95d627bc95c4e9a76ab9f484c7ae593,5461cc80dc81242482238dccff3db3921cb5604b427d3fe00869237ac8fdced1,/home/exouser/FORTE/gnp_style_continuous_20260830_125107/collection_long2/P5S0C_BRANCH_TELEMETRY/p5s0c_train_t1_r04_s5104_mid_mu0.589024_GNP_S1_F4p11702413_R1_F4.11702_trajectory.csv,1,,0
p5s0c_train_t1_r04_s5104_mid_mu0.589024_GNP_S1_F4p11702413_R2_F4.11702,p5s0c_train_t1_r04_s5104_mid_mu0.589024,p5s0c_train_t1_root04_s5104,1,MID,0.5890240876672719,1,2,4.117024133820839,3.926550278538152,0.1904738552826868,1,1,,1,92f941b36e2817c958a8ccbef13f2a3ca95d627bc95c4e9a76ab9f484c7ae593,92f941b36e2817c958a8ccbef13f2a3ca95d627bc95c4e9a76ab9f484c7ae593,5461cc80dc81242482238dccff3db3921cb5604b427d3fe00869237ac8fdced1,/home/exouser/FORTE/gnp_style_continuous_20260830_125107/collection_long2/P5S0C_BRANCH_TELEMETRY/p5s0c_train_t1_r04_s5104_mid_mu0.589024_GNP_S1_F4p11702413_R2_F4.11702_trajectory.csv,1,,0
p5s0c_train_t1_r04_s5104_mid_mu0.589024_GNP_S2_F4p65492461_R1_F4.65492,p5s0c_train_t1_r04_s5104_mid_mu0.589024,p5s0c_train_t1_root04_s5104,1,MID,0.5890240876672719,2,1,4.654924611399999,4.5033133406388135,0.15161127076118586,1,1,,1,92f941b36e2817c958a8ccbef13f2a3ca95d627bc95c4e9a76ab9f484c7ae593,92f941b36e2817c958a8ccbef13f2a3ca95d627bc95c4e9a76ab9f484c7ae593,5461cc80dc81242482238dccff3db3921cb5604b427d3fe00869237ac8fdced1,/home/exouser/FORTE/gnp_style_continuous_20260830_125107/collection_long2/P5S0C_BRANCH_TELEMETRY/p5s0c_train_t1_r04_s5104_mid_mu0.589024_GNP_S2_F4p65492461_R1_F4.65492_trajectory.csv,1,,0
p5s0c_train_t1_r04_s5104_mid_mu0.589024_GNP_S2_F4p65492461_R2_F4.65492,p5s0c_train_t1_r04_s5104_mid_mu0.589024,p5s0c_train_t1_root04_s5104,1,MID,0.5890240876672719,2,2,4.654924611399999,4.503954648971558,0.15096996242844174,1,1,,1,92f941b36e2817c958a8ccbef13f2a3ca95d627bc95c4e9a76ab9f484c7ae593,92f941b36e2817c958a8ccbef13f2a3ca95d627bc95c4e9a76ab9f484c7ae593,5461cc80dc81242482238dccff3db3921cb5604b427d3fe00869237ac8fdced1,/home/exouser/FORTE/gnp_style_continuous_20260830_125107/collection_long2/P5S0C_BRANCH_TELEMETRY/p5s0c_train_t1_r04_s5104_mid_mu0.589024_GNP_S2_F4p65492461_R2_F4.65492_trajectory.csv,1,,0
p5s0c_train_t1_r04_s5104_mid_mu0.589024_GNP_S3_F5p08736153_R1_F5.08736,p5s0c_train_t1_r04_s5104_mid_mu0.589024,p5s0c_train_t1_root04_s5104,1,MID,0.5890240876672719,3,1,5.087361532190781,5.077308557535472,0.010052974655308411,1,1,,1,92f941b36e2817c958a8ccbef13f2a3ca95d627bc95c4e9a76ab9f484c7ae593,92f941b36e2817c958a8ccbef13f2a3ca95d627bc95c4e9a76ab9f484c7ae593,5461cc80dc81242482238dccff3db3921cb5604b427d3fe00869237ac8fdced1,/home/exouser/FORTE/gnp_style_continuous_20260830_125107/collection_long2/P5S0C_BRANCH_TELEMETRY/p5s0c_train_t1_r04_s5104_mid_mu0.589024_GNP_S3_F5p08736153_R1_F5.08736_trajectory.csv,1,,0
p5s0c_train_t1_r04_s5104_mid_mu0.589024_GNP_S3_F5p08736153_R2_F5.08736,p5s0c_train_t1_r04_s5104_mid_mu0.589024,p5s0c_train_t1_root04_s5104,1,MID,0.5890240876672719,3,2,5.087361532190781,4.96157087150373,0.12579066068705114,1,1,,1,92f941b36e2817c958a8ccbef13f2a3ca95d627bc95c4e9a76ab9f484c7ae593,92f941b36e2817c958a8ccbef13f2a3ca95d627bc95c4e9a76ab9f484c7ae593,5461cc80dc81242482238dccff3db3921cb5604b427d3fe00869237ac8fdced1,/home/exouser/FORTE/gnp_style_continuous_20260830_125107/collection_long2/P5S0C_BRANCH_TELEMETRY/p5s0c_train_t1_r04_s5104_mid_mu0.589024_GNP_S3_F5p08736153_R2_F5.08736_trajectory.csv,1,,0
p5s0c_train_t1_r04_s5104_mid_mu0.589024_GNP_S4_F5p37914054_R1_F5.37914,p5s0c_train_t1_r04_s5104_mid_mu0.589024,p5s0c_train_t1_root04_s5104,1,MID,0.5890240876672719,4,1,5.379140542338786,5.396808144293334,0.017667601954547862,1,1,,1,92f941b36e2817c958a8ccbef13f2a3ca95d627bc95c4e9a76ab9f484c7ae593,92f941b36e2817c958a8ccbef13f2a3ca95d627bc95c4e9a76ab9f484c7ae593,5461cc80dc81242482238dccff3db3921cb5604b427d3fe00869237ac8fdced1,/home/exouser/FORTE/gnp_style_continuous_20260830_125107/collection_long2/P5S0C_BRANCH_TELEMETRY/p5s0c_train_t1_r04_s5104_mid_mu0.589024_GNP_S4_F5p37914054_R1_F5.37914_trajectory.csv,1,,0
p5s0c_train_t1_r04_s5104_mid_mu0.589024_GNP_S4_F5p37914054_R2_F5.37914,p5s0c_train_t1_r04_s5104_mid_mu0.589024,p5s0c_train_t1_root04_s5104,1,MID,0.5890240876672719,4,2,5.379140542338786,5.391434399705184,0.012293857366397987,1,1,,1,92f941b36e2817c958a8ccbef13f2a3ca95d627bc95c4e9a76ab9f484c7ae593,92f941b36e2817c958a8ccbef13f2a3ca95d627bc95c4e9a76ab9f484c7ae593,5461cc80dc81242482238dccff3db3921cb5604b427d3fe00869237ac8fdced1,/home/exouser/FORTE/gnp_style_continuous_20260830_125107/collection_long2/P5S0C_BRANCH_TELEMETRY/p5s0c_train_t1_r04_s5104_mid_mu0.589024_GNP_S4_F5p37914054_R2_F5.37914_trajectory.csv,1,,0
p5s0c_train_t1_r04_s5104_mid_mu0.589024_GNP_S5_F5p96898999_R1_F5.96899,p5s0c_train_t1_r04_s5104_mid_mu0.589024,p5s0c_train_t1_root04_s5104,1,MID,0.5890240876672719,5,1,5.968989986633949,6.038901247476277,0.06991126084232757,1,1,,1,92f941b36e2817c958a8ccbef13f2a3ca95d627bc95c4e9a76ab9f484c7ae593,92f941b36e2817c958a8ccbef13f2a3ca95d627bc95c4e9a76ab9f484c7ae593,5461cc80dc81242482238dccff3db3921cb5604b427d3fe00869237ac8fdced1,/home/exouser/FORTE/gnp_style_continuous_20260830_125107/collection_long2/P5S0C_BRANCH_TELEMETRY/p5s0c_train_t1_r04_s5104_mid_mu0.589024_GNP_S5_F5p96898999_R1_F5.96899_trajectory.csv,1,,0
p5s0c_train_t1_r04_s5104_mid_mu0.589024_GNP_S5_F5p96898999_R2_F5.96899,p5s0c_train_t1_r04_s5104_mid_mu0.589024,p5s0c_train_t1_root04_s5104,1,MID,0.5890240876672719,5,2,5.968989986633949,6.039023731884203,0.07003374525025396,1,1,,1,92f941b36e2817c958a8ccbef13f2a3ca95d627bc95c4e9a76ab9f484c7ae593,92f941b36e2817c958a8ccbef13f2a3ca95d627bc95c4e9a76ab9f484c7ae593,5461cc80dc81242482238dccff3db3921cb5604b427d3fe00869237ac8fdced1,/home/exouser/FORTE/gnp_style_continuous_20260830_125107/collection_long2/P5S0C_BRANCH_TELEMETRY/p5s0c_train_t1_r04_s5104_mid_mu0.589024_GNP_S5_F5p96898999_R2_F5.96899_trajectory.csv,1,,0
p5s0c_train_t1_r05_s5105_high_mu0.901787_GNP_S1_F4p09191288_R1_F4.09191,p5s0c_train_t1_r05_s5105_high_mu0.901787,p5s0c_train_t1_root05_s5105,1,HIGH,0.9017871422121704,1,1,4.09191288039365,3.89049046426206,0.20142241613159007,1,1,,1,064481db40aed71aaf1dc919fe2ecb04f4d333344b07a58275035e596ed86b48,064481db40aed71aaf1dc919fe2ecb04f4d333344b07a58275035e596ed86b48,07787bbfc6951c28d66dbdad6df78741fd4c7f212175cb795525c7adec7aed8c,/home/exouser/FORTE/gnp_style_continuous_20260830_125107/collection_long2/P5S0C_BRANCH_TELEMETRY/p5s0c_train_t1_r05_s5105_high_mu0.901787_GNP_S1_F4p09191288_R1_F4.09191_trajectory.csv,1,,0
p5s0c_train_t1_r05_s5105_high_mu0.901787_GNP_S1_F4p09191288_R2_F4.09191,p5s0c_train_t1_r05_s5105_high_mu0.901787,p5s0c_train_t1_root05_s5105,1,HIGH,0.9017871422121704,1,2,4.09191288039365,3.8830581645707833,0.20885471582286685,1,1,,1,064481db40aed71aaf1dc919fe2ecb04f4d333344b07a58275035e596ed86b48,064481db40aed71aaf1dc919fe2ecb04f4d333344b07a58275035e596ed86b48,07787bbfc6951c28d66dbdad6df78741fd4c7f212175cb795525c7adec7aed8c,/home/exouser/FORTE/gnp_style_continuous_20260830_125107/collection_long2/P5S0C_BRANCH_TELEMETRY/p5s0c_train_t1_r05_s5105_high_mu0.901787_GNP_S1_F4p09191288_R2_F4.09191_trajectory.csv,1,,0
p5s0c_train_t1_r05_s5105_high_mu0.901787_GNP_S2_F4p66454655_R1_F4.66455,p5s0c_train_t1_r05_s5105_high_mu0.901787,p5s0c_train_t1_root05_s5105,1,HIGH,0.9017871422121704,2,1,4.664546554144782,4.605892593796189,0.05865396034859316,1,1,,1,064481db40aed71aaf1dc919fe2ecb04f4d333344b07a58275035e596ed86b48,064481db40aed71aaf1dc919fe2ecb04f4d333344b07a58275035e596ed86b48,07787bbfc6951c28d66dbdad6df78741fd4c7f212175cb795525c7adec7aed8c,/home/exouser/FORTE/gnp_style_continuous_20260830_125107/collection_long2/P5S0C_BRANCH_TELEMETRY/p5s0c_train_t1_r05_s5105_high_mu0.901787_GNP_S2_F4p66454655_R1_F4.66455_trajectory.csv,1,,0
p5s0c_train_t1_r05_s5105_high_mu0.901787_GNP_S2_F4p66454655_R2_F4.66455,p5s0c_train_t1_r05_s5105_high_mu0.901787,p5s0c_train_t1_root05_s5105,1,HIGH,0.9017871422121704,2,2,4.664546554144782,4.605394936896659,0.05915161724812279,1,1,,1,064481db40aed71aaf1dc919fe2ecb04f4d333344b07a58275035e596ed86b48,064481db40aed71aaf1dc919fe2ecb04f4d333344b07a58275035e596ed86b48,07787bbfc6951c28d66dbdad6df78741fd4c7f212175cb795525c7adec7aed8c,/home/exouser/FORTE/gnp_style_continuous_20260830_125107/collection_long2/P5S0C_BRANCH_TELEMETRY/p5s0c_train_t1_r05_s5105_high_mu0.901787_GNP_S2_F4p66454655_R2_F4.66455_trajectory.csv,1,,0
p5s0c_train_t1_r05_s5105_high_mu0.901787_GNP_S3_F4p91218371_R1_F4.91218,p5s0c_train_t1_r05_s5105_high_mu0.901787,p5s0c_train_t1_root05_s5105,1,HIGH,0.9017871422121704,3,1,4.912183714085512,4.877935783283131,0.03424793080238153,1,1,,1,064481db40aed71aaf1dc919fe2ecb04f4d333344b07a58275035e596ed86b48,064481db40aed71aaf1dc919fe2ecb04f4d333344b07a58275035e596ed86b48,07787bbfc6951c28d66dbdad6df78741fd4c7f212175cb795525c7adec7aed8c,/home/exouser/FORTE/gnp_style_continuous_20260830_125107/collection_long2/P5S0C_BRANCH_TELEMETRY/p5s0c_train_t1_r05_s5105_high_mu0.901787_GNP_S3_F4p91218371_R1_F4.91218_trajectory.csv,1,,0
p5s0c_train_t1_r05_s5105_high_mu0.901787_GNP_S3_F4p91218371_R2_F4.91218,p5s0c_train_t1_r05_s5105_high_mu0.901787,p5s0c_train_t1_root05_s5105,1,HIGH,0.9017871422121704,3,2,4.912183714085512,4.877955159625492,0.03422855446001982,1,1,,1,064481db40aed71aaf1dc919fe2ecb04f4d333344b07a58275035e596ed86b48,064481db40aed71aaf1dc919fe2ecb04f4d333344b07a58275035e596ed86b48,07787bbfc6951c28d66dbdad6df78741fd4c7f212175cb795525c7adec7aed8c,/home/exouser/FORTE/gnp_style_continuous_20260830_125107/collection_long2/P5S0C_BRANCH_TELEMETRY/p5s0c_train_t1_r05_s5105_high_mu0.901787_GNP_S3_F4p91218371_R2_F4.91218_trajectory.csv,1,,0
p5s0c_train_t1_r05_s5105_high_mu0.901787_GNP_S4_F5p50758154_R1_F5.50758,p5s0c_train_t1_r05_s5105_high_mu0.901787,p5s0c_train_t1_root05_s5105,1,HIGH,0.9017871422121704,4,1,5.507581539991828,5.5344006370853736,0.026819097093545352,1,1,,1,064481db40aed71aaf1dc919fe2ecb04f4d333344b07a58275035e596ed86b48,064481db40aed71aaf1dc919fe2ecb04f4d333344b07a58275035e596ed86b48,07787bbfc6951c28d66dbdad6df78741fd4c7f212175cb795525c7adec7aed8c,/home/exouser/FORTE/gnp_style_continuous_20260830_125107/collection_long2/P5S0C_BRANCH_TELEMETRY/p5s0c_train_t1_r05_s5105_high_mu0.901787_GNP_S4_F5p50758154_R1_F5.50758_trajectory.csv,1,,0
p5s0c_train_t1_r05_s5105_high_mu0.901787_GNP_S4_F5p50758154_R2_F5.50758,p5s0c_train_t1_r05_s5105_high_mu0.901787,p5s0c_train_t1_root05_s5105,1,HIGH,0.9017871422121704,4,2,5.507581539991828,5.539184911831005,0.03160337183917683,1,1,,1,064481db40aed71aaf1dc919fe2ecb04f4d333344b07a58275035e596ed86b48,064481db40aed71aaf1dc919fe2ecb04f4d333344b07a58275035e596ed86b48,07787bbfc6951c28d66dbdad6df78741fd4c7f212175cb795525c7adec7aed8c,/home/exouser/FORTE/gnp_style_continuous_20260830_125107/collection_long2/P5S0C_BRANCH_TELEMETRY/p5s0c_train_t1_r05_s5105_high_mu0.901787_GNP_S4_F5p50758154_R2_F5.50758_trajectory.csv,1,,0
p5s0c_train_t1_r05_s5105_high_mu0.901787_GNP_S5_F5p77073823_R1_F5.77074,p5s0c_train_t1_r05_s5105_high_mu0.901787,p5s0c_train_t1_root05_s5105,1,HIGH,0.9017871422121704,5,1,5.770738234158682,5.8293212619987695,0.058583027840087176,1,1,,1,064481db40aed71aaf1dc919fe2ecb04f4d333344b07a58275035e596ed86b48,064481db40aed71aaf1dc919fe2ecb04f4d333344b07a58275035e596ed86b48,07787bbfc6951c28d66dbdad6df78741fd4c7f212175cb795525c7adec7aed8c,/home/exouser/FORTE/gnp_style_continuous_20260830_125107/collection_long2/P5S0C_BRANCH_TELEMETRY/p5s0c_train_t1_r05_s5105_high_mu0.901787_GNP_S5_F5p77073823_R1_F5.77074_trajectory.csv,1,,0
p5s0c_train_t1_r05_s5105_high_mu0.901787_GNP_S5_F5p77073823_R2_F5.77074,p5s0c_train_t1_r05_s5105_high_mu0.901787,p5s0c_train_t1_root05_s5105,1,HIGH,0.9017871422121704,5,2,5.770738234158682,5.830670111888164,0.05993187772948172,1,1,,1,064481db40aed71aaf1dc919fe2ecb04f4d333344b07a58275035e596ed86b48,064481db40aed71aaf1dc919fe2ecb04f4d333344b07a58275035e596ed86b48,07787bbfc6951c28d66dbdad6df78741fd4c7f212175cb795525c7adec7aed8c,/home/exouser/FORTE/gnp_style_continuous_20260830_125107/collection_long2/P5S0C_BRANCH_TELEMETRY/p5s0c_train_t1_r05_s5105_high_mu0.901787_GNP_S5_F5p77073823_R2_F5.77074_trajectory.csv,1,,0
p5s0c_train_t1_r05_s5105_low_mu0.281471_GNP_S1_F4p05138076_R1_F4.05138,p5s0c_train_t1_r05_s5105_low_mu0.281471,p5s0c_train_t1_root05_s5105,1,LOW,0.2814708484330954,1,1,4.051380762050056,4.2939768426300036e-29,4.051380762050056,1,0,full_task_failure,1,380f79785fdc445a7cbc2e4d55403396a38f855ca29b868b783758e07586397f,380f79785fdc445a7cbc2e4d55403396a38f855ca29b868b783758e07586397f,b7309b63a3a0948180e1f577bedb413f1162c530c4e9e9afe90403bd770baf80,/home/exouser/FORTE/gnp_style_continuous_20260830_125107/collection_long2/P5S0C_BRANCH_TELEMETRY/p5s0c_train_t1_r05_s5105_low_mu0.281471_GNP_S1_F4p05138076_R1_F4.05138_trajectory.csv,1,,0
p5s0c_train_t1_r05_s5105_low_mu0.281471_GNP_S1_F4p05138076_R2_F4.05138,p5s0c_train_t1_r05_s5105_low_mu0.281471,p5s0c_train_t1_root05_s5105,1,LOW,0.2814708484330954,1,2,4.051380762050056,1.4480421611483763e-28,4.051380762050056,1,0,full_task_failure,1,380f79785fdc445a7cbc2e4d55403396a38f855ca29b868b783758e07586397f,380f79785fdc445a7cbc2e4d55403396a38f855ca29b868b783758e07586397f,b7309b63a3a0948180e1f577bedb413f1162c530c4e9e9afe90403bd770baf80,/home/exouser/FORTE/gnp_style_continuous_20260830_125107/collection_long2/P5S0C_BRANCH_TELEMETRY/p5s0c_train_t1_r05_s5105_low_mu0.281471_GNP_S1_F4p05138076_R2_F4.05138_trajectory.csv,1,,0
p5s0c_train_t1_r05_s5105_low_mu0.281471_GNP_S2_F4p65138157_R1_F4.65138,p5s0c_train_t1_r05_s5105_low_mu0.281471,p5s0c_train_t1_root05_s5105,1,LOW,0.2814708484330954,2,1,4.651381570381043,4.80299883786921e-28,4.651381570381043,1,0,full_task_failure,1,380f79785fdc445a7cbc2e4d55403396a38f855ca29b868b783758e07586397f,380f79785fdc445a7cbc2e4d55403396a38f855ca29b868b783758e07586397f,b7309b63a3a0948180e1f577bedb413f1162c530c4e9e9afe90403bd770baf80,/home/exouser/FORTE/gnp_style_continuous_20260830_125107/collection_long2/P5S0C_BRANCH_TELEMETRY/p5s0c_train_t1_r05_s5105_low_mu0.281471_GNP_S2_F4p65138157_R1_F4.65138_trajectory.csv,1,,0
p5s0c_train_t1_r05_s5105_low_mu0.281471_GNP_S2_F4p65138157_R2_F4.65138,p5s0c_train_t1_r05_s5105_low_mu0.281471,p5s0c_train_t1_root05_s5105,1,LOW,0.2814708484330954,2,2,4.651381570381043,5.971476669569035e-26,4.651381570381043,1,0,full_task_failure,1,380f79785fdc445a7cbc2e4d55403396a38f855ca29b868b783758e07586397f,380f79785fdc445a7cbc2e4d55403396a38f855ca29b868b783758e07586397f,b7309b63a3a0948180e1f577bedb413f1162c530c4e9e9afe90403bd770baf80,/home/exouser/FORTE/gnp_style_continuous_20260830_125107/collection_long2/P5S0C_BRANCH_TELEMETRY/p5s0c_train_t1_r05_s5105_low_mu0.281471_GNP_S2_F4p65138157_R2_F4.65138_trajectory.csv,1,,0
p5s0c_train_t1_r05_s5105_low_mu0.281471_GNP_S3_F4p88888919_R1_F4.88889,p5s0c_train_t1_r05_s5105_low_mu0.281471,p5s0c_train_t1_root05_s5105,1,LOW,0.2814708484330954,3,1,4.888889194071916,4.868599476562948e-27,4.888889194071916,1,0,full_task_failure,1,380f79785fdc445a7cbc2e4d55403396a38f855ca29b868b783758e07586397f,380f79785fdc445a7cbc2e4d55403396a38f855ca29b868b783758e07586397f,b7309b63a3a0948180e1f577bedb413f1162c530c4e9e9afe90403bd770baf80,/home/exouser/FORTE/gnp_style_continuous_20260830_125107/collection_long2/P5S0C_BRANCH_TELEMETRY/p5s0c_train_t1_r05_s5105_low_mu0.281471_GNP_S3_F4p88888919_R1_F4.88889_trajectory.csv,1,,0
p5s0c_train_t1_r05_s5105_low_mu0.281471_GNP_S3_F4p88888919_R2_F4.88889,p5s0c_train_t1_r05_s5105_low_mu0.281471,p5s0c_train_t1_root05_s5105,1,LOW,0.2814708484330954,3,2,4.888889194071916,9.41302240927377e-22,4.888889194071916,1,0,full_task_failure,1,380f79785fdc445a7cbc2e4d55403396a38f855ca29b868b783758e07586397f,380f79785fdc445a7cbc2e4d55403396a38f855ca29b868b783758e07586397f,b7309b63a3a0948180e1f577bedb413f1162c530c4e9e9afe90403bd770baf80,/home/exouser/FORTE/gnp_style_continuous_20260830_125107/collection_long2/P5S0C_BRANCH_TELEMETRY/p5s0c_train_t1_r05_s5105_low_mu0.281471_GNP_S3_F4p88888919_R2_F4.88889_trajectory.csv,1,,0
p5s0c_train_t1_r05_s5105_low_mu0.281471_GNP_S4_F5p45426665_R1_F5.45427,p5s0c_train_t1_r05_s5105_low_mu0.281471,p5s0c_train_t1_root05_s5105,1,LOW,0.2814708484330954,4,1,5.45426664831663,2.168630676445943e-21,5.45426664831663,1,0,full_task_failure,1,380f79785fdc445a7cbc2e4d55403396a38f855ca29b868b783758e07586397f,380f79785fdc445a7cbc2e4d55403396a38f855ca29b868b783758e07586397f,b7309b63a3a0948180e1f577bedb413f1162c530c4e9e9afe90403bd770baf80,/home/exouser/FORTE/gnp_style_continuous_20260830_125107/collection_long2/P5S0C_BRANCH_TELEMETRY/p5s0c_train_t1_r05_s5105_low_mu0.281471_GNP_S4_F5p45426665_R1_F5.45427_trajectory.csv,1,,0
p5s0c_train_t1_r05_s5105_low_mu0.281471_GNP_S4_F5p45426665_R2_F5.45427,p5s0c_train_t1_r05_s5105_low_mu0.281471,p5s0c_train_t1_root05_s5105,1,LOW,0.2814708484330954,4,2,5.45426664831663,6.30933153399359e-17,5.45426664831663,1,0,full_task_failure,1,380f79785fdc445a7cbc2e4d55403396a38f855ca29b868b783758e07586397f,380f79785fdc445a7cbc2e4d55403396a38f855ca29b868b783758e07586397f,b7309b63a3a0948180e1f577bedb413f1162c530c4e9e9afe90403bd770baf80,/home/exouser/FORTE/gnp_style_continuous_20260830_125107/collection_long2/P5S0C_BRANCH_TELEMETRY/p5s0c_train_t1_r05_s5105_low_mu0.281471_GNP_S4_F5p45426665_R2_F5.45427_trajectory.csv,1,,0
p5s0c_train_t1_r05_s5105_low_mu0.281471_GNP_S5_F5p86933343_R1_F5.86933,p5s0c_train_t1_r05_s5105_low_mu0.281471,p5s0c_train_t1_root05_s5105,1,LOW,0.2814708484330954,5,1,5.869333434272343,5.923947946445362,0.05461451217301949,1,1,,1,380f79785fdc445a7cbc2e4d55403396a38f855ca29b868b783758e07586397f,380f79785fdc445a7cbc2e4d55403396a38f855ca29b868b783758e07586397f,b7309b63a3a0948180e1f577bedb413f1162c530c4e9e9afe90403bd770baf80,/home/exouser/FORTE/gnp_style_continuous_20260830_125107/collection_long2/P5S0C_BRANCH_TELEMETRY/p5s0c_train_t1_r05_s5105_low_mu0.281471_GNP_S5_F5p86933343_R1_F5.86933_trajectory.csv,1,,0
p5s0c_train_t1_r05_s5105_low_mu0.281471_GNP_S5_F5p86933343_R2_F5.86933,p5s0c_train_t1_r05_s5105_low_mu0.281471,p5s0c_train_t1_root05_s5105,1,LOW,0.2814708484330954,5,2,5.869333434272343,5.864141122714893,0.005192311557449258,1,1,,1,380f79785fdc445a7cbc2e4d55403396a38f855ca29b868b783758e07586397f,380f79785fdc445a7cbc2e4d55403396a38f855ca29b868b783758e07586397f,b7309b63a3a0948180e1f577bedb413f1162c530c4e9e9afe90403bd770baf80,/home/exouser/FORTE/gnp_style_continuous_20260830_125107/collection_long2/P5S0C_BRANCH_TELEMETRY/p5s0c_train_t1_r05_s5105_low_mu0.281471_GNP_S5_F5p86933343_R2_F5.86933_trajectory.csv,1,,0
p5s0c_train_t1_r05_s5105_mid_mu0.533126_GNP_S1_F4p25150082_R1_F4.2515,p5s0c_train_t1_r05_s5105_mid_mu0.533126,p5s0c_train_t1_root05_s5105,1,MID,0.5331259916067848,1,1,4.251500823527196,4.092082677660762,0.1594181458664341,1,1,,1,584e863ff3c4f5ac868fed66850a1165b612080c61be63dafba0cddc3c04b578,584e863ff3c4f5ac868fed66850a1165b612080c61be63dafba0cddc3c04b578,ff0ff847f6115529e365d122fa9d36e20e24e7c2657763cc19cee6e0e70ce7b1,/home/exouser/FORTE/gnp_style_continuous_20260830_125107/collection_long2/P5S0C_BRANCH_TELEMETRY/p5s0c_train_t1_r05_s5105_mid_mu0.533126_GNP_S1_F4p25150082_R1_F4.2515_trajectory.csv,1,,0
p5s0c_train_t1_r05_s5105_mid_mu0.533126_GNP_S1_F4p25150082_R2_F4.2515,p5s0c_train_t1_r05_s5105_mid_mu0.533126,p5s0c_train_t1_root05_s5105,1,MID,0.5331259916067848,1,2,4.251500823527196,4.070453179849161,0.18104764367803483,1,1,,1,584e863ff3c4f5ac868fed66850a1165b612080c61be63dafba0cddc3c04b578,584e863ff3c4f5ac868fed66850a1165b612080c61be63dafba0cddc3c04b578,ff0ff847f6115529e365d122fa9d36e20e24e7c2657763cc19cee6e0e70ce7b1,/home/exouser/FORTE/gnp_style_continuous_20260830_125107/collection_long2/P5S0C_BRANCH_TELEMETRY/p5s0c_train_t1_r05_s5105_mid_mu0.533126_GNP_S1_F4p25150082_R2_F4.2515_trajectory.csv,1,,0
p5s0c_train_t1_r05_s5105_mid_mu0.533126_GNP_S2_F4p46335115_R1_F4.46335,p5s0c_train_t1_r05_s5105_mid_mu0.533126,p5s0c_train_t1_root05_s5105,1,MID,0.5331259916067848,2,1,4.46335115057102,4.319365069672868,0.14398608089815212,1,1,,1,584e863ff3c4f5ac868fed66850a1165b612080c61be63dafba0cddc3c04b578,584e863ff3c4f5ac868fed66850a1165b612080c61be63dafba0cddc3c04b578,ff0ff847f6115529e365d122fa9d36e20e24e7c2657763cc19cee6e0e70ce7b1,/home/exouser/FORTE/gnp_style_continuous_20260830_125107/collection_long2/P5S0C_BRANCH_TELEMETRY/p5s0c_train_t1_r05_s5105_mid_mu0.533126_GNP_S2_F4p46335115_R1_F4.46335_trajectory.csv,1,,0
p5s0c_train_t1_r05_s5105_mid_mu0.533126_GNP_S2_F4p46335115_R2_F4.46335,p5s0c_train_t1_r05_s5105_mid_mu0.533126,p5s0c_train_t1_root05_s5105,1,MID,0.5331259916067848,2,2,4.46335115057102,4.309759088464685,0.15359206210633491,1,1,,1,584e863ff3c4f5ac868fed66850a1165b612080c61be63dafba0cddc3c04b578,584e863ff3c4f5ac868fed66850a1165b612080c61be63dafba0cddc3c04b578,ff0ff847f6115529e365d122fa9d36e20e24e7c2657763cc19cee6e0e70ce7b1,/home/exouser/FORTE/gnp_style_continuous_20260830_125107/collection_long2/P5S0C_BRANCH_TELEMETRY/p5s0c_train_t1_r05_s5105_mid_mu0.533126_GNP_S2_F4p46335115_R2_F4.46335_trajectory.csv,1,,0
p5s0c_train_t1_r05_s5105_mid_mu0.533126_GNP_S3_F4p9634155_R1_F4.96342,p5s0c_train_t1_r05_s5105_mid_mu0.533126,p5s0c_train_t1_root05_s5105,1,MID,0.5331259916067848,3,1,4.963415498461771,4.897350646354057,0.06606485210771407,1,1,,1,584e863ff3c4f5ac868fed66850a1165b612080c61be63dafba0cddc3c04b578,584e863ff3c4f5ac868fed66850a1165b612080c61be63dafba0cddc3c04b578,ff0ff847f6115529e365d122fa9d36e20e24e7c2657763cc19cee6e0e70ce7b1,/home/exouser/FORTE/gnp_style_continuous_20260830_125107/collection_long2/P5S0C_BRANCH_TELEMETRY/p5s0c_train_t1_r05_s5105_mid_mu0.533126_GNP_S3_F4p9634155_R1_F4.96342_trajectory.csv,1,,0
p5s0c_train_t1_r05_s5105_mid_mu0.533126_GNP_S3_F4p9634155_R2_F4.96342,p5s0c_train_t1_r05_s5105_mid_mu0.533126,p5s0c_train_t1_root05_s5105,1,MID,0.5331259916067848,3,2,4.963415498461771,4.891271513861579,0.07214398460019211,1,1,,1,584e863ff3c4f5ac868fed66850a1165b612080c61be63dafba0cddc3c04b578,584e863ff3c4f5ac868fed66850a1165b612080c61be63dafba0cddc3c04b578,ff0ff847f6115529e365d122fa9d36e20e24e7c2657763cc19cee6e0e70ce7b1,/home/exouser/FORTE/gnp_style_continuous_20260830_125107/collection_long2/P5S0C_BRANCH_TELEMETRY/p5s0c_train_t1_r05_s5105_mid_mu0.533126_GNP_S3_F4p9634155_R2_F4.96342_trajectory.csv,1,,0
p5s0c_train_t1_r05_s5105_mid_mu0.533126_GNP_S4_F5p30099933_R1_F5.301,p5s0c_train_t1_r05_s5105_mid_mu0.533126,p5s0c_train_t1_root05_s5105,1,MID,0.5331259916067848,4,1,5.30099933454891,5.2386781460530045,0.062321188495905844,1,1,,1,584e863ff3c4f5ac868fed66850a1165b612080c61be63dafba0cddc3c04b578,584e863ff3c4f5ac868fed66850a1165b612080c61be63dafba0cddc3c04b578,ff0ff847f6115529e365d122fa9d36e20e24e7c2657763cc19cee6e0e70ce7b1,/home/exouser/FORTE/gnp_style_continuous_20260830_125107/collection_long2/P5S0C_BRANCH_TELEMETRY/p5s0c_train_t1_r05_s5105_mid_mu0.533126_GNP_S4_F5p30099933_R1_F5.301_trajectory.csv,1,,0
p5s0c_train_t1_r05_s5105_mid_mu0.533126_GNP_S4_F5p30099933_R2_F5.301,p5s0c_train_t1_r05_s5105_mid_mu0.533126,p5s0c_train_t1_root05_s5105,1,MID,0.5331259916067848,4,2,5.30099933454891,5.239008665084839,0.0619906694640715,1,1,,1,584e863ff3c4f5ac868fed66850a1165b612080c61be63dafba0cddc3c04b578,584e863ff3c4f5ac868fed66850a1165b612080c61be63dafba0cddc3c04b578,ff0ff847f6115529e365d122fa9d36e20e24e7c2657763cc19cee6e0e70ce7b1,/home/exouser/FORTE/gnp_style_continuous_20260830_125107/collection_long2/P5S0C_BRANCH_TELEMETRY/p5s0c_train_t1_r05_s5105_mid_mu0.533126_GNP_S4_F5p30099933_R2_F5.301_trajectory.csv,1,,0
p5s0c_train_t1_r05_s5105_mid_mu0.533126_GNP_S5_F5p98485535_R1_F5.98486,p5s0c_train_t1_r05_s5105_mid_mu0.533126,p5s0c_train_t1_root05_s5105,1,MID,0.5331259916067848,5,1,5.984855347684767,6.02597840412243,0.04112305643766323,1,1,,1,584e863ff3c4f5ac868fed66850a1165b612080c61be63dafba0cddc3c04b578,584e863ff3c4f5ac868fed66850a1165b612080c61be63dafba0cddc3c04b578,ff0ff847f6115529e365d122fa9d36e20e24e7c2657763cc19cee6e0e70ce7b1,/home/exouser/FORTE/gnp_style_continuous_20260830_125107/collection_long2/P5S0C_BRANCH_TELEMETRY/p5s0c_train_t1_r05_s5105_mid_mu0.533126_GNP_S5_F5p98485535_R1_F5.98486_trajectory.csv,1,,0
p5s0c_train_t1_r05_s5105_mid_mu0.533126_GNP_S5_F5p98485535_R2_F5.98486,p5s0c_train_t1_r05_s5105_mid_mu0.533126,p5s0c_train_t1_root05_s5105,1,MID,0.5331259916067848,5,2,5.984855347684767,6.015185021065377,0.03032967338060999,1,1,,1,584e863ff3c4f5ac868fed66850a1165b612080c61be63dafba0cddc3c04b578,584e863ff3c4f5ac868fed66850a1165b612080c61be63dafba0cddc3c04b578,ff0ff847f6115529e365d122fa9d36e20e24e7c2657763cc19cee6e0e70ce7b1,/home/exouser/FORTE/gnp_style_continuous_20260830_125107/collection_long2/P5S0C_BRANCH_TELEMETRY/p5s0c_train_t1_r05_s5105_mid_mu0.533126_GNP_S5_F5p98485535_R2_F5.98486_trajectory.csv,1,,0
p5s0c_train_t5_r00_s5100_high_mu0.945004_GNP_S1_F3p35057552_R1_F3.35058,p5s0c_train_t5_r00_s5100_high_mu0.945004,p5s0c_train_t5_root00_s5100,5,HIGH,0.9450036831015114,1,1,3.3505755204828644,2.981456834975987,0.3691186855068773,1,1,,1,3190dd6ecae430385153a58c720e96ee5cd236d4eb9db6cdd3a7eb33c614be84,3190dd6ecae430385153a58c720e96ee5cd236d4eb9db6cdd3a7eb33c614be84,6b7e26d597468c2512ec418a447b9aa5a13201d511eb04100c5fee2f5b184a69,/home/exouser/FORTE/gnp_style_continuous_20260830_125107/collection_long2/P5S0C_BRANCH_TELEMETRY/p5s0c_train_t5_r00_s5100_high_mu0.945004_GNP_S1_F3p35057552_R1_F3.35058_trajectory.csv,1,,0
p5s0c_train_t5_r00_s5100_high_mu0.945004_GNP_S1_F3p35057552_R2_F3.35058,p5s0c_train_t5_r00_s5100_high_mu0.945004,p5s0c_train_t5_root00_s5100,5,HIGH,0.9450036831015114,1,2,3.3505755204828644,2.980951821967347,0.36962369851551724,1,1,,1,3190dd6ecae430385153a58c720e96ee5cd236d4eb9db6cdd3a7eb33c614be84,3190dd6ecae430385153a58c720e96ee5cd236d4eb9db6cdd3a7eb33c614be84,6b7e26d597468c2512ec418a447b9aa5a13201d511eb04100c5fee2f5b184a69,/home/exouser/FORTE/gnp_style_continuous_20260830_125107/collection_long2/P5S0C_BRANCH_TELEMETRY/p5s0c_train_t5_r00_s5100_high_mu0.945004_GNP_S1_F3p35057552_R2_F3.35058_trajectory.csv,1,,0
p5s0c_train_t5_r00_s5100_high_mu0.945004_GNP_S2_F3p55851731_R1_F3.55852,p5s0c_train_t5_r00_s5100_high_mu0.945004,p5s0c_train_t5_root00_s5100,5,HIGH,0.9450036831015114,2,1,3.5585173118758044,3.214011845523364,0.3445054663524405,1,1,,1,3190dd6ecae430385153a58c720e96ee5cd236d4eb9db6cdd3a7eb33c614be84,3190dd6ecae430385153a58c720e96ee5cd236d4eb9db6cdd3a7eb33c614be84,6b7e26d597468c2512ec418a447b9aa5a13201d511eb04100c5fee2f5b184a69,/home/exouser/FORTE/gnp_style_continuous_20260830_125107/collection_long2/P5S0C_BRANCH_TELEMETRY/p5s0c_train_t5_r00_s5100_high_mu0.945004_GNP_S2_F3p55851731_R1_F3.55852_trajectory.csv,1,,0
p5s0c_train_t5_r00_s5100_high_mu0.945004_GNP_S2_F3p55851731_R2_F3.55852,p5s0c_train_t5_r00_s5100_high_mu0.945004,p5s0c_train_t5_root00_s5100,5,HIGH,0.9450036831015114,2,2,3.5585173118758044,3.214053539380635,0.34446377249516935,1,1,,1,3190dd6ecae430385153a58c720e96ee5cd236d4eb9db6cdd3a7eb33c614be84,3190dd6ecae430385153a58c720e96ee5cd236d4eb9db6cdd3a7eb33c614be84,6b7e26d597468c2512ec418a447b9aa5a13201d511eb04100c5fee2f5b184a69,/home/exouser/FORTE/gnp_style_continuous_20260830_125107/collection_long2/P5S0C_BRANCH_TELEMETRY/p5s0c_train_t5_r00_s5100_high_mu0.945004_GNP_S2_F3p55851731_R2_F3.55852_trajectory.csv,1,,0
p5s0c_train_t5_r00_s5100_high_mu0.945004_GNP_S3_F3p86122356_R1_F3.86122,p5s0c_train_t5_r00_s5100_high_mu0.945004,p5s0c_train_t5_root00_s5100,5,HIGH,0.9450036831015114,3,1,3.861223556223132,3.5442961583266386,0.31692739789649327,1,1,,1,3190dd6ecae430385153a58c720e96ee5cd236d4eb9db6cdd3a7eb33c614be84,3190dd6ecae430385153a58c720e96ee5cd236d4eb9db6cdd3a7eb33c614be84,6b7e26d597468c2512ec418a447b9aa5a13201d511eb04100c5fee2f5b184a69,/home/exouser/FORTE/gnp_style_continuous_20260830_125107/collection_long2/P5S0C_BRANCH_TELEMETRY/p5s0c_train_t5_r00_s5100_high_mu0.945004_GNP_S3_F3p86122356_R1_F3.86122_trajectory.csv,1,,0
p5s0c_train_t5_r00_s5100_high_mu0.945004_GNP_S3_F3p86122356_R2_F3.86122,p5s0c_train_t5_r00_s5100_high_mu0.945004,p5s0c_train_t5_root00_s5100,5,HIGH,0.9450036831015114,3,2,3.861223556223132,3.545039792318602,0.31618376390452996,1,1,,1,3190dd6ecae430385153a58c720e96ee5cd236d4eb9db6cdd3a7eb33c614be84,3190dd6ecae430385153a58c720e96ee5cd236d4eb9db6cdd3a7eb33c614be84,6b7e26d597468c2512ec418a447b9aa5a13201d511eb04100c5fee2f5b184a69,/home/exouser/FORTE/gnp_style_continuous_20260830_125107/collection_long2/P5S0C_BRANCH_TELEMETRY/p5s0c_train_t5_r00_s5100_high_mu0.945004_GNP_S3_F3p86122356_R2_F3.86122_trajectory.csv,1,,0
p5s0c_train_t5_r00_s5100_high_mu0.945004_GNP_S4_F4p46963524_R1_F4.46964,p5s0c_train_t5_r00_s5100_high_mu0.945004,p5s0c_train_t5_root00_s5100,5,HIGH,0.9450036831015114,4,1,4.469635244548228,4.210398922095427,0.2592363224528009,1,1,,1,3190dd6ecae430385153a58c720e96ee5cd236d4eb9db6cdd3a7eb33c614be84,3190dd6ecae430385153a58c720e96ee5cd236d4eb9db6cdd3a7eb33c614be84,6b7e26d597468c2512ec418a447b9aa5a13201d511eb04100c5fee2f5b184a69,/home/exouser/FORTE/gnp_style_continuous_20260830_125107/collection_long2/P5S0C_BRANCH_TELEMETRY/p5s0c_train_t5_r00_s5100_high_mu0.945004_GNP_S4_F4p46963524_R1_F4.46964_trajectory.csv,1,,0
p5s0c_train_t5_r00_s5100_high_mu0.945004_GNP_S4_F4p46963524_R2_F4.46964,p5s0c_train_t5_r00_s5100_high_mu0.945004,p5s0c_train_t5_root00_s5100,5,HIGH,0.9450036831015114,4,2,4.469635244548228,4.208784860533637,0.26085038401459126,1,1,,1,3190dd6ecae430385153a58c720e96ee5cd236d4eb9db6cdd3a7eb33c614be84,3190dd6ecae430385153a58c720e96ee5cd236d4eb9db6cdd3a7eb33c614be84,6b7e26d597468c2512ec418a447b9aa5a13201d511eb04100c5fee2f5b184a69,/home/exouser/FORTE/gnp_style_continuous_20260830_125107/collection_long2/P5S0C_BRANCH_TELEMETRY/p5s0c_train_t5_r00_s5100_high_mu0.945004_GNP_S4_F4p46963524_R2_F4.46964_trajectory.csv,1,,0
p5s0c_train_t5_r00_s5100_high_mu0.945004_GNP_S5_F4p70384032_R1_F4.70384,p5s0c_train_t5_r00_s5100_high_mu0.945004,p5s0c_train_t5_root00_s5100,5,HIGH,0.9450036831015114,5,1,4.703840318327821,4.465855840090159,0.2379844782376619,1,1,,1,3190dd6ecae430385153a58c720e96ee5cd236d4eb9db6cdd3a7eb33c614be84,3190dd6ecae430385153a58c720e96ee5cd236d4eb9db6cdd3a7eb33c614be84,6b7e26d597468c2512ec418a447b9aa5a13201d511eb04100c5fee2f5b184a69,/home/exouser/FORTE/gnp_style_continuous_20260830_125107/collection_long2/P5S0C_BRANCH_TELEMETRY/p5s0c_train_t5_r00_s5100_high_mu0.945004_GNP_S5_F4p70384032_R1_F4.70384_trajectory.csv,1,,0
p5s0c_train_t5_r00_s5100_high_mu0.945004_GNP_S5_F4p70384032_R2_F4.70384,p5s0c_train_t5_r00_s5100_high_mu0.945004,p5s0c_train_t5_root00_s5100,5,HIGH,0.9450036831015114,5,2,4.703840318327821,4.466032550141618,0.23780776818620275,1,1,,1,3190dd6ecae430385153a58c720e96ee5cd236d4eb9db6cdd3a7eb33c614be84,3190dd6ecae430385153a58c720e96ee5cd236d4eb9db6cdd3a7eb33c614be84,6b7e26d597468c2512ec418a447b9aa5a13201d511eb04100c5fee2f5b184a69,/home/exouser/FORTE/gnp_style_continuous_20260830_125107/collection_long2/P5S0C_BRANCH_TELEMETRY/p5s0c_train_t5_r00_s5100_high_mu0.945004_GNP_S5_F4p70384032_R2_F4.70384_trajectory.csv,1,,0
p5s0c_train_t5_r00_s5100_low_mu0.270805_GNP_S1_F3p26974867_R1_F3.26975,p5s0c_train_t5_r00_s5100_low_mu0.270805,p5s0c_train_t5_root00_s5100,5,LOW,0.2708052527683458,1,1,3.269748668514723,4.270779847840432e-20,3.269748668514723,1,0,full_task_failure,1,ecf11c6c296ef71b405ec38e28797f28cc0aa9d23d151733034a457cb8b981b3,ecf11c6c296ef71b405ec38e28797f28cc0aa9d23d151733034a457cb8b981b3,02145ffaa30ef56b49af98683498155891cfa12c86ce29cd8e6f0831fef24c7f,/home/exouser/FORTE/gnp_style_continuous_20260830_125107/collection_long2/P5S0C_BRANCH_TELEMETRY/p5s0c_train_t5_r00_s5100_low_mu0.270805_GNP_S1_F3p26974867_R1_F3.26975_trajectory.csv,1,,0
p5s0c_train_t5_r00_s5100_low_mu0.270805_GNP_S1_F3p26974867_R2_F3.26975,p5s0c_train_t5_r00_s5100_low_mu0.270805,p5s0c_train_t5_root00_s5100,5,LOW,0.2708052527683458,1,2,3.269748668514723,1.5218319607026825e-15,3.2697486685147217,1,0,full_task_failure,1,ecf11c6c296ef71b405ec38e28797f28cc0aa9d23d151733034a457cb8b981b3,ecf11c6c296ef71b405ec38e28797f28cc0aa9d23d151733034a457cb8b981b3,02145ffaa30ef56b49af98683498155891cfa12c86ce29cd8e6f0831fef24c7f,/home/exouser/FORTE/gnp_style_continuous_20260830_125107/collection_long2/P5S0C_BRANCH_TELEMETRY/p5s0c_train_t5_r00_s5100_low_mu0.270805_GNP_S1_F3p26974867_R2_F3.26975_trajectory.csv,1,,0
p5s0c_train_t5_r00_s5100_low_mu0.270805_GNP_S2_F3p64215477_R1_F3.64215,p5s0c_train_t5_r00_s5100_low_mu0.270805,p5s0c_train_t5_root00_s5100,5,LOW,0.2708052527683458,2,1,3.642154766524445,1.5058775655692066e-08,3.6421547514656694,1,0,full_task_failure,1,ecf11c6c296ef71b405ec38e28797f28cc0aa9d23d151733034a457cb8b981b3,ecf11c6c296ef71b405ec38e28797f28cc0aa9d23d151733034a457cb8b981b3,02145ffaa30ef56b49af98683498155891cfa12c86ce29cd8e6f0831fef24c7f,/home/exouser/FORTE/gnp_style_continuous_20260830_125107/collection_long2/P5S0C_BRANCH_TELEMETRY/p5s0c_train_t5_r00_s5100_low_mu0.270805_GNP_S2_F3p64215477_R1_F3.64215_trajectory.csv,1,,0
p5s0c_train_t5_r00_s5100_low_mu0.270805_GNP_S2_F3p64215477_R2_F3.64215,p5s0c_train_t5_r00_s5100_low_mu0.270805,p5s0c_train_t5_root00_s5100,5,LOW,0.2708052527683458,2,2,3.642154766524445,2.859417865276519e-13,3.642154766524159,1,0,full_task_failure,1,ecf11c6c296ef71b405ec38e28797f28cc0aa9d23d151733034a457cb8b981b3,ecf11c6c296ef71b405ec38e28797f28cc0aa9d23d151733034a457cb8b981b3,02145ffaa30ef56b49af98683498155891cfa12c86ce29cd8e6f0831fef24c7f,/home/exouser/FORTE/gnp_style_continuous_20260830_125107/collection_long2/P5S0C_BRANCH_TELEMETRY/p5s0c_train_t5_r00_s5100_low_mu0.270805_GNP_S2_F3p64215477_R2_F3.64215_trajectory.csv,1,,0
p5s0c_train_t5_r00_s5100_low_mu0.270805_GNP_S3_F3p86849529_R1_F3.8685,p5s0c_train_t5_r00_s5100_low_mu0.270805,p5s0c_train_t5_root00_s5100,5,LOW,0.2708052527683458,3,1,3.868495292791647,0.0007921595795719,3.8677031332120753,1,0,full_task_failure,1,ecf11c6c296ef71b405ec38e28797f28cc0aa9d23d151733034a457cb8b981b3,ecf11c6c296ef71b405ec38e28797f28cc0aa9d23d151733034a457cb8b981b3,02145ffaa30ef56b49af98683498155891cfa12c86ce29cd8e6f0831fef24c7f,/home/exouser/FORTE/gnp_style_continuous_20260830_125107/collection_long2/P5S0C_BRANCH_TELEMETRY/p5s0c_train_t5_r00_s5100_low_mu0.270805_GNP_S3_F3p86849529_R1_F3.8685_trajectory.csv,1,,0
p5s0c_train_t5_r00_s5100_low_mu0.270805_GNP_S3_F3p86849529_R2_F3.8685,p5s0c_train_t5_r00_s5100_low_mu0.270805,p5s0c_train_t5_root00_s5100,5,LOW,0.2708052527683458,3,2,3.868495292791647,0.0058505723154051,3.862644720476242,1,0,full_task_failure,1,ecf11c6c296ef71b405ec38e28797f28cc0aa9d23d151733034a457cb8b981b3,ecf11c6c296ef71b405ec38e28797f28cc0aa9d23d151733034a457cb8b981b3,02145ffaa30ef56b49af98683498155891cfa12c86ce29cd8e6f0831fef24c7f,/home/exouser/FORTE/gnp_style_continuous_20260830_125107/collection_long2/P5S0C_BRANCH_TELEMETRY/p5s0c_train_t5_r00_s5100_low_mu0.270805_GNP_S3_F3p86849529_R2_F3.8685_trajectory.csv,1,,0
p5s0c_train_t5_r00_s5100_low_mu0.270805_GNP_S4_F4p2624572_R1_F4.26246,p5s0c_train_t5_r00_s5100_low_mu0.270805,p5s0c_train_t5_root00_s5100,5,LOW,0.2708052527683458,4,1,4.262457200031596,4.045024317664069,0.2174328823675271,1,1,,1,ecf11c6c296ef71b405ec38e28797f28cc0aa9d23d151733034a457cb8b981b3,ecf11c6c296ef71b405ec38e28797f28cc0aa9d23d151733034a457cb8b981b3,02145ffaa30ef56b49af98683498155891cfa12c86ce29cd8e6f0831fef24c7f,/home/exouser/FORTE/gnp_style_continuous_20260830_125107/collection_long2/P5S0C_BRANCH_TELEMETRY/p5s0c_train_t5_r00_s5100_low_mu0.270805_GNP_S4_F4p2624572_R1_F4.26246_trajectory.csv,1,,0
p5s0c_train_t5_r00_s5100_low_mu0.270805_GNP_S4_F4p2624572_R2_F4.26246,p5s0c_train_t5_r00_s5100_low_mu0.270805,p5s0c_train_t5_root00_s5100,5,LOW,0.2708052527683458,4,2,4.262457200031596,4.049721682393873,0.21273551763772325,1,1,,1,ecf11c6c296ef71b405ec38e28797f28cc0aa9d23d151733034a457cb8b981b3,ecf11c6c296ef71b405ec38e28797f28cc0aa9d23d151733034a457cb8b981b3,02145ffaa30ef56b49af98683498155891cfa12c86ce29cd8e6f0831fef24c7f,/home/exouser/FORTE/gnp_style_continuous_20260830_125107/collection_long2/P5S0C_BRANCH_TELEMETRY/p5s0c_train_t5_r00_s5100_low_mu0.270805_GNP_S4_F4p2624572_R2_F4.26246_trajectory.csv,1,,0
p5s0c_train_t5_r00_s5100_low_mu0.270805_GNP_S5_F4p60764821_R1_F4.60765,p5s0c_train_t5_r00_s5100_low_mu0.270805,p5s0c_train_t5_root00_s5100,5,LOW,0.2708052527683458,5,1,4.607648212984033,4.49103152915223,0.11661668383180324,1,1,,1,ecf11c6c296ef71b405ec38e28797f28cc0aa9d23d151733034a457cb8b981b3,ecf11c6c296ef71b405ec38e28797f28cc0aa9d23d151733034a457cb8b981b3,02145ffaa30ef56b49af98683498155891cfa12c86ce29cd8e6f0831fef24c7f,/home/exouser/FORTE/gnp_style_continuous_20260830_125107/collection_long2/P5S0C_BRANCH_TELEMETRY/p5s0c_train_t5_r00_s5100_low_mu0.270805_GNP_S5_F4p60764821_R1_F4.60765_trajectory.csv,1,,0
p5s0c_train_t5_r00_s5100_low_mu0.270805_GNP_S5_F4p60764821_R2_F4.60765,p5s0c_train_t5_r00_s5100_low_mu0.270805,p5s0c_train_t5_root00_s5100,5,LOW,0.2708052527683458,5,2,4.607648212984033,4.481907237065982,0.12574097591805167,1,1,,1,ecf11c6c296ef71b405ec38e28797f28cc0aa9d23d151733034a457cb8b981b3,ecf11c6c296ef71b405ec38e28797f28cc0aa9d23d151733034a457cb8b981b3,02145ffaa30ef56b49af98683498155891cfa12c86ce29cd8e6f0831fef24c7f,/home/exouser/FORTE/gnp_style_continuous_20260830_125107/collection_long2/P5S0C_BRANCH_TELEMETRY/p5s0c_train_t5_r00_s5100_low_mu0.270805_GNP_S5_F4p60764821_R2_F4.60765_trajectory.csv,1,,0
p5s0c_train_t5_r00_s5100_mid_mu0.538330_GNP_S1_F3p3783779_R1_F3.37838,p5s0c_train_t5_r00_s5100_mid_mu0.538330,p5s0c_train_t5_root00_s5100,5,MID,0.538330484944251,1,1,3.3783778960898334,3.0210155330292165,0.35736236306061686,1,1,,1,db24087e6cbe3c4f576ad49505ee15396e45da1243e7aeb7009dcbdcfcad3a8c,db24087e6cbe3c4f576ad49505ee15396e45da1243e7aeb7009dcbdcfcad3a8c,9ec3475580d8dd6ebec2a258e30c8ac0dece4a49116ef0107d572f486fb72e58,/home/exouser/FORTE/gnp_style_continuous_20260830_125107/collection_long2/P5S0C_BRANCH_TELEMETRY/p5s0c_train_t5_r00_s5100_mid_mu0.538330_GNP_S1_F3p3783779_R1_F3.37838_trajectory.csv,1,,0
p5s0c_train_t5_r00_s5100_mid_mu0.538330_GNP_S1_F3p3783779_R2_F3.37838,p5s0c_train_t5_r00_s5100_mid_mu0.538330,p5s0c_train_t5_root00_s5100,5,MID,0.538330484944251,1,2,3.3783778960898334,3.02812656196388,0.3502513341259532,1,1,,1,db24087e6cbe3c4f576ad49505ee15396e45da1243e7aeb7009dcbdcfcad3a8c,db24087e6cbe3c4f576ad49505ee15396e45da1243e7aeb7009dcbdcfcad3a8c,9ec3475580d8dd6ebec2a258e30c8ac0dece4a49116ef0107d572f486fb72e58,/home/exouser/FORTE/gnp_style_continuous_20260830_125107/collection_long2/P5S0C_BRANCH_TELEMETRY/p5s0c_train_t5_r00_s5100_mid_mu0.538330_GNP_S1_F3p3783779_R2_F3.37838_trajectory.csv,1,,0
p5s0c_train_t5_r00_s5100_mid_mu0.538330_GNP_S2_F3p72462445_R1_F3.72462,p5s0c_train_t5_r00_s5100_mid_mu0.538330,p5s0c_train_t5_root00_s5100,5,MID,0.538330484944251,2,1,3.724624453815742,3.4412064095066017,0.2834180443091401,1,1,,1,db24087e6cbe3c4f576ad49505ee15396e45da1243e7aeb7009dcbdcfcad3a8c,db24087e6cbe3c4f576ad49505ee15396e45da1243e7aeb7009dcbdcfcad3a8c,9ec3475580d8dd6ebec2a258e30c8ac0dece4a49116ef0107d572f486fb72e58,/home/exouser/FORTE/gnp_style_continuous_20260830_125107/collection_long2/P5S0C_BRANCH_TELEMETRY/p5s0c_train_t5_r00_s5100_mid_mu0.538330_GNP_S2_F3p72462445_R1_F3.72462_trajectory.csv,1,,0
p5s0c_train_t5_r00_s5100_mid_mu0.538330_GNP_S2_F3p72462445_R2_F3.72462,p5s0c_train_t5_r00_s5100_mid_mu0.538330,p5s0c_train_t5_root00_s5100,5,MID,0.538330484944251,2,2,3.724624453815742,3.429517523662464,0.2951069301532776,1,1,,1,db24087e6cbe3c4f576ad49505ee15396e45da1243e7aeb7009dcbdcfcad3a8c,db24087e6cbe3c4f576ad49505ee15396e45da1243e7aeb7009dcbdcfcad3a8c,9ec3475580d8dd6ebec2a258e30c8ac0dece4a49116ef0107d572f486fb72e58,/home/exouser/FORTE/gnp_style_continuous_20260830_125107/collection_long2/P5S0C_BRANCH_TELEMETRY/p5s0c_train_t5_r00_s5100_mid_mu0.538330_GNP_S2_F3p72462445_R2_F3.72462_trajectory.csv,1,,0
p5s0c_train_t5_r00_s5100_mid_mu0.538330_GNP_S3_F3p80662662_R1_F3.80663,p5s0c_train_t5_r00_s5100_mid_mu0.538330,p5s0c_train_t5_root00_s5100,5,MID,0.538330484944251,3,1,3.806626624175867,3.536603705523765,0.27002291865210193,1,1,,1,db24087e6cbe3c4f576ad49505ee15396e45da1243e7aeb7009dcbdcfcad3a8c,db24087e6cbe3c4f576ad49505ee15396e45da1243e7aeb7009dcbdcfcad3a8c,9ec3475580d8dd6ebec2a258e30c8ac0dece4a49116ef0107d572f486fb72e58,/home/exouser/FORTE/gnp_style_continuous_20260830_125107/collection_long2/P5S0C_BRANCH_TELEMETRY/p5s0c_train_t5_r00_s5100_mid_mu0.538330_GNP_S3_F3p80662662_R1_F3.80663_trajectory.csv,1,,0
p5s0c_train_t5_r00_s5100_mid_mu0.538330_GNP_S3_F3p80662662_R2_F3.80663,p5s0c_train_t5_r00_s5100_mid_mu0.538330,p5s0c_train_t5_root00_s5100,5,MID,0.538330484944251,3,2,3.806626624175867,3.5254279826138477,0.28119864156201935,1,1,,1,db24087e6cbe3c4f576ad49505ee15396e45da1243e7aeb7009dcbdcfcad3a8c,db24087e6cbe3c4f576ad49505ee15396e45da1243e7aeb7009dcbdcfcad3a8c,9ec3475580d8dd6ebec2a258e30c8ac0dece4a49116ef0107d572f486fb72e58,/home/exouser/FORTE/gnp_style_continuous_20260830_125107/collection_long2/P5S0C_BRANCH_TELEMETRY/p5s0c_train_t5_r00_s5100_mid_mu0.538330_GNP_S3_F3p80662662_R2_F3.80663_trajectory.csv,1,,0
p5s0c_train_t5_r00_s5100_mid_mu0.538330_GNP_S4_F4p47363623_R1_F4.47364,p5s0c_train_t5_r00_s5100_mid_mu0.538330,p5s0c_train_t5_root00_s5100,5,MID,0.538330484944251,4,1,4.473636225380101,4.277459328239028,0.1961768971410729,1,1,,1,db24087e6cbe3c4f576ad49505ee15396e45da1243e7aeb7009dcbdcfcad3a8c,db24087e6cbe3c4f576ad49505ee15396e45da1243e7aeb7009dcbdcfcad3a8c,9ec3475580d8dd6ebec2a258e30c8ac0dece4a49116ef0107d572f486fb72e58,/home/exouser/FORTE/gnp_style_continuous_20260830_125107/collection_long2/P5S0C_BRANCH_TELEMETRY/p5s0c_train_t5_r00_s5100_mid_mu0.538330_GNP_S4_F4p47363623_R1_F4.47364_trajectory.csv,1,,0
p5s0c_train_t5_r00_s5100_mid_mu0.538330_GNP_S4_F4p47363623_R2_F4.47364,p5s0c_train_t5_r00_s5100_mid_mu0.538330,p5s0c_train_t5_root00_s5100,5,MID,0.538330484944251,4,2,4.473636225380101,4.279213270625553,0.19442295475454863,1,1,,1,db24087e6cbe3c4f576ad49505ee15396e45da1243e7aeb7009dcbdcfcad3a8c,db24087e6cbe3c4f576ad49505ee15396e45da1243e7aeb7009dcbdcfcad3a8c,9ec3475580d8dd6ebec2a258e30c8ac0dece4a49116ef0107d572f486fb72e58,/home/exouser/FORTE/gnp_style_continuous_20260830_125107/collection_long2/P5S0C_BRANCH_TELEMETRY/p5s0c_train_t5_r00_s5100_mid_mu0.538330_GNP_S4_F4p47363623_R2_F4.47364_trajectory.csv,1,,0
p5s0c_train_t5_r00_s5100_mid_mu0.538330_GNP_S5_F4p89977718_R1_F4.89978,p5s0c_train_t5_r00_s5100_mid_mu0.538330,p5s0c_train_t5_root00_s5100,5,MID,0.538330484944251,5,1,4.899777177127945,4.757953456930212,0.14182372019773215,1,1,,1,db24087e6cbe3c4f576ad49505ee15396e45da1243e7aeb7009dcbdcfcad3a8c,db24087e6cbe3c4f576ad49505ee15396e45da1243e7aeb7009dcbdcfcad3a8c,9ec3475580d8dd6ebec2a258e30c8ac0dece4a49116ef0107d572f486fb72e58,/home/exouser/FORTE/gnp_style_continuous_20260830_125107/collection_long2/P5S0C_BRANCH_TELEMETRY/p5s0c_train_t5_r00_s5100_mid_mu0.538330_GNP_S5_F4p89977718_R1_F4.89978_trajectory.csv,1,,0
p5s0c_train_t5_r00_s5100_mid_mu0.538330_GNP_S5_F4p89977718_R2_F4.89978,p5s0c_train_t5_r00_s5100_mid_mu0.538330,p5s0c_train_t5_root00_s5100,5,MID,0.538330484944251,5,2,4.899777177127945,4.75548420725642,0.1442929698715245,1,1,,1,db24087e6cbe3c4f576ad49505ee15396e45da1243e7aeb7009dcbdcfcad3a8c,db24087e6cbe3c4f576ad49505ee15396e45da1243e7aeb7009dcbdcfcad3a8c,9ec3475580d8dd6ebec2a258e30c8ac0dece4a49116ef0107d572f486fb72e58,/home/exouser/FORTE/gnp_style_continuous_20260830_125107/collection_long2/P5S0C_BRANCH_TELEMETRY/p5s0c_train_t5_r00_s5100_mid_mu0.538330_GNP_S5_F4p89977718_R2_F4.89978_trajectory.csv,1,,0
p5s0c_train_t5_r01_s5101_high_mu0.977978_GNP_S1_F3p09011527_R1_F3.09012,p5s0c_train_t5_r01_s5101_high_mu0.977978,p5s0c_train_t5_root01_s5101,5,HIGH,0.9779779583271984,1,1,3.090115265052377,2.7278185051840707,0.36229675986830623,1,1,,1,0476ec84c383bfceb836b3ad0067f063ffa9bb27e156cc7b8b33fd113e427344,0476ec84c383bfceb836b3ad0067f063ffa9bb27e156cc7b8b33fd113e427344,82604139fdd0271bdb8556cb3ccd68ccb8d08313a99aee2b66380ed1b680935c,/home/exouser/FORTE/gnp_style_continuous_20260830_125107/collection_long2/P5S0C_BRANCH_TELEMETRY/p5s0c_train_t5_r01_s5101_high_mu0.977978_GNP_S1_F3p09011527_R1_F3.09012_trajectory.csv,1,,0
p5s0c_train_t5_r01_s5101_high_mu0.977978_GNP_S1_F3p09011527_R2_F3.09012,p5s0c_train_t5_r01_s5101_high_mu0.977978,p5s0c_train_t5_root01_s5101,5,HIGH,0.9779779583271984,1,2,3.090115265052377,2.726868883983509,0.36324638106886775,1,1,,1,0476ec84c383bfceb836b3ad0067f063ffa9bb27e156cc7b8b33fd113e427344,0476ec84c383bfceb836b3ad0067f063ffa9bb27e156cc7b8b33fd113e427344,82604139fdd0271bdb8556cb3ccd68ccb8d08313a99aee2b66380ed1b680935c,/home/exouser/FORTE/gnp_style_continuous_20260830_125107/collection_long2/P5S0C_BRANCH_TELEMETRY/p5s0c_train_t5_r01_s5101_high_mu0.977978_GNP_S1_F3p09011527_R2_F3.09012_trajectory.csv,1,,0
p5s0c_train_t5_r01_s5101_high_mu0.977978_GNP_S2_F3p53060776_R1_F3.53061,p5s0c_train_t5_r01_s5101_high_mu0.977978,p5s0c_train_t5_root01_s5101,5,HIGH,0.9779779583271984,2,1,3.5306077564098737,3.219953897837046,0.3106538585728278,1,1,,1,0476ec84c383bfceb836b3ad0067f063ffa9bb27e156cc7b8b33fd113e427344,0476ec84c383bfceb836b3ad0067f063ffa9bb27e156cc7b8b33fd113e427344,82604139fdd0271bdb8556cb3ccd68ccb8d08313a99aee2b66380ed1b680935c,/home/exouser/FORTE/gnp_style_continuous_20260830_125107/collection_long2/P5S0C_BRANCH_TELEMETRY/p5s0c_train_t5_r01_s5101_high_mu0.977978_GNP_S2_F3p53060776_R1_F3.53061_trajectory.csv,1,,0
p5s0c_train_t5_r01_s5101_high_mu0.977978_GNP_S2_F3p53060776_R2_F3.53061,p5s0c_train_t5_r01_s5101_high_mu0.977978,p5s0c_train_t5_root01_s5101,5,HIGH,0.9779779583271984,2,2,3.5306077564098737,3.2195194218609786,0.31108833454889506,1,1,,1,0476ec84c383bfceb836b3ad0067f063ffa9bb27e156cc7b8b33fd113e427344,0476ec84c383bfceb836b3ad0067f063ffa9bb27e156cc7b8b33fd113e427344,82604139fdd0271bdb8556cb3ccd68ccb8d08313a99aee2b66380ed1b680935c,/home/exouser/FORTE/gnp_style_continuous_20260830_125107/collection_long2/P5S0C_BRANCH_TELEMETRY/p5s0c_train_t5_r01_s5101_high_mu0.977978_GNP_S2_F3p53060776_R2_F3.53061_trajectory.csv,1,,0
p5s0c_train_t5_r01_s5101_high_mu0.977978_GNP_S3_F4p05892212_R1_F4.05892,p5s0c_train_t5_r01_s5101_high_mu0.977978,p5s0c_train_t5_root01_s5101,5,HIGH,0.9779779583271984,3,1,4.058922122692139,3.806759325233666,0.25216279745847325,1,1,,1,0476ec84c383bfceb836b3ad0067f063ffa9bb27e156cc7b8b33fd113e427344,0476ec84c383bfceb836b3ad0067f063ffa9bb27e156cc7b8b33fd113e427344,82604139fdd0271bdb8556cb3ccd68ccb8d08313a99aee2b66380ed1b680935c,/home/exouser/FORTE/gnp_style_continuous_20260830_125107/collection_long2/P5S0C_BRANCH_TELEMETRY/p5s0c_train_t5_r01_s5101_high_mu0.977978_GNP_S3_F4p05892212_R1_F4.05892_trajectory.csv,1,,0
p5s0c_train_t5_r01_s5101_high_mu0.977978_GNP_S3_F4p05892212_R2_F4.05892,p5s0c_train_t5_r01_s5101_high_mu0.977978,p5s0c_train_t5_root01_s5101,5,HIGH,0.9779779583271984,3,2,4.058922122692139,3.806709415203816,0.25221270748832314,1,1,,1,0476ec84c383bfceb836b3ad0067f063ffa9bb27e156cc7b8b33fd113e427344,0476ec84c383bfceb836b3ad0067f063ffa9bb27e156cc7b8b33fd113e427344,82604139fdd0271bdb8556cb3ccd68ccb8d08313a99aee2b66380ed1b680935c,/home/exouser/FORTE/gnp_style_continuous_20260830_125107/collection_long2/P5S0C_BRANCH_TELEMETRY/p5s0c_train_t5_r01_s5101_high_mu0.977978_GNP_S3_F4p05892212_R2_F4.05892_trajectory.csv,1,,0
p5s0c_train_t5_r01_s5101_high_mu0.977978_GNP_S4_F4p29900488_R1_F4.299,p5s0c_train_t5_r01_s5101_high_mu0.977978,p5s0c_train_t5_root01_s5101,5,HIGH,0.9779779583271984,4,1,4.2990048795726326,4.069468072942786,0.22953680662984688,1,1,,1,0476ec84c383bfceb836b3ad0067f063ffa9bb27e156cc7b8b33fd113e427344,0476ec84c383bfceb836b3ad0067f063ffa9bb27e156cc7b8b33fd113e427344,82604139fdd0271bdb8556cb3ccd68ccb8d08313a99aee2b66380ed1b680935c,/home/exouser/FORTE/gnp_style_continuous_20260830_125107/collection_long2/P5S0C_BRANCH_TELEMETRY/p5s0c_train_t5_r01_s5101_high_mu0.977978_GNP_S4_F4p29900488_R1_F4.299_trajectory.csv,1,,0
p5s0c_train_t5_r01_s5101_high_mu0.977978_GNP_S4_F4p29900488_R2_F4.299,p5s0c_train_t5_r01_s5101_high_mu0.977978,p5s0c_train_t5_root01_s5101,5,HIGH,0.9779779583271984,4,2,4.2990048795726326,4.069670922047383,0.22933395752524977,1,1,,1,0476ec84c383bfceb836b3ad0067f063ffa9bb27e156cc7b8b33fd113e427344,0476ec84c383bfceb836b3ad0067f063ffa9bb27e156cc7b8b33fd113e427344,82604139fdd0271bdb8556cb3ccd68ccb8d08313a99aee2b66380ed1b680935c,/home/exouser/FORTE/gnp_style_continuous_20260830_125107/collection_long2/P5S0C_BRANCH_TELEMETRY/p5s0c_train_t5_r01_s5101_high_mu0.977978_GNP_S4_F4p29900488_R2_F4.299_trajectory.csv,1,,0
p5s0c_train_t5_r01_s5101_high_mu0.977978_GNP_S5_F4p76748164_R1_F4.76748,p5s0c_train_t5_r01_s5101_high_mu0.977978,p5s0c_train_t5_root01_s5101,5,HIGH,0.9779779583271984,5,1,4.767481637100028,4.583633712820105,0.18384792427992291,1,1,,1,0476ec84c383bfceb836b3ad0067f063ffa9bb27e156cc7b8b33fd113e427344,0476ec84c383bfceb836b3ad0067f063ffa9bb27e156cc7b8b33fd113e427344,82604139fdd0271bdb8556cb3ccd68ccb8d08313a99aee2b66380ed1b680935c,/home/exouser/FORTE/gnp_style_continuous_20260830_125107/collection_long2/P5S0C_BRANCH_TELEMETRY/p5s0c_train_t5_r01_s5101_high_mu0.977978_GNP_S5_F4p76748164_R1_F4.76748_trajectory.csv,1,,0
p5s0c_train_t5_r01_s5101_high_mu0.977978_GNP_S5_F4p76748164_R2_F4.76748,p5s0c_train_t5_r01_s5101_high_mu0.977978,p5s0c_train_t5_root01_s5101,5,HIGH,0.9779779583271984,5,2,4.767481637100028,4.583648874952987,0.18383276214704125,1,1,,1,0476ec84c383bfceb836b3ad0067f063ffa9bb27e156cc7b8b33fd113e427344,0476ec84c383bfceb836b3ad0067f063ffa9bb27e156cc7b8b33fd113e427344,82604139fdd0271bdb8556cb3ccd68ccb8d08313a99aee2b66380ed1b680935c,/home/exouser/FORTE/gnp_style_continuous_20260830_125107/collection_long2/P5S0C_BRANCH_TELEMETRY/p5s0c_train_t5_r01_s5101_high_mu0.977978_GNP_S5_F4p76748164_R2_F4.76748_trajectory.csv,1,,0
p5s0c_train_t5_r01_s5101_low_mu0.269928_GNP_S1_F3p17740963_R1_F3.17741,p5s0c_train_t5_r01_s5101_low_mu0.269928,p5s0c_train_t5_root01_s5101,5,LOW,0.2699280391435209,1,1,3.177409629369215,5.5347998420441376e-21,3.177409629369215,1,0,full_task_failure,1,63e81af9c9adf90af2f74669246e7663d52ec1b621252e725916a07adc4c59fb,63e81af9c9adf90af2f74669246e7663d52ec1b621252e725916a07adc4c59fb,a3fd7efe03a52b842270292886bc1bd362bab9e960c76339158bf0005f27edab,/home/exouser/FORTE/gnp_style_continuous_20260830_125107/collection_long2/P5S0C_BRANCH_TELEMETRY/p5s0c_train_t5_r01_s5101_low_mu0.269928_GNP_S1_F3p17740963_R1_F3.17741_trajectory.csv,1,,0
p5s0c_train_t5_r01_s5101_low_mu0.269928_GNP_S1_F3p17740963_R2_F3.17741,p5s0c_train_t5_r01_s5101_low_mu0.269928,p5s0c_train_t5_root01_s5101,5,LOW,0.2699280391435209,1,2,3.177409629369215,3.1884813633477913e-20,3.177409629369215,1,0,full_task_failure,1,63e81af9c9adf90af2f74669246e7663d52ec1b621252e725916a07adc4c59fb,63e81af9c9adf90af2f74669246e7663d52ec1b621252e725916a07adc4c59fb,a3fd7efe03a52b842270292886bc1bd362bab9e960c76339158bf0005f27edab,/home/exouser/FORTE/gnp_style_continuous_20260830_125107/collection_long2/P5S0C_BRANCH_TELEMETRY/p5s0c_train_t5_r01_s5101_low_mu0.269928_GNP_S1_F3p17740963_R2_F3.17741_trajectory.csv,1,,0
p5s0c_train_t5_r01_s5101_low_mu0.269928_GNP_S2_F3p54685313_R1_F3.54685,p5s0c_train_t5_r01_s5101_low_mu0.269928,p5s0c_train_t5_root01_s5101,5,LOW,0.2699280391435209,2,1,3.546853126356996,1.772224131765369e-13,3.546853126356819,1,0,full_task_failure,1,63e81af9c9adf90af2f74669246e7663d52ec1b621252e725916a07adc4c59fb,63e81af9c9adf90af2f74669246e7663d52ec1b621252e725916a07adc4c59fb,a3fd7efe03a52b842270292886bc1bd362bab9e960c76339158bf0005f27edab,/home/exouser/FORTE/gnp_style_continuous_20260830_125107/collection_long2/P5S0C_BRANCH_TELEMETRY/p5s0c_train_t5_r01_s5101_low_mu0.269928_GNP_S2_F3p54685313_R1_F3.54685_trajectory.csv,1,,0
p5s0c_train_t5_r01_s5101_low_mu0.269928_GNP_S2_F3p54685313_R2_F3.54685,p5s0c_train_t5_r01_s5101_low_mu0.269928,p5s0c_train_t5_root01_s5101,5,LOW,0.2699280391435209,2,2,3.546853126356996,5.781356940334713e-17,3.546853126356996,1,0,full_task_failure,1,63e81af9c9adf90af2f74669246e7663d52ec1b621252e725916a07adc4c59fb,63e81af9c9adf90af2f74669246e7663d52ec1b621252e725916a07adc4c59fb,a3fd7efe03a52b842270292886bc1bd362bab9e960c76339158bf0005f27edab,/home/exouser/FORTE/gnp_style_continuous_20260830_125107/collection_long2/P5S0C_BRANCH_TELEMETRY/p5s0c_train_t5_r01_s5101_low_mu0.269928_GNP_S2_F3p54685313_R2_F3.54685_trajectory.csv,1,,0
p5s0c_train_t5_r01_s5101_low_mu0.269928_GNP_S3_F3p82153115_R1_F3.82153,p5s0c_train_t5_r01_s5101_low_mu0.269928,p5s0c_train_t5_root01_s5101,5,LOW,0.2699280391435209,3,1,3.821531148992524,7.501598204968628e-08,3.821531073976542,1,0,full_task_failure,1,63e81af9c9adf90af2f74669246e7663d52ec1b621252e725916a07adc4c59fb,63e81af9c9adf90af2f74669246e7663d52ec1b621252e725916a07adc4c59fb,a3fd7efe03a52b842270292886bc1bd362bab9e960c76339158bf0005f27edab,/home/exouser/FORTE/gnp_style_continuous_20260830_125107/collection_long2/P5S0C_BRANCH_TELEMETRY/p5s0c_train_t5_r01_s5101_low_mu0.269928_GNP_S3_F3p82153115_R1_F3.82153_trajectory.csv,1,,0
p5s0c_train_t5_r01_s5101_low_mu0.269928_GNP_S3_F3p82153115_R2_F3.82153,p5s0c_train_t5_r01_s5101_low_mu0.269928,p5s0c_train_t5_root01_s5101,5,LOW,0.2699280391435209,3,2,3.821531148992524,3.2790784842124326e-11,3.8215311489597332,1,0,full_task_failure,1,63e81af9c9adf90af2f74669246e7663d52ec1b621252e725916a07adc4c59fb,63e81af9c9adf90af2f74669246e7663d52ec1b621252e725916a07adc4c59fb,a3fd7efe03a52b842270292886bc1bd362bab9e960c76339158bf0005f27edab,/home/exouser/FORTE/gnp_style_continuous_20260830_125107/collection_long2/P5S0C_BRANCH_TELEMETRY/p5s0c_train_t5_r01_s5101_low_mu0.269928_GNP_S3_F3p82153115_R2_F3.82153_trajectory.csv,1,,0
p5s0c_train_t5_r01_s5101_low_mu0.269928_GNP_S4_F4p48926623_R1_F4.48927,p5s0c_train_t5_r01_s5101_low_mu0.269928,p5s0c_train_t5_root01_s5101,5,LOW,0.2699280391435209,4,1,4.489266233766688,4.344627270827422,0.1446389629392666,1,1,,1,63e81af9c9adf90af2f74669246e7663d52ec1b621252e725916a07adc4c59fb,63e81af9c9adf90af2f74669246e7663d52ec1b621252e725916a07adc4c59fb,a3fd7efe03a52b842270292886bc1bd362bab9e960c76339158bf0005f27edab,/home/exouser/FORTE/gnp_style_continuous_20260830_125107/collection_long2/P5S0C_BRANCH_TELEMETRY/p5s0c_train_t5_r01_s5101_low_mu0.269928_GNP_S4_F4p48926623_R1_F4.48927_trajectory.csv,1,,0
p5s0c_train_t5_r01_s5101_low_mu0.269928_GNP_S4_F4p48926623_R2_F4.48927,p5s0c_train_t5_r01_s5101_low_mu0.269928,p5s0c_train_t5_root01_s5101,5,LOW,0.2699280391435209,4,2,4.489266233766688,4.349337745357204,0.13992848840948469,1,1,,1,63e81af9c9adf90af2f74669246e7663d52ec1b621252e725916a07adc4c59fb,63e81af9c9adf90af2f74669246e7663d52ec1b621252e725916a07adc4c59fb,a3fd7efe03a52b842270292886bc1bd362bab9e960c76339158bf0005f27edab,/home/exouser/FORTE/gnp_style_continuous_20260830_125107/collection_long2/P5S0C_BRANCH_TELEMETRY/p5s0c_train_t5_r01_s5101_low_mu0.269928_GNP_S4_F4p48926623_R2_F4.48927_trajectory.csv,1,,0
p5s0c_train_t5_r01_s5101_low_mu0.269928_GNP_S5_F4p75157509_R1_F4.75158,p5s0c_train_t5_r01_s5101_low_mu0.269928,p5s0c_train_t5_root01_s5101,5,LOW,0.2699280391435209,5,1,4.751575092897414,4.660888098381661,0.09068699451575313,1,1,,1,63e81af9c9adf90af2f74669246e7663d52ec1b621252e725916a07adc4c59fb,63e81af9c9adf90af2f74669246e7663d52ec1b621252e725916a07adc4c59fb,a3fd7efe03a52b842270292886bc1bd362bab9e960c76339158bf0005f27edab,/home/exouser/FORTE/gnp_style_continuous_20260830_125107/collection_long2/P5S0C_BRANCH_TELEMETRY/p5s0c_train_t5_r01_s5101_low_mu0.269928_GNP_S5_F4p75157509_R1_F4.75158_trajectory.csv,1,,0
p5s0c_train_t5_r01_s5101_low_mu0.269928_GNP_S5_F4p75157509_R2_F4.75158,p5s0c_train_t5_r01_s5101_low_mu0.269928,p5s0c_train_t5_root01_s5101,5,LOW,0.2699280391435209,5,2,4.751575092897414,4.667129735688905,0.08444535720850865,1,1,,1,63e81af9c9adf90af2f74669246e7663d52ec1b621252e725916a07adc4c59fb,63e81af9c9adf90af2f74669246e7663d52ec1b621252e725916a07adc4c59fb,a3fd7efe03a52b842270292886bc1bd362bab9e960c76339158bf0005f27edab,/home/exouser/FORTE/gnp_style_continuous_20260830_125107/collection_long2/P5S0C_BRANCH_TELEMETRY/p5s0c_train_t5_r01_s5101_low_mu0.269928_GNP_S5_F4p75157509_R2_F4.75158_trajectory.csv,1,,0
p5s0c_train_t5_r01_s5101_mid_mu0.531976_GNP_S1_F3p32079593_R1_F3.3208,p5s0c_train_t5_r01_s5101_mid_mu0.531976,p5s0c_train_t5_root01_s5101,5,MID,0.5319764380853421,1,1,3.320795934166386,2.960246124783078,0.36054980938330816,1,1,,1,e411eb33063824f79c2ec2b5069c81e6a89787f8d19d54ba3fbea7ff589e1606,e411eb33063824f79c2ec2b5069c81e6a89787f8d19d54ba3fbea7ff589e1606,083bdd90bb79dbfae705714a786917f8b13cfa793d69aa2a778352babd9d2fb3,/home/exouser/FORTE/gnp_style_continuous_20260830_125107/collection_long2/P5S0C_BRANCH_TELEMETRY/p5s0c_train_t5_r01_s5101_mid_mu0.531976_GNP_S1_F3p32079593_R1_F3.3208_trajectory.csv,1,,0
p5s0c_train_t5_r01_s5101_mid_mu0.531976_GNP_S1_F3p32079593_R2_F3.3208,p5s0c_train_t5_r01_s5101_mid_mu0.531976,p5s0c_train_t5_root01_s5101,5,MID,0.5319764380853421,1,2,3.320795934166386,2.955606628108669,0.36518930605771693,1,1,,1,e411eb33063824f79c2ec2b5069c81e6a89787f8d19d54ba3fbea7ff589e1606,e411eb33063824f79c2ec2b5069c81e6a89787f8d19d54ba3fbea7ff589e1606,083bdd90bb79dbfae705714a786917f8b13cfa793d69aa2a778352babd9d2fb3,/home/exouser/FORTE/gnp_style_continuous_20260830_125107/collection_long2/P5S0C_BRANCH_TELEMETRY/p5s0c_train_t5_r01_s5101_mid_mu0.531976_GNP_S1_F3p32079593_R2_F3.3208_trajectory.csv,1,,0
p5s0c_train_t5_r01_s5101_mid_mu0.531976_GNP_S2_F3p45062899_R1_F3.45063,p5s0c_train_t5_r01_s5101_mid_mu0.531976,p5s0c_train_t5_root01_s5101,5,MID,0.5319764380853421,2,1,3.4506289941814625,3.122142372904597,0.32848662127686534,1,1,,1,e411eb33063824f79c2ec2b5069c81e6a89787f8d19d54ba3fbea7ff589e1606,e411eb33063824f79c2ec2b5069c81e6a89787f8d19d54ba3fbea7ff589e1606,083bdd90bb79dbfae705714a786917f8b13cfa793d69aa2a778352babd9d2fb3,/home/exouser/FORTE/gnp_style_continuous_20260830_125107/collection_long2/P5S0C_BRANCH_TELEMETRY/p5s0c_train_t5_r01_s5101_mid_mu0.531976_GNP_S2_F3p45062899_R1_F3.45063_trajectory.csv,1,,0
p5s0c_train_t5_r01_s5101_mid_mu0.531976_GNP_S2_F3p45062899_R2_F3.45063,p5s0c_train_t5_r01_s5101_mid_mu0.531976,p5s0c_train_t5_root01_s5101,5,MID,0.5319764380853421,2,2,3.4506289941814625,3.1222171396822542,0.3284118544992083,1,1,,1,e411eb33063824f79c2ec2b5069c81e6a89787f8d19d54ba3fbea7ff589e1606,e411eb33063824f79c2ec2b5069c81e6a89787f8d19d54ba3fbea7ff589e1606,083bdd90bb79dbfae705714a786917f8b13cfa793d69aa2a778352babd9d2fb3,/home/exouser/FORTE/gnp_style_continuous_20260830_125107/collection_long2/P5S0C_BRANCH_TELEMETRY/p5s0c_train_t5_r01_s5101_mid_mu0.531976_GNP_S2_F3p45062899_R2_F3.45063_trajectory.csv,1,,0
p5s0c_train_t5_r01_s5101_mid_mu0.531976_GNP_S3_F4p03907605_R1_F4.03908,p5s0c_train_t5_r01_s5101_mid_mu0.531976,p5s0c_train_t5_root01_s5101,5,MID,0.5319764380853421,3,1,4.039076053805774,3.8005242025530017,0.238551851252772,1,1,,1,e411eb33063824f79c2ec2b5069c81e6a89787f8d19d54ba3fbea7ff589e1606,e411eb33063824f79c2ec2b5069c81e6a89787f8d19d54ba3fbea7ff589e1606,083bdd90bb79dbfae705714a786917f8b13cfa793d69aa2a778352babd9d2fb3,/home/exouser/FORTE/gnp_style_continuous_20260830_125107/collection_long2/P5S0C_BRANCH_TELEMETRY/p5s0c_train_t5_r01_s5101_mid_mu0.531976_GNP_S3_F4p03907605_R1_F4.03908_trajectory.csv,1,,0
p5s0c_train_t5_r01_s5101_mid_mu0.531976_GNP_S3_F4p03907605_R2_F4.03908,p5s0c_train_t5_r01_s5101_mid_mu0.531976,p5s0c_train_t5_root01_s5101,5,MID,0.5319764380853421,3,2,4.039076053805774,3.801308032628653,0.23776802117712093,1,1,,1,e411eb33063824f79c2ec2b5069c81e6a89787f8d19d54ba3fbea7ff589e1606,e411eb33063824f79c2ec2b5069c81e6a89787f8d19d54ba3fbea7ff589e1606,083bdd90bb79dbfae705714a786917f8b13cfa793d69aa2a778352babd9d2fb3,/home/exouser/FORTE/gnp_style_continuous_20260830_125107/collection_long2/P5S0C_BRANCH_TELEMETRY/p5s0c_train_t5_r01_s5101_mid_mu0.531976_GNP_S3_F4p03907605_R2_F4.03908_trajectory.csv,1,,0
p5s0c_train_t5_r01_s5101_mid_mu0.531976_GNP_S4_F4p30680198_R1_F4.3068,p5s0c_train_t5_r01_s5101_mid_mu0.531976,p5s0c_train_t5_root01_s5101,5,MID,0.5319764380853421,4,1,4.306801978581236,4.104786937301223,0.20201504128001257,1,1,,1,e411eb33063824f79c2ec2b5069c81e6a89787f8d19d54ba3fbea7ff589e1606,e411eb33063824f79c2ec2b5069c81e6a89787f8d19d54ba3fbea7ff589e1606,083bdd90bb79dbfae705714a786917f8b13cfa793d69aa2a778352babd9d2fb3,/home/exouser/FORTE/gnp_style_continuous_20260830_125107/collection_long2/P5S0C_BRANCH_TELEMETRY/p5s0c_train_t5_r01_s5101_mid_mu0.531976_GNP_S4_F4p30680198_R1_F4.3068_trajectory.csv,1,,0
p5s0c_train_t5_r01_s5101_mid_mu0.531976_GNP_S4_F4p30680198_R2_F4.3068,p5s0c_train_t5_r01_s5101_mid_mu0.531976,p5s0c_train_t5_root01_s5101,5,MID,0.5319764380853421,4,2,4.306801978581236,4.105296779323268,0.2015051992579675,1,1,,1,e411eb33063824f79c2ec2b5069c81e6a89787f8d19d54ba3fbea7ff589e1606,e411eb33063824f79c2ec2b5069c81e6a89787f8d19d54ba3fbea7ff589e1606,083bdd90bb79dbfae705714a786917f8b13cfa793d69aa2a778352babd9d2fb3,/home/exouser/FORTE/gnp_style_continuous_20260830_125107/collection_long2/P5S0C_BRANCH_TELEMETRY/p5s0c_train_t5_r01_s5101_mid_mu0.531976_GNP_S4_F4p30680198_R2_F4.3068_trajectory.csv,1,,0
p5s0c_train_t5_r01_s5101_mid_mu0.531976_GNP_S5_F4p72212545_R1_F4.72213,p5s0c_train_t5_r01_s5101_mid_mu0.531976,p5s0c_train_t5_root01_s5101,5,MID,0.5319764380853421,5,1,4.722125450637501,4.57061437013987,0.15151108049763096,1,1,,1,e411eb33063824f79c2ec2b5069c81e6a89787f8d19d54ba3fbea7ff589e1606,e411eb33063824f79c2ec2b5069c81e6a89787f8d19d54ba3fbea7ff589e1606,083bdd90bb79dbfae705714a786917f8b13cfa793d69aa2a778352babd9d2fb3,/home/exouser/FORTE/gnp_style_continuous_20260830_125107/collection_long2/P5S0C_BRANCH_TELEMETRY/p5s0c_train_t5_r01_s5101_mid_mu0.531976_GNP_S5_F4p72212545_R1_F4.72213_trajectory.csv,1,,0
p5s0c_train_t5_r01_s5101_mid_mu0.531976_GNP_S5_F4p72212545_R2_F4.72213,p5s0c_train_t5_r01_s5101_mid_mu0.531976,p5s0c_train_t5_root01_s5101,5,MID,0.5319764380853421,5,2,4.722125450637501,4.569716466439737,0.1524089841977636,1,1,,1,e411eb33063824f79c2ec2b5069c81e6a89787f8d19d54ba3fbea7ff589e1606,e411eb33063824f79c2ec2b5069c81e6a89787f8d19d54ba3fbea7ff589e1606,083bdd90bb79dbfae705714a786917f8b13cfa793d69aa2a778352babd9d2fb3,/home/exouser/FORTE/gnp_style_continuous_20260830_125107/collection_long2/P5S0C_BRANCH_TELEMETRY/p5s0c_train_t5_r01_s5101_mid_mu0.531976_GNP_S5_F4p72212545_R2_F4.72213_trajectory.csv,1,,0
p5s0c_train_t5_r02_s5102_high_mu0.938254_GNP_S1_F3p06958968_R1_F3.06959,p5s0c_train_t5_r02_s5102_high_mu0.938254,p5s0c_train_t5_root02_s5102,5,HIGH,0.9382535774444988,1,1,3.0695896790224766,2.703711683685716,0.3658779953367608,1,1,,1,07dea4dda4c90ce3362ecf86ff2f43b47b30d7e5fbafab9b7966b4516bc32832,07dea4dda4c90ce3362ecf86ff2f43b47b30d7e5fbafab9b7966b4516bc32832,2efa9bdf9ee479d63080f6dcd78c491e39140cc7cdcee8111ced38cb6ddd3619,/home/exouser/FORTE/gnp_style_continuous_20260830_125107/collection_long2/P5S0C_BRANCH_TELEMETRY/p5s0c_train_t5_r02_s5102_high_mu0.938254_GNP_S1_F3p06958968_R1_F3.06959_trajectory.csv,1,,0
p5s0c_train_t5_r02_s5102_high_mu0.938254_GNP_S1_F3p06958968_R2_F3.06959,p5s0c_train_t5_r02_s5102_high_mu0.938254,p5s0c_train_t5_root02_s5102,5,HIGH,0.9382535774444988,1,2,3.0695896790224766,2.703777329341785,0.36581234968069154,1,1,,1,07dea4dda4c90ce3362ecf86ff2f43b47b30d7e5fbafab9b7966b4516bc32832,07dea4dda4c90ce3362ecf86ff2f43b47b30d7e5fbafab9b7966b4516bc32832,2efa9bdf9ee479d63080f6dcd78c491e39140cc7cdcee8111ced38cb6ddd3619,/home/exouser/FORTE/gnp_style_continuous_20260830_125107/collection_long2/P5S0C_BRANCH_TELEMETRY/p5s0c_train_t5_r02_s5102_high_mu0.938254_GNP_S1_F3p06958968_R2_F3.06959_trajectory.csv,1,,0
p5s0c_train_t5_r02_s5102_high_mu0.938254_GNP_S2_F3p70341989_R1_F3.70342,p5s0c_train_t5_r02_s5102_high_mu0.938254,p5s0c_train_t5_root02_s5102,5,HIGH,0.9382535774444988,2,1,3.703419886287761,3.418456325659881,0.2849635606278804,1,1,,1,07dea4dda4c90ce3362ecf86ff2f43b47b30d7e5fbafab9b7966b4516bc32832,07dea4dda4c90ce3362ecf86ff2f43b47b30d7e5fbafab9b7966b4516bc32832,2efa9bdf9ee479d63080f6dcd78c491e39140cc7cdcee8111ced38cb6ddd3619,/home/exouser/FORTE/gnp_style_continuous_20260830_125107/collection_long2/P5S0C_BRANCH_TELEMETRY/p5s0c_train_t5_r02_s5102_high_mu0.938254_GNP_S2_F3p70341989_R1_F3.70342_trajectory.csv,1,,0
p5s0c_train_t5_r02_s5102_high_mu0.938254_GNP_S2_F3p70341989_R2_F3.70342,p5s0c_train_t5_r02_s5102_high_mu0.938254,p5s0c_train_t5_root02_s5102,5,HIGH,0.9382535774444988,2,2,3.703419886287761,3.4185594964671777,0.2848603898205835,1,1,,1,07dea4dda4c90ce3362ecf86ff2f43b47b30d7e5fbafab9b7966b4516bc32832,07dea4dda4c90ce3362ecf86ff2f43b47b30d7e5fbafab9b7966b4516bc32832,2efa9bdf9ee479d63080f6dcd78c491e39140cc7cdcee8111ced38cb6ddd3619,/home/exouser/FORTE/gnp_style_continuous_20260830_125107/collection_long2/P5S0C_BRANCH_TELEMETRY/p5s0c_train_t5_r02_s5102_high_mu0.938254_GNP_S2_F3p70341989_R2_F3.70342_trajectory.csv,1,,0
p5s0c_train_t5_r02_s5102_high_mu0.938254_GNP_S3_F4p03515802_R1_F4.03516,p5s0c_train_t5_r02_s5102_high_mu0.938254,p5s0c_train_t5_root02_s5102,5,HIGH,0.9382535774444988,3,1,4.0351580201941095,3.7823212630039937,0.2528367571901158,1,1,,1,07dea4dda4c90ce3362ecf86ff2f43b47b30d7e5fbafab9b7966b4516bc32832,07dea4dda4c90ce3362ecf86ff2f43b47b30d7e5fbafab9b7966b4516bc32832,2efa9bdf9ee479d63080f6dcd78c491e39140cc7cdcee8111ced38cb6ddd3619,/home/exouser/FORTE/gnp_style_continuous_20260830_125107/collection_long2/P5S0C_BRANCH_TELEMETRY/p5s0c_train_t5_r02_s5102_high_mu0.938254_GNP_S3_F4p03515802_R1_F4.03516_trajectory.csv,1,,0
p5s0c_train_t5_r02_s5102_high_mu0.938254_GNP_S3_F4p03515802_R2_F4.03516,p5s0c_train_t5_r02_s5102_high_mu0.938254,p5s0c_train_t5_root02_s5102,5,HIGH,0.9382535774444988,3,2,4.0351580201941095,3.7822921340529994,0.25286588614111016,1,1,,1,07dea4dda4c90ce3362ecf86ff2f43b47b30d7e5fbafab9b7966b4516bc32832,07dea4dda4c90ce3362ecf86ff2f43b47b30d7e5fbafab9b7966b4516bc32832,2efa9bdf9ee479d63080f6dcd78c491e39140cc7cdcee8111ced38cb6ddd3619,/home/exouser/FORTE/gnp_style_continuous_20260830_125107/collection_long2/P5S0C_BRANCH_TELEMETRY/p5s0c_train_t5_r02_s5102_high_mu0.938254_GNP_S3_F4p03515802_R2_F4.03516_trajectory.csv,1,,0
p5s0c_train_t5_r02_s5102_high_mu0.938254_GNP_S4_F4p42421039_R1_F4.42421,p5s0c_train_t5_r02_s5102_high_mu0.938254,p5s0c_train_t5_root02_s5102,5,HIGH,0.9382535774444988,4,1,4.424210392196606,4.208735156703639,0.215475235492967,1,1,,1,07dea4dda4c90ce3362ecf86ff2f43b47b30d7e5fbafab9b7966b4516bc32832,07dea4dda4c90ce3362ecf86ff2f43b47b30d7e5fbafab9b7966b4516bc32832,2efa9bdf9ee479d63080f6dcd78c491e39140cc7cdcee8111ced38cb6ddd3619,/home/exouser/FORTE/gnp_style_continuous_20260830_125107/collection_long2/P5S0C_BRANCH_TELEMETRY/p5s0c_train_t5_r02_s5102_high_mu0.938254_GNP_S4_F4p42421039_R1_F4.42421_trajectory.csv,1,,0
p5s0c_train_t5_r02_s5102_high_mu0.938254_GNP_S4_F4p42421039_R2_F4.42421,p5s0c_train_t5_r02_s5102_high_mu0.938254,p5s0c_train_t5_root02_s5102,5,HIGH,0.9382535774444988,4,2,4.424210392196606,4.208721128669945,0.21548926352666165,1,1,,1,07dea4dda4c90ce3362ecf86ff2f43b47b30d7e5fbafab9b7966b4516bc32832,07dea4dda4c90ce3362ecf86ff2f43b47b30d7e5fbafab9b7966b4516bc32832,2efa9bdf9ee479d63080f6dcd78c491e39140cc7cdcee8111ced38cb6ddd3619,/home/exouser/FORTE/gnp_style_continuous_20260830_125107/collection_long2/P5S0C_BRANCH_TELEMETRY/p5s0c_train_t5_r02_s5102_high_mu0.938254_GNP_S4_F4p42421039_R2_F4.42421_trajectory.csv,1,,0
p5s0c_train_t5_r02_s5102_high_mu0.938254_GNP_S5_F4p80637249_R1_F4.80637,p5s0c_train_t5_r02_s5102_high_mu0.938254,p5s0c_train_t5_root02_s5102,5,HIGH,0.9382535774444988,5,1,4.80637248651438,4.627475632203592,0.17889685431078828,1,1,,1,07dea4dda4c90ce3362ecf86ff2f43b47b30d7e5fbafab9b7966b4516bc32832,07dea4dda4c90ce3362ecf86ff2f43b47b30d7e5fbafab9b7966b4516bc32832,2efa9bdf9ee479d63080f6dcd78c491e39140cc7cdcee8111ced38cb6ddd3619,/home/exouser/FORTE/gnp_style_continuous_20260830_125107/collection_long2/P5S0C_BRANCH_TELEMETRY/p5s0c_train_t5_r02_s5102_high_mu0.938254_GNP_S5_F4p80637249_R1_F4.80637_trajectory.csv,1,,0
p5s0c_train_t5_r02_s5102_high_mu0.938254_GNP_S5_F4p80637249_R2_F4.80637,p5s0c_train_t5_r02_s5102_high_mu0.938254,p5s0c_train_t5_root02_s5102,5,HIGH,0.9382535774444988,5,2,4.80637248651438,4.63400800808056,0.17236447843382052,1,1,,1,07dea4dda4c90ce3362ecf86ff2f43b47b30d7e5fbafab9b7966b4516bc32832,07dea4dda4c90ce3362ecf86ff2f43b47b30d7e5fbafab9b7966b4516bc32832,2efa9bdf9ee479d63080f6dcd78c491e39140cc7cdcee8111ced38cb6ddd3619,/home/exouser/FORTE/gnp_style_continuous_20260830_125107/collection_long2/P5S0C_BRANCH_TELEMETRY/p5s0c_train_t5_r02_s5102_high_mu0.938254_GNP_S5_F4p80637249_R2_F4.80637_trajectory.csv,1,,0
p5s0c_train_t5_r02_s5102_low_mu0.295394_GNP_S1_F3p35900261_R1_F3.359,p5s0c_train_t5_r02_s5102_low_mu0.295394,p5s0c_train_t5_root02_s5102,5,LOW,0.2953937543558703,1,1,3.359002609041246,3.886661554895988e-16,3.3590026090412457,1,0,full_task_failure,1,040764a7a108ef6650e02c93e8605798b7898d86e2b95fc17263728e24977770,040764a7a108ef6650e02c93e8605798b7898d86e2b95fc17263728e24977770,1eb7ae96ade83a7bba1ea40b55243804b9d90bafb0be89b3b4bc53274e454501,/home/exouser/FORTE/gnp_style_continuous_20260830_125107/collection_long2/P5S0C_BRANCH_TELEMETRY/p5s0c_train_t5_r02_s5102_low_mu0.295394_GNP_S1_F3p35900261_R1_F3.359_trajectory.csv,1,,0
p5s0c_train_t5_r02_s5102_low_mu0.295394_GNP_S1_F3p35900261_R2_F3.359,p5s0c_train_t5_r02_s5102_low_mu0.295394,p5s0c_train_t5_root02_s5102,5,LOW,0.2953937543558703,1,2,3.359002609041246,4.4631622683490855e-18,3.359002609041246,1,0,full_task_failure,1,040764a7a108ef6650e02c93e8605798b7898d86e2b95fc17263728e24977770,040764a7a108ef6650e02c93e8605798b7898d86e2b95fc17263728e24977770,1eb7ae96ade83a7bba1ea40b55243804b9d90bafb0be89b3b4bc53274e454501,/home/exouser/FORTE/gnp_style_continuous_20260830_125107/collection_long2/P5S0C_BRANCH_TELEMETRY/p5s0c_train_t5_r02_s5102_low_mu0.295394_GNP_S1_F3p35900261_R2_F3.359_trajectory.csv,1,,0
p5s0c_train_t5_r02_s5102_low_mu0.295394_GNP_S2_F3p49493094_R1_F3.49493,p5s0c_train_t5_r02_s5102_low_mu0.295394,p5s0c_train_t5_root02_s5102,5,LOW,0.2953937543558703,2,1,3.4949309412787253,1.015708942520165e-14,3.494930941278715,1,0,full_task_failure,1,040764a7a108ef6650e02c93e8605798b7898d86e2b95fc17263728e24977770,040764a7a108ef6650e02c93e8605798b7898d86e2b95fc17263728e24977770,1eb7ae96ade83a7bba1ea40b55243804b9d90bafb0be89b3b4bc53274e454501,/home/exouser/FORTE/gnp_style_continuous_20260830_125107/collection_long2/P5S0C_BRANCH_TELEMETRY/p5s0c_train_t5_r02_s5102_low_mu0.295394_GNP_S2_F3p49493094_R1_F3.49493_trajectory.csv,1,,0
p5s0c_train_t5_r02_s5102_low_mu0.295394_GNP_S2_F3p49493094_R2_F3.49493,p5s0c_train_t5_r02_s5102_low_mu0.295394,p5s0c_train_t5_root02_s5102,5,LOW,0.2953937543558703,2,2,3.4949309412787253,3.849600537189421e-11,3.4949309412402294,1,0,full_task_failure,1,040764a7a108ef6650e02c93e8605798b7898d86e2b95fc17263728e24977770,040764a7a108ef6650e02c93e8605798b7898d86e2b95fc17263728e24977770,1eb7ae96ade83a7bba1ea40b55243804b9d90bafb0be89b3b4bc53274e454501,/home/exouser/FORTE/gnp_style_continuous_20260830_125107/collection_long2/P5S0C_BRANCH_TELEMETRY/p5s0c_train_t5_r02_s5102_low_mu0.295394_GNP_S2_F3p49493094_R2_F3.49493_trajectory.csv,1,,0
p5s0c_train_t5_r02_s5102_low_mu0.295394_GNP_S3_F4p18843338_R1_F4.18843,p5s0c_train_t5_r02_s5102_low_mu0.295394,p5s0c_train_t5_root02_s5102,5,LOW,0.2953937543558703,3,1,4.188433381666139,3.861113996119113,0.32731938554702644,1,1,,1,040764a7a108ef6650e02c93e8605798b7898d86e2b95fc17263728e24977770,040764a7a108ef6650e02c93e8605798b7898d86e2b95fc17263728e24977770,1eb7ae96ade83a7bba1ea40b55243804b9d90bafb0be89b3b4bc53274e454501,/home/exouser/FORTE/gnp_style_continuous_20260830_125107/collection_long2/P5S0C_BRANCH_TELEMETRY/p5s0c_train_t5_r02_s5102_low_mu0.295394_GNP_S3_F4p18843338_R1_F4.18843_trajectory.csv,1,,0
p5s0c_train_t5_r02_s5102_low_mu0.295394_GNP_S3_F4p18843338_R2_F4.18843,p5s0c_train_t5_r02_s5102_low_mu0.295394,p5s0c_train_t5_root02_s5102,5,LOW,0.2953937543558703,3,2,4.188433381666139,3.851375241537352,0.33705814012878754,1,1,,1,040764a7a108ef6650e02c93e8605798b7898d86e2b95fc17263728e24977770,040764a7a108ef6650e02c93e8605798b7898d86e2b95fc17263728e24977770,1eb7ae96ade83a7bba1ea40b55243804b9d90bafb0be89b3b4bc53274e454501,/home/exouser/FORTE/gnp_style_continuous_20260830_125107/collection_long2/P5S0C_BRANCH_TELEMETRY/p5s0c_train_t5_r02_s5102_low_mu0.295394_GNP_S3_F4p18843338_R2_F4.18843_trajectory.csv,1,,0
p5s0c_train_t5_r02_s5102_low_mu0.295394_GNP_S4_F4p2350947_R1_F4.23509,p5s0c_train_t5_r02_s5102_low_mu0.295394,p5s0c_train_t5_root02_s5102,5,LOW,0.2953937543558703,4,1,4.235094698618203,3.924547610217578,0.3105470884006256,1,1,,1,040764a7a108ef6650e02c93e8605798b7898d86e2b95fc17263728e24977770,040764a7a108ef6650e02c93e8605798b7898d86e2b95fc17263728e24977770,1eb7ae96ade83a7bba1ea40b55243804b9d90bafb0be89b3b4bc53274e454501,/home/exouser/FORTE/gnp_style_continuous_20260830_125107/collection_long2/P5S0C_BRANCH_TELEMETRY/p5s0c_train_t5_r02_s5102_low_mu0.295394_GNP_S4_F4p2350947_R1_F4.23509_trajectory.csv,1,,0
p5s0c_train_t5_r02_s5102_low_mu0.295394_GNP_S4_F4p2350947_R2_F4.23509,p5s0c_train_t5_r02_s5102_low_mu0.295394,p5s0c_train_t5_root02_s5102,5,LOW,0.2953937543558703,4,2,4.235094698618203,3.9103603201943473,0.3247343784238561,1,1,,1,040764a7a108ef6650e02c93e8605798b7898d86e2b95fc17263728e24977770,040764a7a108ef6650e02c93e8605798b7898d86e2b95fc17263728e24977770,1eb7ae96ade83a7bba1ea40b55243804b9d90bafb0be89b3b4bc53274e454501,/home/exouser/FORTE/gnp_style_continuous_20260830_125107/collection_long2/P5S0C_BRANCH_TELEMETRY/p5s0c_train_t5_r02_s5102_low_mu0.295394_GNP_S4_F4p2350947_R2_F4.23509_trajectory.csv,1,,0
p5s0c_train_t5_r02_s5102_low_mu0.295394_GNP_S5_F4p63175957_R1_F4.63176,p5s0c_train_t5_r02_s5102_low_mu0.295394,p5s0c_train_t5_root02_s5102,5,LOW,0.2953937543558703,5,1,4.631759571926591,4.3792359957823885,0.2525235761442026,1,1,,1,040764a7a108ef6650e02c93e8605798b7898d86e2b95fc17263728e24977770,040764a7a108ef6650e02c93e8605798b7898d86e2b95fc17263728e24977770,1eb7ae96ade83a7bba1ea40b55243804b9d90bafb0be89b3b4bc53274e454501,/home/exouser/FORTE/gnp_style_continuous_20260830_125107/collection_long2/P5S0C_BRANCH_TELEMETRY/p5s0c_train_t5_r02_s5102_low_mu0.295394_GNP_S5_F4p63175957_R1_F4.63176_trajectory.csv,1,,0
p5s0c_train_t5_r02_s5102_low_mu0.295394_GNP_S5_F4p63175957_R2_F4.63176,p5s0c_train_t5_r02_s5102_low_mu0.295394,p5s0c_train_t5_root02_s5102,5,LOW,0.2953937543558703,5,2,4.631759571926591,4.378367746198499,0.2533918257280918,1,1,,1,040764a7a108ef6650e02c93e8605798b7898d86e2b95fc17263728e24977770,040764a7a108ef6650e02c93e8605798b7898d86e2b95fc17263728e24977770,1eb7ae96ade83a7bba1ea40b55243804b9d90bafb0be89b3b4bc53274e454501,/home/exouser/FORTE/gnp_style_continuous_20260830_125107/collection_long2/P5S0C_BRANCH_TELEMETRY/p5s0c_train_t5_r02_s5102_low_mu0.295394_GNP_S5_F4p63175957_R2_F4.63176_trajectory.csv,1,,0
p5s0c_train_t5_r02_s5102_mid_mu0.569222_GNP_S1_F3p32698218_R1_F3.32698,p5s0c_train_t5_r02_s5102_mid_mu0.569222,p5s0c_train_t5_root02_s5102,5,MID,0.5692222329044275,1,1,3.326982183217865,2.974370560130557,0.352611623087308,1,1,,1,4cd95ff3d22709a3e0d982540fd20de0ffd689bd753f240a0e7b6bc07815347e,4cd95ff3d22709a3e0d982540fd20de0ffd689bd753f240a0e7b6bc07815347e,2c51083f8f1652c0218def29ca1993301598bb7965e8f0a6be772fe3202b7f03,/home/exouser/FORTE/gnp_style_continuous_20260830_125107/collection_long2/P5S0C_BRANCH_TELEMETRY/p5s0c_train_t5_r02_s5102_mid_mu0.569222_GNP_S1_F3p32698218_R1_F3.32698_trajectory.csv,1,,0
p5s0c_train_t5_r02_s5102_mid_mu0.569222_GNP_S1_F3p32698218_R2_F3.32698,p5s0c_train_t5_r02_s5102_mid_mu0.569222,p5s0c_train_t5_root02_s5102,5,MID,0.5692222329044275,1,2,3.326982183217865,2.973867915772103,0.35311426744576213,1,1,,1,4cd95ff3d22709a3e0d982540fd20de0ffd689bd753f240a0e7b6bc07815347e,4cd95ff3d22709a3e0d982540fd20de0ffd689bd753f240a0e7b6bc07815347e,2c51083f8f1652c0218def29ca1993301598bb7965e8f0a6be772fe3202b7f03,/home/exouser/FORTE/gnp_style_continuous_20260830_125107/collection_long2/P5S0C_BRANCH_TELEMETRY/p5s0c_train_t5_r02_s5102_mid_mu0.569222_GNP_S1_F3p32698218_R2_F3.32698_trajectory.csv,1,,0
p5s0c_train_t5_r02_s5102_mid_mu0.569222_GNP_S2_F3p74131912_R1_F3.74132,p5s0c_train_t5_r02_s5102_mid_mu0.569222,p5s0c_train_t5_root02_s5102,5,MID,0.5692222329044275,2,1,3.7413191163504615,3.456595478831111,0.2847236375193507,1,1,,1,4cd95ff3d22709a3e0d982540fd20de0ffd689bd753f240a0e7b6bc07815347e,4cd95ff3d22709a3e0d982540fd20de0ffd689bd753f240a0e7b6bc07815347e,2c51083f8f1652c0218def29ca1993301598bb7965e8f0a6be772fe3202b7f03,/home/exouser/FORTE/gnp_style_continuous_20260830_125107/collection_long2/P5S0C_BRANCH_TELEMETRY/p5s0c_train_t5_r02_s5102_mid_mu0.569222_GNP_S2_F3p74131912_R1_F3.74132_trajectory.csv,1,,0
p5s0c_train_t5_r02_s5102_mid_mu0.569222_GNP_S2_F3p74131912_R2_F3.74132,p5s0c_train_t5_r02_s5102_mid_mu0.569222,p5s0c_train_t5_root02_s5102,5,MID,0.5692222329044275,2,2,3.7413191163504615,3.4546644752090043,0.2866546411414572,1,1,,1,4cd95ff3d22709a3e0d982540fd20de0ffd689bd753f240a0e7b6bc07815347e,4cd95ff3d22709a3e0d982540fd20de0ffd689bd753f240a0e7b6bc07815347e,2c51083f8f1652c0218def29ca1993301598bb7965e8f0a6be772fe3202b7f03,/home/exouser/FORTE/gnp_style_continuous_20260830_125107/collection_long2/P5S0C_BRANCH_TELEMETRY/p5s0c_train_t5_r02_s5102_mid_mu0.569222_GNP_S2_F3p74131912_R2_F3.74132_trajectory.csv,1,,0
p5s0c_train_t5_r02_s5102_mid_mu0.569222_GNP_S3_F3p83582433_R1_F3.83582,p5s0c_train_t5_r02_s5102_mid_mu0.569222,p5s0c_train_t5_root02_s5102,5,MID,0.5692222329044275,3,1,3.8358243299075543,3.564137394363816,0.27168693554373835,1,1,,1,4cd95ff3d22709a3e0d982540fd20de0ffd689bd753f240a0e7b6bc07815347e,4cd95ff3d22709a3e0d982540fd20de0ffd689bd753f240a0e7b6bc07815347e,2c51083f8f1652c0218def29ca1993301598bb7965e8f0a6be772fe3202b7f03,/home/exouser/FORTE/gnp_style_continuous_20260830_125107/collection_long2/P5S0C_BRANCH_TELEMETRY/p5s0c_train_t5_r02_s5102_mid_mu0.569222_GNP_S3_F3p83582433_R1_F3.83582_trajectory.csv,1,,0
p5s0c_train_t5_r02_s5102_mid_mu0.569222_GNP_S3_F3p83582433_R2_F3.83582,p5s0c_train_t5_r02_s5102_mid_mu0.569222,p5s0c_train_t5_root02_s5102,5,MID,0.5692222329044275,3,2,3.8358243299075543,3.562258672069859,0.2735656578376955,1,1,,1,4cd95ff3d22709a3e0d982540fd20de0ffd689bd753f240a0e7b6bc07815347e,4cd95ff3d22709a3e0d982540fd20de0ffd689bd753f240a0e7b6bc07815347e,2c51083f8f1652c0218def29ca1993301598bb7965e8f0a6be772fe3202b7f03,/home/exouser/FORTE/gnp_style_continuous_20260830_125107/collection_long2/P5S0C_BRANCH_TELEMETRY/p5s0c_train_t5_r02_s5102_mid_mu0.569222_GNP_S3_F3p83582433_R2_F3.83582_trajectory.csv,1,,0
p5s0c_train_t5_r02_s5102_mid_mu0.569222_GNP_S4_F4p23807261_R1_F4.23807,p5s0c_train_t5_r02_s5102_mid_mu0.569222,p5s0c_train_t5_root02_s5102,5,MID,0.5692222329044275,4,1,4.23807261283251,4.018626425717328,0.2194461871151816,1,1,,1,4cd95ff3d22709a3e0d982540fd20de0ffd689bd753f240a0e7b6bc07815347e,4cd95ff3d22709a3e0d982540fd20de0ffd689bd753f240a0e7b6bc07815347e,2c51083f8f1652c0218def29ca1993301598bb7965e8f0a6be772fe3202b7f03,/home/exouser/FORTE/gnp_style_continuous_20260830_125107/collection_long2/P5S0C_BRANCH_TELEMETRY/p5s0c_train_t5_r02_s5102_mid_mu0.569222_GNP_S4_F4p23807261_R1_F4.23807_trajectory.csv,1,,0
p5s0c_train_t5_r02_s5102_mid_mu0.569222_GNP_S4_F4p23807261_R2_F4.23807,p5s0c_train_t5_r02_s5102_mid_mu0.569222,p5s0c_train_t5_root02_s5102,5,MID,0.5692222329044275,4,2,4.23807261283251,4.018682460527162,0.21939015230534764,1,1,,1,4cd95ff3d22709a3e0d982540fd20de0ffd689bd753f240a0e7b6bc07815347e,4cd95ff3d22709a3e0d982540fd20de0ffd689bd753f240a0e7b6bc07815347e,2c51083f8f1652c0218def29ca1993301598bb7965e8f0a6be772fe3202b7f03,/home/exouser/FORTE/gnp_style_continuous_20260830_125107/collection_long2/P5S0C_BRANCH_TELEMETRY/p5s0c_train_t5_r02_s5102_mid_mu0.569222_GNP_S4_F4p23807261_R2_F4.23807_trajectory.csv,1,,0
p5s0c_train_t5_r02_s5102_mid_mu0.569222_GNP_S5_F4p72362953_R1_F4.72363,p5s0c_train_t5_r02_s5102_mid_mu0.569222,p5s0c_train_t5_root02_s5102,5,MID,0.5692222329044275,5,1,4.723629532817161,4.564595857182065,0.1590336756350963,1,1,,1,4cd95ff3d22709a3e0d982540fd20de0ffd689bd753f240a0e7b6bc07815347e,4cd95ff3d22709a3e0d982540fd20de0ffd689bd753f240a0e7b6bc07815347e,2c51083f8f1652c0218def29ca1993301598bb7965e8f0a6be772fe3202b7f03,/home/exouser/FORTE/gnp_style_continuous_20260830_125107/collection_long2/P5S0C_BRANCH_TELEMETRY/p5s0c_train_t5_r02_s5102_mid_mu0.569222_GNP_S5_F4p72362953_R1_F4.72363_trajectory.csv,1,,0
p5s0c_train_t5_r02_s5102_mid_mu0.569222_GNP_S5_F4p72362953_R2_F4.72363,p5s0c_train_t5_r02_s5102_mid_mu0.569222,p5s0c_train_t5_root02_s5102,5,MID,0.5692222329044275,5,2,4.723629532817161,4.5642708153338045,0.1593587174833564,1,1,,1,4cd95ff3d22709a3e0d982540fd20de0ffd689bd753f240a0e7b6bc07815347e,4cd95ff3d22709a3e0d982540fd20de0ffd689bd753f240a0e7b6bc07815347e,2c51083f8f1652c0218def29ca1993301598bb7965e8f0a6be772fe3202b7f03,/home/exouser/FORTE/gnp_style_continuous_20260830_125107/collection_long2/P5S0C_BRANCH_TELEMETRY/p5s0c_train_t5_r02_s5102_mid_mu0.569222_GNP_S5_F4p72362953_R2_F4.72363_trajectory.csv,1,,0
p5s0c_train_t5_r03_s5103_high_mu0.971853_GNP_S1_F3p36081807_R1_F3.36082,p5s0c_train_t5_r03_s5103_high_mu0.971853,p5s0c_train_t5_root03_s5103,5,HIGH,0.9718526963499344,1,1,3.3608180678243462,3.0302056711014003,0.33061239672294596,1,1,,1,e3263befa9a32bbecff0de96a7af3e2916752d339573ad7660412eb2dd56bd13,e3263befa9a32bbecff0de96a7af3e2916752d339573ad7660412eb2dd56bd13,0ea3396f60156347aab66b7ca65129cdcb99a730334d8f440f201bc3154c2581,/home/exouser/FORTE/gnp_style_continuous_20260830_125107/collection_long2/P5S0C_BRANCH_TELEMETRY/p5s0c_train_t5_r03_s5103_high_mu0.971853_GNP_S1_F3p36081807_R1_F3.36082_trajectory.csv,1,,0
p5s0c_train_t5_r03_s5103_high_mu0.971853_GNP_S1_F3p36081807_R2_F3.36082,p5s0c_train_t5_r03_s5103_high_mu0.971853,p5s0c_train_t5_root03_s5103,5,HIGH,0.9718526963499344,1,2,3.3608180678243462,3.030125428552497,0.3306926392718492,1,1,,1,e3263befa9a32bbecff0de96a7af3e2916752d339573ad7660412eb2dd56bd13,e3263befa9a32bbecff0de96a7af3e2916752d339573ad7660412eb2dd56bd13,0ea3396f60156347aab66b7ca65129cdcb99a730334d8f440f201bc3154c2581,/home/exouser/FORTE/gnp_style_continuous_20260830_125107/collection_long2/P5S0C_BRANCH_TELEMETRY/p5s0c_train_t5_r03_s5103_high_mu0.971853_GNP_S1_F3p36081807_R2_F3.36082_trajectory.csv,1,,0
p5s0c_train_t5_r03_s5103_high_mu0.971853_GNP_S2_F3p62891239_R1_F3.62891,p5s0c_train_t5_r03_s5103_high_mu0.971853,p5s0c_train_t5_root03_s5103,5,HIGH,0.9718526963499344,2,1,3.628912388163628,3.335074401881597,0.29383798628203106,1,1,,1,e3263befa9a32bbecff0de96a7af3e2916752d339573ad7660412eb2dd56bd13,e3263befa9a32bbecff0de96a7af3e2916752d339573ad7660412eb2dd56bd13,0ea3396f60156347aab66b7ca65129cdcb99a730334d8f440f201bc3154c2581,/home/exouser/FORTE/gnp_style_continuous_20260830_125107/collection_long2/P5S0C_BRANCH_TELEMETRY/p5s0c_train_t5_r03_s5103_high_mu0.971853_GNP_S2_F3p62891239_R1_F3.62891_trajectory.csv,1,,0
p5s0c_train_t5_r03_s5103_high_mu0.971853_GNP_S2_F3p62891239_R2_F3.62891,p5s0c_train_t5_r03_s5103_high_mu0.971853,p5s0c_train_t5_root03_s5103,5,HIGH,0.9718526963499344,2,2,3.628912388163628,3.3350832331670475,0.2938291549965806,1,1,,1,e3263befa9a32bbecff0de96a7af3e2916752d339573ad7660412eb2dd56bd13,e3263befa9a32bbecff0de96a7af3e2916752d339573ad7660412eb2dd56bd13,0ea3396f60156347aab66b7ca65129cdcb99a730334d8f440f201bc3154c2581,/home/exouser/FORTE/gnp_style_continuous_20260830_125107/collection_long2/P5S0C_BRANCH_TELEMETRY/p5s0c_train_t5_r03_s5103_high_mu0.971853_GNP_S2_F3p62891239_R2_F3.62891_trajectory.csv,1,,0
p5s0c_train_t5_r03_s5103_high_mu0.971853_GNP_S3_F4p06994942_R1_F4.06995,p5s0c_train_t5_r03_s5103_high_mu0.971853,p5s0c_train_t5_root03_s5103,5,HIGH,0.9718526963499344,3,1,4.069949422512093,3.819243868736372,0.25070555377572123,1,1,,1,e3263befa9a32bbecff0de96a7af3e2916752d339573ad7660412eb2dd56bd13,e3263befa9a32bbecff0de96a7af3e2916752d339573ad7660412eb2dd56bd13,0ea3396f60156347aab66b7ca65129cdcb99a730334d8f440f201bc3154c2581,/home/exouser/FORTE/gnp_style_continuous_20260830_125107/collection_long2/P5S0C_BRANCH_TELEMETRY/p5s0c_train_t5_r03_s5103_high_mu0.971853_GNP_S3_F4p06994942_R1_F4.06995_trajectory.csv,1,,0
p5s0c_train_t5_r03_s5103_high_mu0.971853_GNP_S3_F4p06994942_R2_F4.06995,p5s0c_train_t5_r03_s5103_high_mu0.971853,p5s0c_train_t5_root03_s5103,5,HIGH,0.9718526963499344,3,2,4.069949422512093,3.8192460602276954,0.2507033622843977,1,1,,1,e3263befa9a32bbecff0de96a7af3e2916752d339573ad7660412eb2dd56bd13,e3263befa9a32bbecff0de96a7af3e2916752d339573ad7660412eb2dd56bd13,0ea3396f60156347aab66b7ca65129cdcb99a730334d8f440f201bc3154c2581,/home/exouser/FORTE/gnp_style_continuous_20260830_125107/collection_long2/P5S0C_BRANCH_TELEMETRY/p5s0c_train_t5_r03_s5103_high_mu0.971853_GNP_S3_F4p06994942_R2_F4.06995_trajectory.csv,1,,0
p5s0c_train_t5_r03_s5103_high_mu0.971853_GNP_S4_F4p28894902_R1_F4.28895,p5s0c_train_t5_r03_s5103_high_mu0.971853,p5s0c_train_t5_root03_s5103,5,HIGH,0.9718526963499344,4,1,4.288949023293027,4.059289409689708,0.2296596136033191,1,1,,1,e3263befa9a32bbecff0de96a7af3e2916752d339573ad7660412eb2dd56bd13,e3263befa9a32bbecff0de96a7af3e2916752d339573ad7660412eb2dd56bd13,0ea3396f60156347aab66b7ca65129cdcb99a730334d8f440f201bc3154c2581,/home/exouser/FORTE/gnp_style_continuous_20260830_125107/collection_long2/P5S0C_BRANCH_TELEMETRY/p5s0c_train_t5_r03_s5103_high_mu0.971853_GNP_S4_F4p28894902_R1_F4.28895_trajectory.csv,1,,0
p5s0c_train_t5_r03_s5103_high_mu0.971853_GNP_S4_F4p28894902_R2_F4.28895,p5s0c_train_t5_r03_s5103_high_mu0.971853,p5s0c_train_t5_root03_s5103,5,HIGH,0.9718526963499344,4,2,4.288949023293027,4.059254548321031,0.22969447497199535,1,1,,1,e3263befa9a32bbecff0de96a7af3e2916752d339573ad7660412eb2dd56bd13,e3263befa9a32bbecff0de96a7af3e2916752d339573ad7660412eb2dd56bd13,0ea3396f60156347aab66b7ca65129cdcb99a730334d8f440f201bc3154c2581,/home/exouser/FORTE/gnp_style_continuous_20260830_125107/collection_long2/P5S0C_BRANCH_TELEMETRY/p5s0c_train_t5_r03_s5103_high_mu0.971853_GNP_S4_F4p28894902_R2_F4.28895_trajectory.csv,1,,0
p5s0c_train_t5_r03_s5103_high_mu0.971853_GNP_S5_F4p99332524_R1_F4.99333,p5s0c_train_t5_r03_s5103_high_mu0.971853,p5s0c_train_t5_root03_s5103,5,HIGH,0.9718526963499344,5,1,4.993325242802623,4.832142816830988,0.161182425971635,1,1,,1,e3263befa9a32bbecff0de96a7af3e2916752d339573ad7660412eb2dd56bd13,e3263befa9a32bbecff0de96a7af3e2916752d339573ad7660412eb2dd56bd13,0ea3396f60156347aab66b7ca65129cdcb99a730334d8f440f201bc3154c2581,/home/exouser/FORTE/gnp_style_continuous_20260830_125107/collection_long2/P5S0C_BRANCH_TELEMETRY/p5s0c_train_t5_r03_s5103_high_mu0.971853_GNP_S5_F4p99332524_R1_F4.99333_trajectory.csv,1,,0
p5s0c_train_t5_r03_s5103_high_mu0.971853_GNP_S5_F4p99332524_R2_F4.99333,p5s0c_train_t5_r03_s5103_high_mu0.971853,p5s0c_train_t5_root03_s5103,5,HIGH,0.9718526963499344,5,2,4.993325242802623,4.832118308707459,0.16120693409516385,1,1,,1,e3263befa9a32bbecff0de96a7af3e2916752d339573ad7660412eb2dd56bd13,e3263befa9a32bbecff0de96a7af3e2916752d339573ad7660412eb2dd56bd13,0ea3396f60156347aab66b7ca65129cdcb99a730334d8f440f201bc3154c2581,/home/exouser/FORTE/gnp_style_continuous_20260830_125107/collection_long2/P5S0C_BRANCH_TELEMETRY/p5s0c_train_t5_r03_s5103_high_mu0.971853_GNP_S5_F4p99332524_R2_F4.99333_trajectory.csv,1,,0
p5s0c_train_t5_r03_s5103_low_mu0.268456_GNP_S1_F3p19162141_R1_F3.19162,p5s0c_train_t5_r03_s5103_low_mu0.268456,p5s0c_train_t5_root03_s5103,5,LOW,0.2684556388624265,1,1,3.191621406647813,6.014419637226144e-20,3.191621406647813,1,0,full_task_failure,1,26983571fbb6321ca44fa3ee937fe4978c501bb9eae7dd30a077e57a9c005808,26983571fbb6321ca44fa3ee937fe4978c501bb9eae7dd30a077e57a9c005808,6c4b52a9509118b29e50678decb3eab5c893e9ac7edf31e2c3e9c28b9f042bed,/home/exouser/FORTE/gnp_style_continuous_20260830_125107/collection_long2/P5S0C_BRANCH_TELEMETRY/p5s0c_train_t5_r03_s5103_low_mu0.268456_GNP_S1_F3p19162141_R1_F3.19162_trajectory.csv,1,,0
p5s0c_train_t5_r03_s5103_low_mu0.268456_GNP_S1_F3p19162141_R2_F3.19162,p5s0c_train_t5_r03_s5103_low_mu0.268456,p5s0c_train_t5_root03_s5103,5,LOW,0.2684556388624265,1,2,3.191621406647813,4.214832370249688e-20,3.191621406647813,1,0,full_task_failure,1,26983571fbb6321ca44fa3ee937fe4978c501bb9eae7dd30a077e57a9c005808,26983571fbb6321ca44fa3ee937fe4978c501bb9eae7dd30a077e57a9c005808,6c4b52a9509118b29e50678decb3eab5c893e9ac7edf31e2c3e9c28b9f042bed,/home/exouser/FORTE/gnp_style_continuous_20260830_125107/collection_long2/P5S0C_BRANCH_TELEMETRY/p5s0c_train_t5_r03_s5103_low_mu0.268456_GNP_S1_F3p19162141_R2_F3.19162_trajectory.csv,1,,0
p5s0c_train_t5_r03_s5103_low_mu0.268456_GNP_S2_F3p58266653_R1_F3.58267,p5s0c_train_t5_r03_s5103_low_mu0.268456,p5s0c_train_t5_root03_s5103,5,LOW,0.2684556388624265,2,1,3.582666527275574,7.883261807761265e-15,3.582666527275566,1,0,full_task_failure,1,26983571fbb6321ca44fa3ee937fe4978c501bb9eae7dd30a077e57a9c005808,26983571fbb6321ca44fa3ee937fe4978c501bb9eae7dd30a077e57a9c005808,6c4b52a9509118b29e50678decb3eab5c893e9ac7edf31e2c3e9c28b9f042bed,/home/exouser/FORTE/gnp_style_continuous_20260830_125107/collection_long2/P5S0C_BRANCH_TELEMETRY/p5s0c_train_t5_r03_s5103_low_mu0.268456_GNP_S2_F3p58266653_R1_F3.58267_trajectory.csv,1,,0
p5s0c_train_t5_r03_s5103_low_mu0.268456_GNP_S2_F3p58266653_R2_F3.58267,p5s0c_train_t5_r03_s5103_low_mu0.268456,p5s0c_train_t5_root03_s5103,5,LOW,0.2684556388624265,2,2,3.582666527275574,2.214098712405472e-16,3.582666527275574,1,0,full_task_failure,1,26983571fbb6321ca44fa3ee937fe4978c501bb9eae7dd30a077e57a9c005808,26983571fbb6321ca44fa3ee937fe4978c501bb9eae7dd30a077e57a9c005808,6c4b52a9509118b29e50678decb3eab5c893e9ac7edf31e2c3e9c28b9f042bed,/home/exouser/FORTE/gnp_style_continuous_20260830_125107/collection_long2/P5S0C_BRANCH_TELEMETRY/p5s0c_train_t5_r03_s5103_low_mu0.268456_GNP_S2_F3p58266653_R2_F3.58267_trajectory.csv,1,,0
p5s0c_train_t5_r03_s5103_low_mu0.268456_GNP_S3_F4p19572363_R1_F4.19572,p5s0c_train_t5_r03_s5103_low_mu0.268456,p5s0c_train_t5_root03_s5103,5,LOW,0.2684556388624265,3,1,4.195723631415104,3.862774329642727,0.33294930177237747,1,1,,1,26983571fbb6321ca44fa3ee937fe4978c501bb9eae7dd30a077e57a9c005808,26983571fbb6321ca44fa3ee937fe4978c501bb9eae7dd30a077e57a9c005808,6c4b52a9509118b29e50678decb3eab5c893e9ac7edf31e2c3e9c28b9f042bed,/home/exouser/FORTE/gnp_style_continuous_20260830_125107/collection_long2/P5S0C_BRANCH_TELEMETRY/p5s0c_train_t5_r03_s5103_low_mu0.268456_GNP_S3_F4p19572363_R1_F4.19572_trajectory.csv,1,,0
p5s0c_train_t5_r03_s5103_low_mu0.268456_GNP_S3_F4p19572363_R2_F4.19572,p5s0c_train_t5_r03_s5103_low_mu0.268456,p5s0c_train_t5_root03_s5103,5,LOW,0.2684556388624265,3,2,4.195723631415104,3.8723990264004224,0.32332460501468185,1,1,,1,26983571fbb6321ca44fa3ee937fe4978c501bb9eae7dd30a077e57a9c005808,26983571fbb6321ca44fa3ee937fe4978c501bb9eae7dd30a077e57a9c005808,6c4b52a9509118b29e50678decb3eab5c893e9ac7edf31e2c3e9c28b9f042bed,/home/exouser/FORTE/gnp_style_continuous_20260830_125107/collection_long2/P5S0C_BRANCH_TELEMETRY/p5s0c_train_t5_r03_s5103_low_mu0.268456_GNP_S3_F4p19572363_R2_F4.19572_trajectory.csv,1,,0
p5s0c_train_t5_r03_s5103_low_mu0.268456_GNP_S4_F4p4784256_R1_F4.47843,p5s0c_train_t5_r03_s5103_low_mu0.268456,p5s0c_train_t5_root03_s5103,5,LOW,0.2684556388624265,4,1,4.478425602947612,4.214742562542223,0.2636830404053896,1,1,,1,26983571fbb6321ca44fa3ee937fe4978c501bb9eae7dd30a077e57a9c005808,26983571fbb6321ca44fa3ee937fe4978c501bb9eae7dd30a077e57a9c005808,6c4b52a9509118b29e50678decb3eab5c893e9ac7edf31e2c3e9c28b9f042bed,/home/exouser/FORTE/gnp_style_continuous_20260830_125107/collection_long2/P5S0C_BRANCH_TELEMETRY/p5s0c_train_t5_r03_s5103_low_mu0.268456_GNP_S4_F4p4784256_R1_F4.47843_trajectory.csv,1,,0
p5s0c_train_t5_r03_s5103_low_mu0.268456_GNP_S4_F4p4784256_R2_F4.47843,p5s0c_train_t5_r03_s5103_low_mu0.268456,p5s0c_train_t5_root03_s5103,5,LOW,0.2684556388624265,4,2,4.478425602947612,4.2147255662369405,0.2637000367106719,1,1,,1,26983571fbb6321ca44fa3ee937fe4978c501bb9eae7dd30a077e57a9c005808,26983571fbb6321ca44fa3ee937fe4978c501bb9eae7dd30a077e57a9c005808,6c4b52a9509118b29e50678decb3eab5c893e9ac7edf31e2c3e9c28b9f042bed,/home/exouser/FORTE/gnp_style_continuous_20260830_125107/collection_long2/P5S0C_BRANCH_TELEMETRY/p5s0c_train_t5_r03_s5103_low_mu0.268456_GNP_S4_F4p4784256_R2_F4.47843_trajectory.csv,1,,0
p5s0c_train_t5_r03_s5103_low_mu0.268456_GNP_S5_F4p95330359_R1_F4.9533,p5s0c_train_t5_r03_s5103_low_mu0.268456,p5s0c_train_t5_root03_s5103,5,LOW,0.2684556388624265,5,1,4.953303585022305,4.747012249410969,0.20629133561133628,1,1,,1,26983571fbb6321ca44fa3ee937fe4978c501bb9eae7dd30a077e57a9c005808,26983571fbb6321ca44fa3ee937fe4978c501bb9eae7dd30a077e57a9c005808,6c4b52a9509118b29e50678decb3eab5c893e9ac7edf31e2c3e9c28b9f042bed,/home/exouser/FORTE/gnp_style_continuous_20260830_125107/collection_long2/P5S0C_BRANCH_TELEMETRY/p5s0c_train_t5_r03_s5103_low_mu0.268456_GNP_S5_F4p95330359_R1_F4.9533_trajectory.csv,1,,0
p5s0c_train_t5_r03_s5103_low_mu0.268456_GNP_S5_F4p95330359_R2_F4.9533,p5s0c_train_t5_r03_s5103_low_mu0.268456,p5s0c_train_t5_root03_s5103,5,LOW,0.2684556388624265,5,2,4.953303585022305,4.744522356007197,0.20878122901510832,1,1,,1,26983571fbb6321ca44fa3ee937fe4978c501bb9eae7dd30a077e57a9c005808,26983571fbb6321ca44fa3ee937fe4978c501bb9eae7dd30a077e57a9c005808,6c4b52a9509118b29e50678decb3eab5c893e9ac7edf31e2c3e9c28b9f042bed,/home/exouser/FORTE/gnp_style_continuous_20260830_125107/collection_long2/P5S0C_BRANCH_TELEMETRY/p5s0c_train_t5_r03_s5103_low_mu0.268456_GNP_S5_F4p95330359_R2_F4.9533_trajectory.csv,1,,0
p5s0c_train_t5_r03_s5103_mid_mu0.579422_GNP_S1_F3p15990648_R1_F3.15991,p5s0c_train_t5_r03_s5103_mid_mu0.579422,p5s0c_train_t5_root03_s5103,5,MID,0.5794217219847442,1,1,3.1599064829314845,3.639831624618948,0.4799251416874637,1,1,,1,96fdc8efcf184e81781125b59c6928ad9c53652995d72f22eba96216a2f8e362,96fdc8efcf184e81781125b59c6928ad9c53652995d72f22eba96216a2f8e362,23213863c8eba30b43ebaf017e7d4fcb08448b1fa6de277f06f7f5b9b63365c9,/home/exouser/FORTE/gnp_style_continuous_20260830_125107/collection_long2/P5S0C_BRANCH_TELEMETRY/p5s0c_train_t5_r03_s5103_mid_mu0.579422_GNP_S1_F3p15990648_R1_F3.15991_trajectory.csv,1,,0
p5s0c_train_t5_r03_s5103_mid_mu0.579422_GNP_S1_F3p15990648_R2_F3.15991,p5s0c_train_t5_r03_s5103_mid_mu0.579422,p5s0c_train_t5_root03_s5103,5,MID,0.5794217219847442,1,2,3.1599064829314845,3.647439502689936,0.48753301975845176,1,1,,1,96fdc8efcf184e81781125b59c6928ad9c53652995d72f22eba96216a2f8e362,96fdc8efcf184e81781125b59c6928ad9c53652995d72f22eba96216a2f8e362,23213863c8eba30b43ebaf017e7d4fcb08448b1fa6de277f06f7f5b9b63365c9,/home/exouser/FORTE/gnp_style_continuous_20260830_125107/collection_long2/P5S0C_BRANCH_TELEMETRY/p5s0c_train_t5_r03_s5103_mid_mu0.579422_GNP_S1_F3p15990648_R2_F3.15991_trajectory.csv,1,,0
p5s0c_train_t5_r03_s5103_mid_mu0.579422_GNP_S2_F3p55996294_R1_F3.55996,p5s0c_train_t5_r03_s5103_mid_mu0.579422,p5s0c_train_t5_root03_s5103,5,MID,0.5794217219847442,2,1,3.559962942614681,3.232605914547019,0.3273570280676621,1,1,,1,96fdc8efcf184e81781125b59c6928ad9c53652995d72f22eba96216a2f8e362,96fdc8efcf184e81781125b59c6928ad9c53652995d72f22eba96216a2f8e362,23213863c8eba30b43ebaf017e7d4fcb08448b1fa6de277f06f7f5b9b63365c9,/home/exouser/FORTE/gnp_style_continuous_20260830_125107/collection_long2/P5S0C_BRANCH_TELEMETRY/p5s0c_train_t5_r03_s5103_mid_mu0.579422_GNP_S2_F3p55996294_R1_F3.55996_trajectory.csv,1,,0
p5s0c_train_t5_r03_s5103_mid_mu0.579422_GNP_S2_F3p55996294_R2_F3.55996,p5s0c_train_t5_r03_s5103_mid_mu0.579422,p5s0c_train_t5_root03_s5103,5,MID,0.5794217219847442,2,2,3.559962942614681,3.2310104402777267,0.3289525023369544,1,1,,1,96fdc8efcf184e81781125b59c6928ad9c53652995d72f22eba96216a2f8e362,96fdc8efcf184e81781125b59c6928ad9c53652995d72f22eba96216a2f8e362,23213863c8eba30b43ebaf017e7d4fcb08448b1fa6de277f06f7f5b9b63365c9,/home/exouser/FORTE/gnp_style_continuous_20260830_125107/collection_long2/P5S0C_BRANCH_TELEMETRY/p5s0c_train_t5_r03_s5103_mid_mu0.579422_GNP_S2_F3p55996294_R2_F3.55996_trajectory.csv,1,,0
p5s0c_train_t5_r03_s5103_mid_mu0.579422_GNP_S3_F4p16205657_R1_F4.16206,p5s0c_train_t5_r03_s5103_mid_mu0.579422,p5s0c_train_t5_root03_s5103,5,MID,0.5794217219847442,3,1,4.162056565246949,3.916583407415103,0.24547315783184542,1,1,,1,96fdc8efcf184e81781125b59c6928ad9c53652995d72f22eba96216a2f8e362,96fdc8efcf184e81781125b59c6928ad9c53652995d72f22eba96216a2f8e362,23213863c8eba30b43ebaf017e7d4fcb08448b1fa6de277f06f7f5b9b63365c9,/home/exouser/FORTE/gnp_style_continuous_20260830_125107/collection_long2/P5S0C_BRANCH_TELEMETRY/p5s0c_train_t5_r03_s5103_mid_mu0.579422_GNP_S3_F4p16205657_R1_F4.16206_trajectory.csv,1,,0
p5s0c_train_t5_r03_s5103_mid_mu0.579422_GNP_S3_F4p16205657_R2_F4.16206,p5s0c_train_t5_r03_s5103_mid_mu0.579422,p5s0c_train_t5_root03_s5103,5,MID,0.5794217219847442,3,2,4.162056565246949,3.917042418702008,0.24501414654494047,1,1,,1,96fdc8efcf184e81781125b59c6928ad9c53652995d72f22eba96216a2f8e362,96fdc8efcf184e81781125b59c6928ad9c53652995d72f22eba96216a2f8e362,23213863c8eba30b43ebaf017e7d4fcb08448b1fa6de277f06f7f5b9b63365c9,/home/exouser/FORTE/gnp_style_continuous_20260830_125107/collection_long2/P5S0C_BRANCH_TELEMETRY/p5s0c_train_t5_r03_s5103_mid_mu0.579422_GNP_S3_F4p16205657_R2_F4.16206_trajectory.csv,1,,0
p5s0c_train_t5_r03_s5103_mid_mu0.579422_GNP_S4_F4p47328885_R1_F4.47329,p5s0c_train_t5_r03_s5103_mid_mu0.579422,p5s0c_train_t5_root03_s5103,5,MID,0.5794217219847442,4,1,4.473288854491869,4.266485207701383,0.2068036467904868,1,1,,1,96fdc8efcf184e81781125b59c6928ad9c53652995d72f22eba96216a2f8e362,96fdc8efcf184e81781125b59c6928ad9c53652995d72f22eba96216a2f8e362,23213863c8eba30b43ebaf017e7d4fcb08448b1fa6de277f06f7f5b9b63365c9,/home/exouser/FORTE/gnp_style_continuous_20260830_125107/collection_long2/P5S0C_BRANCH_TELEMETRY/p5s0c_train_t5_r03_s5103_mid_mu0.579422_GNP_S4_F4p47328885_R1_F4.47329_trajectory.csv,1,,0
p5s0c_train_t5_r03_s5103_mid_mu0.579422_GNP_S4_F4p47328885_R2_F4.47329,p5s0c_train_t5_r03_s5103_mid_mu0.579422,p5s0c_train_t5_root03_s5103,5,MID,0.5794217219847442,4,2,4.473288854491869,4.266163329555564,0.20712552493630554,1,1,,1,96fdc8efcf184e81781125b59c6928ad9c53652995d72f22eba96216a2f8e362,96fdc8efcf184e81781125b59c6928ad9c53652995d72f22eba96216a2f8e362,23213863c8eba30b43ebaf017e7d4fcb08448b1fa6de277f06f7f5b9b63365c9,/home/exouser/FORTE/gnp_style_continuous_20260830_125107/collection_long2/P5S0C_BRANCH_TELEMETRY/p5s0c_train_t5_r03_s5103_mid_mu0.579422_GNP_S4_F4p47328885_R2_F4.47329_trajectory.csv,1,,0
p5s0c_train_t5_r03_s5103_mid_mu0.579422_GNP_S5_F4p94203365_R1_F4.94203,p5s0c_train_t5_r03_s5103_mid_mu0.579422,p5s0c_train_t5_root03_s5103,5,MID,0.5794217219847442,5,1,4.94203364622491,4.791384559788116,0.1506490864367942,1,1,,1,96fdc8efcf184e81781125b59c6928ad9c53652995d72f22eba96216a2f8e362,96fdc8efcf184e81781125b59c6928ad9c53652995d72f22eba96216a2f8e362,23213863c8eba30b43ebaf017e7d4fcb08448b1fa6de277f06f7f5b9b63365c9,/home/exouser/FORTE/gnp_style_continuous_20260830_125107/collection_long2/P5S0C_BRANCH_TELEMETRY/p5s0c_train_t5_r03_s5103_mid_mu0.579422_GNP_S5_F4p94203365_R1_F4.94203_trajectory.csv,1,,0
p5s0c_train_t5_r03_s5103_mid_mu0.579422_GNP_S5_F4p94203365_R2_F4.94203,p5s0c_train_t5_r03_s5103_mid_mu0.579422,p5s0c_train_t5_root03_s5103,5,MID,0.5794217219847442,5,2,4.94203364622491,4.791364212558694,0.15066943366621643,1,1,,1,96fdc8efcf184e81781125b59c6928ad9c53652995d72f22eba96216a2f8e362,96fdc8efcf184e81781125b59c6928ad9c53652995d72f22eba96216a2f8e362,23213863c8eba30b43ebaf017e7d4fcb08448b1fa6de277f06f7f5b9b63365c9,/home/exouser/FORTE/gnp_style_continuous_20260830_125107/collection_long2/P5S0C_BRANCH_TELEMETRY/p5s0c_train_t5_r03_s5103_mid_mu0.579422_GNP_S5_F4p94203365_R2_F4.94203_trajectory.csv,1,,0
p5s0c_train_t5_r04_s5104_high_mu0.927670_GNP_S1_F3p23941285_R1_F3.23941,p5s0c_train_t5_r04_s5104_high_mu0.927670,p5s0c_train_t5_root04_s5104,5,HIGH,0.9276696852071152,1,1,3.2394128450123354,2.889744217331345,0.3496686276809906,1,1,,1,1af9eaa5271565ebea4c305becf9c74275876b7e872173b85ebe18fd513dc74b,1af9eaa5271565ebea4c305becf9c74275876b7e872173b85ebe18fd513dc74b,94f82e2d85bd1165fc3faebb8347d3b828d53bca6d06b0896372a1999f0304d5,/home/exouser/FORTE/gnp_style_continuous_20260830_125107/collection_long2/P5S0C_BRANCH_TELEMETRY/p5s0c_train_t5_r04_s5104_high_mu0.927670_GNP_S1_F3p23941285_R1_F3.23941_trajectory.csv,1,,0
p5s0c_train_t5_r04_s5104_high_mu0.927670_GNP_S1_F3p23941285_R2_F3.23941,p5s0c_train_t5_r04_s5104_high_mu0.927670,p5s0c_train_t5_root04_s5104,5,HIGH,0.9276696852071152,1,2,3.2394128450123354,2.889687644468772,0.3497252005435634,1,1,,1,1af9eaa5271565ebea4c305becf9c74275876b7e872173b85ebe18fd513dc74b,1af9eaa5271565ebea4c305becf9c74275876b7e872173b85ebe18fd513dc74b,94f82e2d85bd1165fc3faebb8347d3b828d53bca6d06b0896372a1999f0304d5,/home/exouser/FORTE/gnp_style_continuous_20260830_125107/collection_long2/P5S0C_BRANCH_TELEMETRY/p5s0c_train_t5_r04_s5104_high_mu0.927670_GNP_S1_F3p23941285_R2_F3.23941_trajectory.csv,1,,0
p5s0c_train_t5_r04_s5104_high_mu0.927670_GNP_S2_F3p6358667_R1_F3.63587,p5s0c_train_t5_r04_s5104_high_mu0.927670,p5s0c_train_t5_root04_s5104,5,HIGH,0.9276696852071152,2,1,3.635866699059798,3.3326468532149858,0.3032198458448123,1,1,,1,1af9eaa5271565ebea4c305becf9c74275876b7e872173b85ebe18fd513dc74b,1af9eaa5271565ebea4c305becf9c74275876b7e872173b85ebe18fd513dc74b,94f82e2d85bd1165fc3faebb8347d3b828d53bca6d06b0896372a1999f0304d5,/home/exouser/FORTE/gnp_style_continuous_20260830_125107/collection_long2/P5S0C_BRANCH_TELEMETRY/p5s0c_train_t5_r04_s5104_high_mu0.927670_GNP_S2_F3p6358667_R1_F3.63587_trajectory.csv,1,,0
p5s0c_train_t5_r04_s5104_high_mu0.927670_GNP_S2_F3p6358667_R2_F3.63587,p5s0c_train_t5_r04_s5104_high_mu0.927670,p5s0c_train_t5_root04_s5104,5,HIGH,0.9276696852071152,2,2,3.635866699059798,3.332648480260694,0.30321821879910393,1,1,,1,1af9eaa5271565ebea4c305becf9c74275876b7e872173b85ebe18fd513dc74b,1af9eaa5271565ebea4c305becf9c74275876b7e872173b85ebe18fd513dc74b,94f82e2d85bd1165fc3faebb8347d3b828d53bca6d06b0896372a1999f0304d5,/home/exouser/FORTE/gnp_style_continuous_20260830_125107/collection_long2/P5S0C_BRANCH_TELEMETRY/p5s0c_train_t5_r04_s5104_high_mu0.927670_GNP_S2_F3p6358667_R2_F3.63587_trajectory.csv,1,,0
p5s0c_train_t5_r04_s5104_high_mu0.927670_GNP_S3_F3p83276469_R1_F3.83276,p5s0c_train_t5_r04_s5104_high_mu0.927670,p5s0c_train_t5_root04_s5104,5,HIGH,0.9276696852071152,3,1,3.832764692216405,3.5609134661184774,0.2718512260979278,1,1,,1,1af9eaa5271565ebea4c305becf9c74275876b7e872173b85ebe18fd513dc74b,1af9eaa5271565ebea4c305becf9c74275876b7e872173b85ebe18fd513dc74b,94f82e2d85bd1165fc3faebb8347d3b828d53bca6d06b0896372a1999f0304d5,/home/exouser/FORTE/gnp_style_continuous_20260830_125107/collection_long2/P5S0C_BRANCH_TELEMETRY/p5s0c_train_t5_r04_s5104_high_mu0.927670_GNP_S3_F3p83276469_R1_F3.83276_trajectory.csv,1,,0
p5s0c_train_t5_r04_s5104_high_mu0.927670_GNP_S3_F3p83276469_R2_F3.83276,p5s0c_train_t5_r04_s5104_high_mu0.927670,p5s0c_train_t5_root04_s5104,5,HIGH,0.9276696852071152,3,2,3.832764692216405,3.5609068032857536,0.27185788893065155,1,1,,1,1af9eaa5271565ebea4c305becf9c74275876b7e872173b85ebe18fd513dc74b,1af9eaa5271565ebea4c305becf9c74275876b7e872173b85ebe18fd513dc74b,94f82e2d85bd1165fc3faebb8347d3b828d53bca6d06b0896372a1999f0304d5,/home/exouser/FORTE/gnp_style_continuous_20260830_125107/collection_long2/P5S0C_BRANCH_TELEMETRY/p5s0c_train_t5_r04_s5104_high_mu0.927670_GNP_S3_F3p83276469_R2_F3.83276_trajectory.csv,1,,0
p5s0c_train_t5_r04_s5104_high_mu0.927670_GNP_S4_F4p3174293_R1_F4.31743,p5s0c_train_t5_r04_s5104_high_mu0.927670,p5s0c_train_t5_root04_s5104,5,HIGH,0.9276696852071152,4,1,4.317429297815402,4.091915858758463,0.22551343905693955,1,1,,1,1af9eaa5271565ebea4c305becf9c74275876b7e872173b85ebe18fd513dc74b,1af9eaa5271565ebea4c305becf9c74275876b7e872173b85ebe18fd513dc74b,94f82e2d85bd1165fc3faebb8347d3b828d53bca6d06b0896372a1999f0304d5,/home/exouser/FORTE/gnp_style_continuous_20260830_125107/collection_long2/P5S0C_BRANCH_TELEMETRY/p5s0c_train_t5_r04_s5104_high_mu0.927670_GNP_S4_F4p3174293_R1_F4.31743_trajectory.csv,1,,0
p5s0c_train_t5_r04_s5104_high_mu0.927670_GNP_S4_F4p3174293_R2_F4.31743,p5s0c_train_t5_r04_s5104_high_mu0.927670,p5s0c_train_t5_root04_s5104,5,HIGH,0.9276696852071152,4,2,4.317429297815402,4.091826252035193,0.2256030457802094,1,1,,1,1af9eaa5271565ebea4c305becf9c74275876b7e872173b85ebe18fd513dc74b,1af9eaa5271565ebea4c305becf9c74275876b7e872173b85ebe18fd513dc74b,94f82e2d85bd1165fc3faebb8347d3b828d53bca6d06b0896372a1999f0304d5,/home/exouser/FORTE/gnp_style_continuous_20260830_125107/collection_long2/P5S0C_BRANCH_TELEMETRY/p5s0c_train_t5_r04_s5104_high_mu0.927670_GNP_S4_F4p3174293_R2_F4.31743_trajectory.csv,1,,0
p5s0c_train_t5_r04_s5104_high_mu0.927670_GNP_S5_F4p90484228_R1_F4.90484,p5s0c_train_t5_r04_s5104_high_mu0.927670,p5s0c_train_t5_root04_s5104,5,HIGH,0.9276696852071152,5,1,4.904842284926958,4.737865737966589,0.16697654696036857,1,1,,1,1af9eaa5271565ebea4c305becf9c74275876b7e872173b85ebe18fd513dc74b,1af9eaa5271565ebea4c305becf9c74275876b7e872173b85ebe18fd513dc74b,94f82e2d85bd1165fc3faebb8347d3b828d53bca6d06b0896372a1999f0304d5,/home/exouser/FORTE/gnp_style_continuous_20260830_125107/collection_long2/P5S0C_BRANCH_TELEMETRY/p5s0c_train_t5_r04_s5104_high_mu0.927670_GNP_S5_F4p90484228_R1_F4.90484_trajectory.csv,1,,0
p5s0c_train_t5_r04_s5104_high_mu0.927670_GNP_S5_F4p90484228_R2_F4.90484,p5s0c_train_t5_r04_s5104_high_mu0.927670,p5s0c_train_t5_root04_s5104,5,HIGH,0.9276696852071152,5,2,4.904842284926958,4.738042541452356,0.16679974347460202,1,1,,1,1af9eaa5271565ebea4c305becf9c74275876b7e872173b85ebe18fd513dc74b,1af9eaa5271565ebea4c305becf9c74275876b7e872173b85ebe18fd513dc74b,94f82e2d85bd1165fc3faebb8347d3b828d53bca6d06b0896372a1999f0304d5,/home/exouser/FORTE/gnp_style_continuous_20260830_125107/collection_long2/P5S0C_BRANCH_TELEMETRY/p5s0c_train_t5_r04_s5104_high_mu0.927670_GNP_S5_F4p90484228_R2_F4.90484_trajectory.csv,1,,0
p5s0c_train_t5_r04_s5104_low_mu0.296413_GNP_S1_F3p16942495_R1_F3.16942,p5s0c_train_t5_r04_s5104_low_mu0.296413,p5s0c_train_t5_root04_s5104,5,LOW,0.2964132778649048,1,1,3.169424946090528,9.244901554593936e-20,3.169424946090528,1,0,full_task_failure,1,d336d32bebd205cb145bee65d1f71d776624ed1c3bb033171a924284c845eeb4,d336d32bebd205cb145bee65d1f71d776624ed1c3bb033171a924284c845eeb4,81d2212b2151d8a39a9828b536d8a056b2a37dded821300ebd70ad92f23a2c43,/home/exouser/FORTE/gnp_style_continuous_20260830_125107/collection_long2/P5S0C_BRANCH_TELEMETRY/p5s0c_train_t5_r04_s5104_low_mu0.296413_GNP_S1_F3p16942495_R1_F3.16942_trajectory.csv,1,,0
p5s0c_train_t5_r04_s5104_low_mu0.296413_GNP_S1_F3p16942495_R2_F3.16942,p5s0c_train_t5_r04_s5104_low_mu0.296413,p5s0c_train_t5_root04_s5104,5,LOW,0.2964132778649048,1,2,3.169424946090528,2.1027774942261882e-20,3.169424946090528,1,0,full_task_failure,1,d336d32bebd205cb145bee65d1f71d776624ed1c3bb033171a924284c845eeb4,d336d32bebd205cb145bee65d1f71d776624ed1c3bb033171a924284c845eeb4,81d2212b2151d8a39a9828b536d8a056b2a37dded821300ebd70ad92f23a2c43,/home/exouser/FORTE/gnp_style_continuous_20260830_125107/collection_long2/P5S0C_BRANCH_TELEMETRY/p5s0c_train_t5_r04_s5104_low_mu0.296413_GNP_S1_F3p16942495_R2_F3.16942_trajectory.csv,1,,0
p5s0c_train_t5_r04_s5104_low_mu0.296413_GNP_S2_F3p64018651_R1_F3.64019,p5s0c_train_t5_r04_s5104_low_mu0.296413,p5s0c_train_t5_root04_s5104,5,LOW,0.2964132778649048,2,1,3.640186513505992,3.0234370463464464e-12,3.6401865135029685,1,0,full_task_failure,1,d336d32bebd205cb145bee65d1f71d776624ed1c3bb033171a924284c845eeb4,d336d32bebd205cb145bee65d1f71d776624ed1c3bb033171a924284c845eeb4,81d2212b2151d8a39a9828b536d8a056b2a37dded821300ebd70ad92f23a2c43,/home/exouser/FORTE/gnp_style_continuous_20260830_125107/collection_long2/P5S0C_BRANCH_TELEMETRY/p5s0c_train_t5_r04_s5104_low_mu0.296413_GNP_S2_F3p64018651_R1_F3.64019_trajectory.csv,1,,0
p5s0c_train_t5_r04_s5104_low_mu0.296413_GNP_S2_F3p64018651_R2_F3.64019,p5s0c_train_t5_r04_s5104_low_mu0.296413,p5s0c_train_t5_root04_s5104,5,LOW,0.2964132778649048,2,2,3.640186513505992,6.3496836410026056e-12,3.6401865134996423,1,0,full_task_failure,1,d336d32bebd205cb145bee65d1f71d776624ed1c3bb033171a924284c845eeb4,d336d32bebd205cb145bee65d1f71d776624ed1c3bb033171a924284c845eeb4,81d2212b2151d8a39a9828b536d8a056b2a37dded821300ebd70ad92f23a2c43,/home/exouser/FORTE/gnp_style_continuous_20260830_125107/collection_long2/P5S0C_BRANCH_TELEMETRY/p5s0c_train_t5_r04_s5104_low_mu0.296413_GNP_S2_F3p64018651_R2_F3.64019_trajectory.csv,1,,0
p5s0c_train_t5_r04_s5104_low_mu0.296413_GNP_S3_F4p18800679_R1_F4.18801,p5s0c_train_t5_r04_s5104_low_mu0.296413,p5s0c_train_t5_root04_s5104,5,LOW,0.2964132778649048,3,1,4.188006786238083,3.971009663633398,0.21699712260468518,1,1,,1,d336d32bebd205cb145bee65d1f71d776624ed1c3bb033171a924284c845eeb4,d336d32bebd205cb145bee65d1f71d776624ed1c3bb033171a924284c845eeb4,81d2212b2151d8a39a9828b536d8a056b2a37dded821300ebd70ad92f23a2c43,/home/exouser/FORTE/gnp_style_continuous_20260830_125107/collection_long2/P5S0C_BRANCH_TELEMETRY/p5s0c_train_t5_r04_s5104_low_mu0.296413_GNP_S3_F4p18800679_R1_F4.18801_trajectory.csv,1,,0
p5s0c_train_t5_r04_s5104_low_mu0.296413_GNP_S3_F4p18800679_R2_F4.18801,p5s0c_train_t5_r04_s5104_low_mu0.296413,p5s0c_train_t5_root04_s5104,5,LOW,0.2964132778649048,3,2,4.188006786238083,3.9715756564526954,0.2164311297853878,1,1,,1,d336d32bebd205cb145bee65d1f71d776624ed1c3bb033171a924284c845eeb4,d336d32bebd205cb145bee65d1f71d776624ed1c3bb033171a924284c845eeb4,81d2212b2151d8a39a9828b536d8a056b2a37dded821300ebd70ad92f23a2c43,/home/exouser/FORTE/gnp_style_continuous_20260830_125107/collection_long2/P5S0C_BRANCH_TELEMETRY/p5s0c_train_t5_r04_s5104_low_mu0.296413_GNP_S3_F4p18800679_R2_F4.18801_trajectory.csv,1,,0
p5s0c_train_t5_r04_s5104_low_mu0.296413_GNP_S4_F4p21381146_R1_F4.21381,p5s0c_train_t5_r04_s5104_low_mu0.296413,p5s0c_train_t5_root04_s5104,5,LOW,0.2964132778649048,4,1,4.213811459672577,4.004380326013307,0.2094311336592698,1,1,,1,d336d32bebd205cb145bee65d1f71d776624ed1c3bb033171a924284c845eeb4,d336d32bebd205cb145bee65d1f71d776624ed1c3bb033171a924284c845eeb4,81d2212b2151d8a39a9828b536d8a056b2a37dded821300ebd70ad92f23a2c43,/home/exouser/FORTE/gnp_style_continuous_20260830_125107/collection_long2/P5S0C_BRANCH_TELEMETRY/p5s0c_train_t5_r04_s5104_low_mu0.296413_GNP_S4_F4p21381146_R1_F4.21381_trajectory.csv,1,,0
p5s0c_train_t5_r04_s5104_low_mu0.296413_GNP_S4_F4p21381146_R2_F4.21381,p5s0c_train_t5_r04_s5104_low_mu0.296413,p5s0c_train_t5_root04_s5104,5,LOW,0.2964132778649048,4,2,4.213811459672577,4.002152945544268,0.21165851412830872,1,1,,1,d336d32bebd205cb145bee65d1f71d776624ed1c3bb033171a924284c845eeb4,d336d32bebd205cb145bee65d1f71d776624ed1c3bb033171a924284c845eeb4,81d2212b2151d8a39a9828b536d8a056b2a37dded821300ebd70ad92f23a2c43,/home/exouser/FORTE/gnp_style_continuous_20260830_125107/collection_long2/P5S0C_BRANCH_TELEMETRY/p5s0c_train_t5_r04_s5104_low_mu0.296413_GNP_S4_F4p21381146_R2_F4.21381_trajectory.csv,1,,0
p5s0c_train_t5_r04_s5104_low_mu0.296413_GNP_S5_F4p72720923_R1_F4.72721,p5s0c_train_t5_r04_s5104_low_mu0.296413,p5s0c_train_t5_root04_s5104,5,LOW,0.2964132778649048,5,1,4.727209230876554,4.625498784554972,0.10171044632158122,1,1,,1,d336d32bebd205cb145bee65d1f71d776624ed1c3bb033171a924284c845eeb4,d336d32bebd205cb145bee65d1f71d776624ed1c3bb033171a924284c845eeb4,81d2212b2151d8a39a9828b536d8a056b2a37dded821300ebd70ad92f23a2c43,/home/exouser/FORTE/gnp_style_continuous_20260830_125107/collection_long2/P5S0C_BRANCH_TELEMETRY/p5s0c_train_t5_r04_s5104_low_mu0.296413_GNP_S5_F4p72720923_R1_F4.72721_trajectory.csv,1,,0
p5s0c_train_t5_r04_s5104_low_mu0.296413_GNP_S5_F4p72720923_R2_F4.72721,p5s0c_train_t5_r04_s5104_low_mu0.296413,p5s0c_train_t5_root04_s5104,5,LOW,0.2964132778649048,5,2,4.727209230876554,4.625017282125112,0.10219194875144133,1,1,,1,d336d32bebd205cb145bee65d1f71d776624ed1c3bb033171a924284c845eeb4,d336d32bebd205cb145bee65d1f71d776624ed1c3bb033171a924284c845eeb4,81d2212b2151d8a39a9828b536d8a056b2a37dded821300ebd70ad92f23a2c43,/home/exouser/FORTE/gnp_style_continuous_20260830_125107/collection_long2/P5S0C_BRANCH_TELEMETRY/p5s0c_train_t5_r04_s5104_low_mu0.296413_GNP_S5_F4p72720923_R2_F4.72721_trajectory.csv,1,,0
p5s0c_train_t5_r04_s5104_mid_mu0.479493_GNP_S1_F3p19735431_R1_F3.19735,p5s0c_train_t5_r04_s5104_mid_mu0.479493,p5s0c_train_t5_root04_s5104,5,MID,0.4794931193111124,1,1,3.1973543111219453,3.789458105262708e-07,3.1973539321761346,1,0,full_task_failure,1,fd2c8c8126f60111447607825bd25c6d272d24258b21d3d92bf029dedfef7927,fd2c8c8126f60111447607825bd25c6d272d24258b21d3d92bf029dedfef7927,c48ec5eac25585660fb349aaffc40662cf4efbe1c7adf3d51926578d51dbd368,/home/exouser/FORTE/gnp_style_continuous_20260830_125107/collection_long2/P5S0C_BRANCH_TELEMETRY/p5s0c_train_t5_r04_s5104_mid_mu0.479493_GNP_S1_F3p19735431_R1_F3.19735_trajectory.csv,1,,0
p5s0c_train_t5_r04_s5104_mid_mu0.479493_GNP_S1_F3p19735431_R2_F3.19735,p5s0c_train_t5_r04_s5104_mid_mu0.479493,p5s0c_train_t5_root04_s5104,5,MID,0.4794931193111124,1,2,3.1973543111219453,5.93933191493107e-09,3.1973543051826137,1,0,full_task_failure,1,fd2c8c8126f60111447607825bd25c6d272d24258b21d3d92bf029dedfef7927,fd2c8c8126f60111447607825bd25c6d272d24258b21d3d92bf029dedfef7927,c48ec5eac25585660fb349aaffc40662cf4efbe1c7adf3d51926578d51dbd368,/home/exouser/FORTE/gnp_style_continuous_20260830_125107/collection_long2/P5S0C_BRANCH_TELEMETRY/p5s0c_train_t5_r04_s5104_mid_mu0.479493_GNP_S1_F3p19735431_R2_F3.19735_trajectory.csv,1,,0
p5s0c_train_t5_r04_s5104_mid_mu0.479493_GNP_S2_F3p51098876_R1_F3.51099,p5s0c_train_t5_r04_s5104_mid_mu0.479493,p5s0c_train_t5_root04_s5104,5,MID,0.4794931193111124,2,1,3.510988756500796,3.236939285252545,0.27404947124825085,1,1,,1,fd2c8c8126f60111447607825bd25c6d272d24258b21d3d92bf029dedfef7927,fd2c8c8126f60111447607825bd25c6d272d24258b21d3d92bf029dedfef7927,c48ec5eac25585660fb349aaffc40662cf4efbe1c7adf3d51926578d51dbd368,/home/exouser/FORTE/gnp_style_continuous_20260830_125107/collection_long2/P5S0C_BRANCH_TELEMETRY/p5s0c_train_t5_r04_s5104_mid_mu0.479493_GNP_S2_F3p51098876_R1_F3.51099_trajectory.csv,1,,0
p5s0c_train_t5_r04_s5104_mid_mu0.479493_GNP_S2_F3p51098876_R2_F3.51099,p5s0c_train_t5_r04_s5104_mid_mu0.479493,p5s0c_train_t5_root04_s5104,5,MID,0.4794931193111124,2,2,3.510988756500796,3.2458090298884623,0.2651797266123337,1,1,,1,fd2c8c8126f60111447607825bd25c6d272d24258b21d3d92bf029dedfef7927,fd2c8c8126f60111447607825bd25c6d272d24258b21d3d92bf029dedfef7927,c48ec5eac25585660fb349aaffc40662cf4efbe1c7adf3d51926578d51dbd368,/home/exouser/FORTE/gnp_style_continuous_20260830_125107/collection_long2/P5S0C_BRANCH_TELEMETRY/p5s0c_train_t5_r04_s5104_mid_mu0.479493_GNP_S2_F3p51098876_R2_F3.51099_trajectory.csv,1,,0
p5s0c_train_t5_r04_s5104_mid_mu0.479493_GNP_S3_F3p89289858_R1_F3.8929,p5s0c_train_t5_r04_s5104_mid_mu0.479493,p5s0c_train_t5_root04_s5104,5,MID,0.4794931193111124,3,1,3.892898581844683,3.709168988305169,0.183729593539514,1,1,,1,fd2c8c8126f60111447607825bd25c6d272d24258b21d3d92bf029dedfef7927,fd2c8c8126f60111447607825bd25c6d272d24258b21d3d92bf029dedfef7927,c48ec5eac25585660fb349aaffc40662cf4efbe1c7adf3d51926578d51dbd368,/home/exouser/FORTE/gnp_style_continuous_20260830_125107/collection_long2/P5S0C_BRANCH_TELEMETRY/p5s0c_train_t5_r04_s5104_mid_mu0.479493_GNP_S3_F3p89289858_R1_F3.8929_trajectory.csv,1,,0
p5s0c_train_t5_r04_s5104_mid_mu0.479493_GNP_S3_F3p89289858_R2_F3.8929,p5s0c_train_t5_r04_s5104_mid_mu0.479493,p5s0c_train_t5_root04_s5104,5,MID,0.4794931193111124,3,2,3.892898581844683,3.710651400926951,0.18224718091773173,1,1,,1,fd2c8c8126f60111447607825bd25c6d272d24258b21d3d92bf029dedfef7927,fd2c8c8126f60111447607825bd25c6d272d24258b21d3d92bf029dedfef7927,c48ec5eac25585660fb349aaffc40662cf4efbe1c7adf3d51926578d51dbd368,/home/exouser/FORTE/gnp_style_continuous_20260830_125107/collection_long2/P5S0C_BRANCH_TELEMETRY/p5s0c_train_t5_r04_s5104_mid_mu0.479493_GNP_S3_F3p89289858_R2_F3.8929_trajectory.csv,1,,0
p5s0c_train_t5_r04_s5104_mid_mu0.479493_GNP_S4_F4p20933694_R1_F4.20934,p5s0c_train_t5_r04_s5104_mid_mu0.479493,p5s0c_train_t5_root04_s5104,5,MID,0.4794931193111124,4,1,4.209336942106862,4.077542324323912,0.13179461778295032,1,1,,1,fd2c8c8126f60111447607825bd25c6d272d24258b21d3d92bf029dedfef7927,fd2c8c8126f60111447607825bd25c6d272d24258b21d3d92bf029dedfef7927,c48ec5eac25585660fb349aaffc40662cf4efbe1c7adf3d51926578d51dbd368,/home/exouser/FORTE/gnp_style_continuous_20260830_125107/collection_long2/P5S0C_BRANCH_TELEMETRY/p5s0c_train_t5_r04_s5104_mid_mu0.479493_GNP_S4_F4p20933694_R1_F4.20934_trajectory.csv,1,,0
p5s0c_train_t5_r04_s5104_mid_mu0.479493_GNP_S4_F4p20933694_R2_F4.20934,p5s0c_train_t5_r04_s5104_mid_mu0.479493,p5s0c_train_t5_root04_s5104,5,MID,0.4794931193111124,4,2,4.209336942106862,4.078599208110088,0.13073773399677435,1,1,,1,fd2c8c8126f60111447607825bd25c6d272d24258b21d3d92bf029dedfef7927,fd2c8c8126f60111447607825bd25c6d272d24258b21d3d92bf029dedfef7927,c48ec5eac25585660fb349aaffc40662cf4efbe1c7adf3d51926578d51dbd368,/home/exouser/FORTE/gnp_style_continuous_20260830_125107/collection_long2/P5S0C_BRANCH_TELEMETRY/p5s0c_train_t5_r04_s5104_mid_mu0.479493_GNP_S4_F4p20933694_R2_F4.20934_trajectory.csv,1,,0
p5s0c_train_t5_r04_s5104_mid_mu0.479493_GNP_S5_F4p69328417_R1_F4.69328,p5s0c_train_t5_r04_s5104_mid_mu0.479493,p5s0c_train_t5_root04_s5104,5,MID,0.4794931193111124,5,1,4.693284169809994,4.629877348203917,0.06340682160607702,1,1,,1,fd2c8c8126f60111447607825bd25c6d272d24258b21d3d92bf029dedfef7927,fd2c8c8126f60111447607825bd25c6d272d24258b21d3d92bf029dedfef7927,c48ec5eac25585660fb349aaffc40662cf4efbe1c7adf3d51926578d51dbd368,/home/exouser/FORTE/gnp_style_continuous_20260830_125107/collection_long2/P5S0C_BRANCH_TELEMETRY/p5s0c_train_t5_r04_s5104_mid_mu0.479493_GNP_S5_F4p69328417_R1_F4.69328_trajectory.csv,1,,0
p5s0c_train_t5_r04_s5104_mid_mu0.479493_GNP_S5_F4p69328417_R2_F4.69328,p5s0c_train_t5_r04_s5104_mid_mu0.479493,p5s0c_train_t5_root04_s5104,5,MID,0.4794931193111124,5,2,4.693284169809994,4.629537517960007,0.06374665184998651,1,1,,1,fd2c8c8126f60111447607825bd25c6d272d24258b21d3d92bf029dedfef7927,fd2c8c8126f60111447607825bd25c6d272d24258b21d3d92bf029dedfef7927,c48ec5eac25585660fb349aaffc40662cf4efbe1c7adf3d51926578d51dbd368,/home/exouser/FORTE/gnp_style_continuous_20260830_125107/collection_long2/P5S0C_BRANCH_TELEMETRY/p5s0c_train_t5_r04_s5104_mid_mu0.479493_GNP_S5_F4p69328417_R2_F4.69328_trajectory.csv,1,,0
p5s0c_train_t5_r05_s5105_high_mu0.955667_GNP_S1_F3p00625012_R1_F3.00625,p5s0c_train_t5_r05_s5105_high_mu0.955667,p5s0c_train_t5_root05_s5105,5,HIGH,0.9556674783451712,1,1,3.0062501232194427,2.61060028533413,0.3956498378853128,1,1,,1,11dac8bc6402c8a0606489b6f695904b3474049e03e4937079b548126c18edac,11dac8bc6402c8a0606489b6f695904b3474049e03e4937079b548126c18edac,28fff26ea17e4dae13d899063d31ad9c736e797a4e3bc511fddf83cf24341050,/home/exouser/FORTE/gnp_style_continuous_20260830_125107/collection_long2/P5S0C_BRANCH_TELEMETRY/p5s0c_train_t5_r05_s5105_high_mu0.955667_GNP_S1_F3p00625012_R1_F3.00625_trajectory.csv,1,,0
p5s0c_train_t5_r05_s5105_high_mu0.955667_GNP_S1_F3p00625012_R2_F3.00625,p5s0c_train_t5_r05_s5105_high_mu0.955667,p5s0c_train_t5_root05_s5105,5,HIGH,0.9556674783451712,1,2,3.0062501232194427,2.6125569915118283,0.39369313170761444,1,1,,1,11dac8bc6402c8a0606489b6f695904b3474049e03e4937079b548126c18edac,11dac8bc6402c8a0606489b6f695904b3474049e03e4937079b548126c18edac,28fff26ea17e4dae13d899063d31ad9c736e797a4e3bc511fddf83cf24341050,/home/exouser/FORTE/gnp_style_continuous_20260830_125107/collection_long2/P5S0C_BRANCH_TELEMETRY/p5s0c_train_t5_r05_s5105_high_mu0.955667_GNP_S1_F3p00625012_R2_F3.00625_trajectory.csv,1,,0
p5s0c_train_t5_r05_s5105_high_mu0.955667_GNP_S2_F3p71875221_R1_F3.71875,p5s0c_train_t5_r05_s5105_high_mu0.955667,p5s0c_train_t5_root05_s5105,5,HIGH,0.9556674783451712,2,1,3.718752213787059,3.4151629029888,0.3035893107982588,1,1,,1,11dac8bc6402c8a0606489b6f695904b3474049e03e4937079b548126c18edac,11dac8bc6402c8a0606489b6f695904b3474049e03e4937079b548126c18edac,28fff26ea17e4dae13d899063d31ad9c736e797a4e3bc511fddf83cf24341050,/home/exouser/FORTE/gnp_style_continuous_20260830_125107/collection_long2/P5S0C_BRANCH_TELEMETRY/p5s0c_train_t5_r05_s5105_high_mu0.955667_GNP_S2_F3p71875221_R1_F3.71875_trajectory.csv,1,,0
p5s0c_train_t5_r05_s5105_high_mu0.955667_GNP_S2_F3p71875221_R2_F3.71875,p5s0c_train_t5_r05_s5105_high_mu0.955667,p5s0c_train_t5_root05_s5105,5,HIGH,0.9556674783451712,2,2,3.718752213787059,3.415021755923964,0.3037304578630948,1,1,,1,11dac8bc6402c8a0606489b6f695904b3474049e03e4937079b548126c18edac,11dac8bc6402c8a0606489b6f695904b3474049e03e4937079b548126c18edac,28fff26ea17e4dae13d899063d31ad9c736e797a4e3bc511fddf83cf24341050,/home/exouser/FORTE/gnp_style_continuous_20260830_125107/collection_long2/P5S0C_BRANCH_TELEMETRY/p5s0c_train_t5_r05_s5105_high_mu0.955667_GNP_S2_F3p71875221_R2_F3.71875_trajectory.csv,1,,0
p5s0c_train_t5_r05_s5105_high_mu0.955667_GNP_S3_F4p1778698_R1_F4.17787,p5s0c_train_t5_r05_s5105_high_mu0.955667,p5s0c_train_t5_root05_s5105,5,HIGH,0.9556674783451712,3,1,4.1778697985555615,3.918131090190313,0.2597387083652487,1,1,,1,11dac8bc6402c8a0606489b6f695904b3474049e03e4937079b548126c18edac,11dac8bc6402c8a0606489b6f695904b3474049e03e4937079b548126c18edac,28fff26ea17e4dae13d899063d31ad9c736e797a4e3bc511fddf83cf24341050,/home/exouser/FORTE/gnp_style_continuous_20260830_125107/collection_long2/P5S0C_BRANCH_TELEMETRY/p5s0c_train_t5_r05_s5105_high_mu0.955667_GNP_S3_F4p1778698_R1_F4.17787_trajectory.csv,1,,0
p5s0c_train_t5_r05_s5105_high_mu0.955667_GNP_S3_F4p1778698_R2_F4.17787,p5s0c_train_t5_r05_s5105_high_mu0.955667,p5s0c_train_t5_root05_s5105,5,HIGH,0.9556674783451712,3,2,4.1778697985555615,3.9180687551629054,0.2598010433926561,1,1,,1,11dac8bc6402c8a0606489b6f695904b3474049e03e4937079b548126c18edac,11dac8bc6402c8a0606489b6f695904b3474049e03e4937079b548126c18edac,28fff26ea17e4dae13d899063d31ad9c736e797a4e3bc511fddf83cf24341050,/home/exouser/FORTE/gnp_style_continuous_20260830_125107/collection_long2/P5S0C_BRANCH_TELEMETRY/p5s0c_train_t5_r05_s5105_high_mu0.955667_GNP_S3_F4p1778698_R2_F4.17787_trajectory.csv,1,,0
p5s0c_train_t5_r05_s5105_high_mu0.955667_GNP_S4_F4p45636033_R1_F4.45636,p5s0c_train_t5_r05_s5105_high_mu0.955667,p5s0c_train_t5_root05_s5105,5,HIGH,0.9556674783451712,4,1,4.456360333739941,4.222805304070041,0.23355502966989938,1,1,,1,11dac8bc6402c8a0606489b6f695904b3474049e03e4937079b548126c18edac,11dac8bc6402c8a0606489b6f695904b3474049e03e4937079b548126c18edac,28fff26ea17e4dae13d899063d31ad9c736e797a4e3bc511fddf83cf24341050,/home/exouser/FORTE/gnp_style_continuous_20260830_125107/collection_long2/P5S0C_BRANCH_TELEMETRY/p5s0c_train_t5_r05_s5105_high_mu0.955667_GNP_S4_F4p45636033_R1_F4.45636_trajectory.csv,1,,0
p5s0c_train_t5_r05_s5105_high_mu0.955667_GNP_S4_F4p45636033_R2_F4.45636,p5s0c_train_t5_r05_s5105_high_mu0.955667,p5s0c_train_t5_root05_s5105,5,HIGH,0.9556674783451712,4,2,4.456360333739941,4.223077111048241,0.23328322269169988,1,1,,1,11dac8bc6402c8a0606489b6f695904b3474049e03e4937079b548126c18edac,11dac8bc6402c8a0606489b6f695904b3474049e03e4937079b548126c18edac,28fff26ea17e4dae13d899063d31ad9c736e797a4e3bc511fddf83cf24341050,/home/exouser/FORTE/gnp_style_continuous_20260830_125107/collection_long2/P5S0C_BRANCH_TELEMETRY/p5s0c_train_t5_r05_s5105_high_mu0.955667_GNP_S4_F4p45636033_R2_F4.45636_trajectory.csv,1,,0
p5s0c_train_t5_r05_s5105_high_mu0.955667_GNP_S5_F4p63573598_R1_F4.63574,p5s0c_train_t5_r05_s5105_high_mu0.955667,p5s0c_train_t5_root05_s5105,5,HIGH,0.9556674783451712,5,1,4.635735979216636,4.419549086322523,0.21618689289411286,1,1,,1,11dac8bc6402c8a0606489b6f695904b3474049e03e4937079b548126c18edac,11dac8bc6402c8a0606489b6f695904b3474049e03e4937079b548126c18edac,28fff26ea17e4dae13d899063d31ad9c736e797a4e3bc511fddf83cf24341050,/home/exouser/FORTE/gnp_style_continuous_20260830_125107/collection_long2/P5S0C_BRANCH_TELEMETRY/p5s0c_train_t5_r05_s5105_high_mu0.955667_GNP_S5_F4p63573598_R1_F4.63574_trajectory.csv,1,,0
p5s0c_train_t5_r05_s5105_high_mu0.955667_GNP_S5_F4p63573598_R2_F4.63574,p5s0c_train_t5_r05_s5105_high_mu0.955667,p5s0c_train_t5_root05_s5105,5,HIGH,0.9556674783451712,5,2,4.635735979216636,4.419424850646764,0.21631112856987222,1,1,,1,11dac8bc6402c8a0606489b6f695904b3474049e03e4937079b548126c18edac,11dac8bc6402c8a0606489b6f695904b3474049e03e4937079b548126c18edac,28fff26ea17e4dae13d899063d31ad9c736e797a4e3bc511fddf83cf24341050,/home/exouser/FORTE/gnp_style_continuous_20260830_125107/collection_long2/P5S0C_BRANCH_TELEMETRY/p5s0c_train_t5_r05_s5105_high_mu0.955667_GNP_S5_F4p63573598_R2_F4.63574_trajectory.csv,1,,0
p5s0c_train_t5_r05_s5105_low_mu0.212460_GNP_S1_F3p20475255_R1_F3.20475,p5s0c_train_t5_r05_s5105_low_mu0.212460,p5s0c_train_t5_root05_s5105,5,LOW,0.212459898799269,1,1,3.204752546533597,1.402503987268005e-21,3.204752546533597,1,0,full_task_failure,1,94a1d00880adf31f8086221c7c55f2111a82e51922c4a7cadd8b8198f1f764e9,94a1d00880adf31f8086221c7c55f2111a82e51922c4a7cadd8b8198f1f764e9,86156b206adb2ba9bb21641ab7b0b4bc8047bed949f51982047ebbe5e3c9b0fd,/home/exouser/FORTE/gnp_style_continuous_20260830_125107/collection_long2/P5S0C_BRANCH_TELEMETRY/p5s0c_train_t5_r05_s5105_low_mu0.212460_GNP_S1_F3p20475255_R1_F3.20475_trajectory.csv,1,,0
p5s0c_train_t5_r05_s5105_low_mu0.212460_GNP_S1_F3p20475255_R2_F3.20475,p5s0c_train_t5_r05_s5105_low_mu0.212460,p5s0c_train_t5_root05_s5105,5,LOW,0.212459898799269,1,2,3.204752546533597,8.26041845824831e-21,3.204752546533597,1,0,full_task_failure,1,94a1d00880adf31f8086221c7c55f2111a82e51922c4a7cadd8b8198f1f764e9,94a1d00880adf31f8086221c7c55f2111a82e51922c4a7cadd8b8198f1f764e9,86156b206adb2ba9bb21641ab7b0b4bc8047bed949f51982047ebbe5e3c9b0fd,/home/exouser/FORTE/gnp_style_continuous_20260830_125107/collection_long2/P5S0C_BRANCH_TELEMETRY/p5s0c_train_t5_r05_s5105_low_mu0.212460_GNP_S1_F3p20475255_R2_F3.20475_trajectory.csv,1,,0
p5s0c_train_t5_r05_s5105_low_mu0.212460_GNP_S2_F3p50168328_R1_F3.50168,p5s0c_train_t5_r05_s5105_low_mu0.212460,p5s0c_train_t5_root05_s5105,5,LOW,0.212459898799269,2,1,3.5016832827213094,1.0254053386424534e-18,3.5016832827213094,1,0,full_task_failure,1,94a1d00880adf31f8086221c7c55f2111a82e51922c4a7cadd8b8198f1f764e9,94a1d00880adf31f8086221c7c55f2111a82e51922c4a7cadd8b8198f1f764e9,86156b206adb2ba9bb21641ab7b0b4bc8047bed949f51982047ebbe5e3c9b0fd,/home/exouser/FORTE/gnp_style_continuous_20260830_125107/collection_long2/P5S0C_BRANCH_TELEMETRY/p5s0c_train_t5_r05_s5105_low_mu0.212460_GNP_S2_F3p50168328_R1_F3.50168_trajectory.csv,1,,0
p5s0c_train_t5_r05_s5105_low_mu0.212460_GNP_S2_F3p50168328_R2_F3.50168,p5s0c_train_t5_r05_s5105_low_mu0.212460,p5s0c_train_t5_root05_s5105,5,LOW,0.212459898799269,2,2,3.5016832827213094,1.688307877281087e-16,3.5016832827213094,1,0,full_task_failure,1,94a1d00880adf31f8086221c7c55f2111a82e51922c4a7cadd8b8198f1f764e9,94a1d00880adf31f8086221c7c55f2111a82e51922c4a7cadd8b8198f1f764e9,86156b206adb2ba9bb21641ab7b0b4bc8047bed949f51982047ebbe5e3c9b0fd,/home/exouser/FORTE/gnp_style_continuous_20260830_125107/collection_long2/P5S0C_BRANCH_TELEMETRY/p5s0c_train_t5_r05_s5105_low_mu0.212460_GNP_S2_F3p50168328_R2_F3.50168_trajectory.csv,1,,0
p5s0c_train_t5_r05_s5105_low_mu0.212460_GNP_S3_F3p8496685_R1_F3.84967,p5s0c_train_t5_r05_s5105_low_mu0.212460,p5s0c_train_t5_root05_s5105,5,LOW,0.212459898799269,3,1,3.8496685003493063,1.226801459211706e-13,3.8496685003491837,1,0,full_task_failure,1,94a1d00880adf31f8086221c7c55f2111a82e51922c4a7cadd8b8198f1f764e9,94a1d00880adf31f8086221c7c55f2111a82e51922c4a7cadd8b8198f1f764e9,86156b206adb2ba9bb21641ab7b0b4bc8047bed949f51982047ebbe5e3c9b0fd,/home/exouser/FORTE/gnp_style_continuous_20260830_125107/collection_long2/P5S0C_BRANCH_TELEMETRY/p5s0c_train_t5_r05_s5105_low_mu0.212460_GNP_S3_F3p8496685_R1_F3.84967_trajectory.csv,1,,0
p5s0c_train_t5_r05_s5105_low_mu0.212460_GNP_S3_F3p8496685_R2_F3.84967,p5s0c_train_t5_r05_s5105_low_mu0.212460,p5s0c_train_t5_root05_s5105,5,LOW,0.212459898799269,3,2,3.8496685003493063,2.389656839899097e-15,3.849668500349304,1,0,full_task_failure,1,94a1d00880adf31f8086221c7c55f2111a82e51922c4a7cadd8b8198f1f764e9,94a1d00880adf31f8086221c7c55f2111a82e51922c4a7cadd8b8198f1f764e9,86156b206adb2ba9bb21641ab7b0b4bc8047bed949f51982047ebbe5e3c9b0fd,/home/exouser/FORTE/gnp_style_continuous_20260830_125107/collection_long2/P5S0C_BRANCH_TELEMETRY/p5s0c_train_t5_r05_s5105_low_mu0.212460_GNP_S3_F3p8496685_R2_F3.84967_trajectory.csv,1,,0
p5s0c_train_t5_r05_s5105_low_mu0.212460_GNP_S4_F4p538141_R1_F4.53814,p5s0c_train_t5_r05_s5105_low_mu0.212460,p5s0c_train_t5_root05_s5105,5,LOW,0.212459898799269,4,1,4.5381410013675305,0.3468980712649297,4.191242930102601,1,0,full_task_failure,1,94a1d00880adf31f8086221c7c55f2111a82e51922c4a7cadd8b8198f1f764e9,94a1d00880adf31f8086221c7c55f2111a82e51922c4a7cadd8b8198f1f764e9,86156b206adb2ba9bb21641ab7b0b4bc8047bed949f51982047ebbe5e3c9b0fd,/home/exouser/FORTE/gnp_style_continuous_20260830_125107/collection_long2/P5S0C_BRANCH_TELEMETRY/p5s0c_train_t5_r05_s5105_low_mu0.212460_GNP_S4_F4p538141_R1_F4.53814_trajectory.csv,1,,0
p5s0c_train_t5_r05_s5105_low_mu0.212460_GNP_S4_F4p538141_R2_F4.53814,p5s0c_train_t5_r05_s5105_low_mu0.212460,p5s0c_train_t5_root05_s5105,5,LOW,0.212459898799269,4,2,4.5381410013675305,0.2449792710997805,4.29316173026775,1,0,full_task_failure,1,94a1d00880adf31f8086221c7c55f2111a82e51922c4a7cadd8b8198f1f764e9,94a1d00880adf31f8086221c7c55f2111a82e51922c4a7cadd8b8198f1f764e9,86156b206adb2ba9bb21641ab7b0b4bc8047bed949f51982047ebbe5e3c9b0fd,/home/exouser/FORTE/gnp_style_continuous_20260830_125107/collection_long2/P5S0C_BRANCH_TELEMETRY/p5s0c_train_t5_r05_s5105_low_mu0.212460_GNP_S4_F4p538141_R2_F4.53814_trajectory.csv,1,,0
p5s0c_train_t5_r05_s5105_low_mu0.212460_GNP_S5_F4p81407274_R1_F4.81407,p5s0c_train_t5_r05_s5105_low_mu0.212460,p5s0c_train_t5_root05_s5105,5,LOW,0.212459898799269,5,1,4.814072737911314,0.6711727348691956,4.142900003042119,1,0,full_task_failure,1,94a1d00880adf31f8086221c7c55f2111a82e51922c4a7cadd8b8198f1f764e9,94a1d00880adf31f8086221c7c55f2111a82e51922c4a7cadd8b8198f1f764e9,86156b206adb2ba9bb21641ab7b0b4bc8047bed949f51982047ebbe5e3c9b0fd,/home/exouser/FORTE/gnp_style_continuous_20260830_125107/collection_long2/P5S0C_BRANCH_TELEMETRY/p5s0c_train_t5_r05_s5105_low_mu0.212460_GNP_S5_F4p81407274_R1_F4.81407_trajectory.csv,1,,0
p5s0c_train_t5_r05_s5105_low_mu0.212460_GNP_S5_F4p81407274_R2_F4.81407,p5s0c_train_t5_r05_s5105_low_mu0.212460,p5s0c_train_t5_root05_s5105,5,LOW,0.212459898799269,5,2,4.814072737911314,4.645579801846857,0.1684929360644567,1,1,,1,94a1d00880adf31f8086221c7c55f2111a82e51922c4a7cadd8b8198f1f764e9,94a1d00880adf31f8086221c7c55f2111a82e51922c4a7cadd8b8198f1f764e9,86156b206adb2ba9bb21641ab7b0b4bc8047bed949f51982047ebbe5e3c9b0fd,/home/exouser/FORTE/gnp_style_continuous_20260830_125107/collection_long2/P5S0C_BRANCH_TELEMETRY/p5s0c_train_t5_r05_s5105_low_mu0.212460_GNP_S5_F4p81407274_R2_F4.81407_trajectory.csv,1,,0
p5s0c_train_t5_r05_s5105_mid_mu0.478580_GNP_S1_F3p36764687_R1_F3.36765,p5s0c_train_t5_r05_s5105_mid_mu0.478580,p5s0c_train_t5_root05_s5105,5,MID,0.4785796961711498,1,1,3.3676468721425934,0.3121507160975924,3.055496156045001,1,0,full_task_failure,1,3589343767bab9402881c1a7d623349fde3454b525848b93572e6123ec4802b4,3589343767bab9402881c1a7d623349fde3454b525848b93572e6123ec4802b4,9d270031fe6d029451032568e6638cd424ebfed60e17486d296aa2766bcbbe75,/home/exouser/FORTE/gnp_style_continuous_20260830_125107/collection_long2/P5S0C_BRANCH_TELEMETRY/p5s0c_train_t5_r05_s5105_mid_mu0.478580_GNP_S1_F3p36764687_R1_F3.36765_trajectory.csv,1,,0
p5s0c_train_t5_r05_s5105_mid_mu0.478580_GNP_S1_F3p36764687_R2_F3.36765,p5s0c_train_t5_r05_s5105_mid_mu0.478580,p5s0c_train_t5_root05_s5105,5,MID,0.4785796961711498,1,2,3.3676468721425934,0.1582637696324514,3.209383102510142,1,0,full_task_failure,1,3589343767bab9402881c1a7d623349fde3454b525848b93572e6123ec4802b4,3589343767bab9402881c1a7d623349fde3454b525848b93572e6123ec4802b4,9d270031fe6d029451032568e6638cd424ebfed60e17486d296aa2766bcbbe75,/home/exouser/FORTE/gnp_style_continuous_20260830_125107/collection_long2/P5S0C_BRANCH_TELEMETRY/p5s0c_train_t5_r05_s5105_mid_mu0.478580_GNP_S1_F3p36764687_R2_F3.36765_trajectory.csv,1,,0
p5s0c_train_t5_r05_s5105_mid_mu0.478580_GNP_S2_F3p40360035_R1_F3.4036,p5s0c_train_t5_r05_s5105_mid_mu0.478580,p5s0c_train_t5_root05_s5105,5,MID,0.4785796961711498,2,1,3.4036003543621374,0.4089904382646714,2.994609916097466,1,0,full_task_failure,1,3589343767bab9402881c1a7d623349fde3454b525848b93572e6123ec4802b4,3589343767bab9402881c1a7d623349fde3454b525848b93572e6123ec4802b4,9d270031fe6d029451032568e6638cd424ebfed60e17486d296aa2766bcbbe75,/home/exouser/FORTE/gnp_style_continuous_20260830_125107/collection_long2/P5S0C_BRANCH_TELEMETRY/p5s0c_train_t5_r05_s5105_mid_mu0.478580_GNP_S2_F3p40360035_R1_F3.4036_trajectory.csv,1,,0
p5s0c_train_t5_r05_s5105_mid_mu0.478580_GNP_S2_F3p40360035_R2_F3.4036,p5s0c_train_t5_r05_s5105_mid_mu0.478580,p5s0c_train_t5_root05_s5105,5,MID,0.4785796961711498,2,2,3.4036003543621374,3.0475171134896475,0.3560832408724899,1,1,,1,3589343767bab9402881c1a7d623349fde3454b525848b93572e6123ec4802b4,3589343767bab9402881c1a7d623349fde3454b525848b93572e6123ec4802b4,9d270031fe6d029451032568e6638cd424ebfed60e17486d296aa2766bcbbe75,/home/exouser/FORTE/gnp_style_continuous_20260830_125107/collection_long2/P5S0C_BRANCH_TELEMETRY/p5s0c_train_t5_r05_s5105_mid_mu0.478580_GNP_S2_F3p40360035_R2_F3.4036_trajectory.csv,1,,0
p5s0c_train_t5_r05_s5105_mid_mu0.478580_GNP_S3_F3p95989897_R1_F3.9599,p5s0c_train_t5_r05_s5105_mid_mu0.478580,p5s0c_train_t5_root05_s5105,5,MID,0.4785796961711498,3,1,3.959898972486841,3.707385131757553,0.2525138407292884,1,1,,1,3589343767bab9402881c1a7d623349fde3454b525848b93572e6123ec4802b4,3589343767bab9402881c1a7d623349fde3454b525848b93572e6123ec4802b4,9d270031fe6d029451032568e6638cd424ebfed60e17486d296aa2766bcbbe75,/home/exouser/FORTE/gnp_style_continuous_20260830_125107/collection_long2/P5S0C_BRANCH_TELEMETRY/p5s0c_train_t5_r05_s5105_mid_mu0.478580_GNP_S3_F3p95989897_R1_F3.9599_trajectory.csv,1,,0
p5s0c_train_t5_r05_s5105_mid_mu0.478580_GNP_S3_F3p95989897_R2_F3.9599,p5s0c_train_t5_r05_s5105_mid_mu0.478580,p5s0c_train_t5_root05_s5105,5,MID,0.4785796961711498,3,2,3.959898972486841,3.708231302156841,0.25166767033000026,1,1,,1,3589343767bab9402881c1a7d623349fde3454b525848b93572e6123ec4802b4,3589343767bab9402881c1a7d623349fde3454b525848b93572e6123ec4802b4,9d270031fe6d029451032568e6638cd424ebfed60e17486d296aa2766bcbbe75,/home/exouser/FORTE/gnp_style_continuous_20260830_125107/collection_long2/P5S0C_BRANCH_TELEMETRY/p5s0c_train_t5_r05_s5105_mid_mu0.478580_GNP_S3_F3p95989897_R2_F3.9599_trajectory.csv,1,,0
p5s0c_train_t5_r05_s5105_mid_mu0.478580_GNP_S4_F4p25476386_R1_F4.25476,p5s0c_train_t5_r05_s5105_mid_mu0.478580,p5s0c_train_t5_root05_s5105,5,MID,0.4785796961711498,4,1,4.2547638588195005,4.039145074478568,0.21561878434093273,1,1,,1,3589343767bab9402881c1a7d623349fde3454b525848b93572e6123ec4802b4,3589343767bab9402881c1a7d623349fde3454b525848b93572e6123ec4802b4,9d270031fe6d029451032568e6638cd424ebfed60e17486d296aa2766bcbbe75,/home/exouser/FORTE/gnp_style_continuous_20260830_125107/collection_long2/P5S0C_BRANCH_TELEMETRY/p5s0c_train_t5_r05_s5105_mid_mu0.478580_GNP_S4_F4p25476386_R1_F4.25476_trajectory.csv,1,,0
p5s0c_train_t5_r05_s5105_mid_mu0.478580_GNP_S4_F4p25476386_R2_F4.25476,p5s0c_train_t5_r05_s5105_mid_mu0.478580,p5s0c_train_t5_root05_s5105,5,MID,0.4785796961711498,4,2,4.2547638588195005,4.039620105534384,0.21514375328511637,1,1,,1,3589343767bab9402881c1a7d623349fde3454b525848b93572e6123ec4802b4,3589343767bab9402881c1a7d623349fde3454b525848b93572e6123ec4802b4,9d270031fe6d029451032568e6638cd424ebfed60e17486d296aa2766bcbbe75,/home/exouser/FORTE/gnp_style_continuous_20260830_125107/collection_long2/P5S0C_BRANCH_TELEMETRY/p5s0c_train_t5_r05_s5105_mid_mu0.478580_GNP_S4_F4p25476386_R2_F4.25476_trajectory.csv,1,,0
p5s0c_train_t5_r05_s5105_mid_mu0.478580_GNP_S5_F4p67881341_R1_F4.67881,p5s0c_train_t5_r05_s5105_mid_mu0.478580,p5s0c_train_t5_root05_s5105,5,MID,0.4785796961711498,5,1,4.678813412135296,4.52392021923849,0.1548931928968056,1,1,,1,3589343767bab9402881c1a7d623349fde3454b525848b93572e6123ec4802b4,3589343767bab9402881c1a7d623349fde3454b525848b93572e6123ec4802b4,9d270031fe6d029451032568e6638cd424ebfed60e17486d296aa2766bcbbe75,/home/exouser/FORTE/gnp_style_continuous_20260830_125107/collection_long2/P5S0C_BRANCH_TELEMETRY/p5s0c_train_t5_r05_s5105_mid_mu0.478580_GNP_S5_F4p67881341_R1_F4.67881_trajectory.csv,1,,0
p5s0c_train_t5_r05_s5105_mid_mu0.478580_GNP_S5_F4p67881341_R2_F4.67881,p5s0c_train_t5_r05_s5105_mid_mu0.478580,p5s0c_train_t5_root05_s5105,5,MID,0.4785796961711498,5,2,4.678813412135296,4.5245934871778095,0.15421992495748604,1,1,,1,3589343767bab9402881c1a7d623349fde3454b525848b93572e6123ec4802b4,3589343767bab9402881c1a7d623349fde3454b525848b93572e6123ec4802b4,9d270031fe6d029451032568e6638cd424ebfed60e17486d296aa2766bcbbe75,/home/exouser/FORTE/gnp_style_continuous_20260830_125107/collection_long2/P5S0C_BRANCH_TELEMETRY/p5s0c_train_t5_r05_s5105_mid_mu0.478580_GNP_S5_F4p67881341_R2_F4.67881_trajectory.csv,1,,0
p5s0c_train_t6_r00_s5100_high_mu0.989348_GNP_S1_F3p11893985_R1_F3.11894,p5s0c_train_t6_r00_s5100_high_mu0.989348,p5s0c_train_t6_root00_s5100,6,HIGH,0.9893482298937868,1,1,3.118939854783293,3.2784402519464493,0.15950039716315612,1,1,,1,f1a2030e2bbb8b6101b07a2657c6dc1c5b9ed88db990f6c14280ffc102a163bc,f1a2030e2bbb8b6101b07a2657c6dc1c5b9ed88db990f6c14280ffc102a163bc,04d0749832902a26b8f8290be2925cf4cb5757746d4fe6510919aba543b56c9f,/home/exouser/FORTE/gnp_style_continuous_20260830_125107/collection_long2/P5S0C_BRANCH_TELEMETRY/p5s0c_train_t6_r00_s5100_high_mu0.989348_GNP_S1_F3p11893985_R1_F3.11894_trajectory.csv,1,,0
p5s0c_train_t6_r00_s5100_high_mu0.989348_GNP_S1_F3p11893985_R2_F3.11894,p5s0c_train_t6_r00_s5100_high_mu0.989348,p5s0c_train_t6_root00_s5100,6,HIGH,0.9893482298937868,1,2,3.118939854783293,3.2784626364707945,0.15952278168750134,1,1,,1,f1a2030e2bbb8b6101b07a2657c6dc1c5b9ed88db990f6c14280ffc102a163bc,f1a2030e2bbb8b6101b07a2657c6dc1c5b9ed88db990f6c14280ffc102a163bc,04d0749832902a26b8f8290be2925cf4cb5757746d4fe6510919aba543b56c9f,/home/exouser/FORTE/gnp_style_continuous_20260830_125107/collection_long2/P5S0C_BRANCH_TELEMETRY/p5s0c_train_t6_r00_s5100_high_mu0.989348_GNP_S1_F3p11893985_R2_F3.11894_trajectory.csv,1,,0
p5s0c_train_t6_r00_s5100_high_mu0.989348_GNP_S2_F3p37453621_R1_F3.37454,p5s0c_train_t6_r00_s5100_high_mu0.989348,p5s0c_train_t6_root00_s5100,6,HIGH,0.9893482298937868,2,1,3.374536206490053,3.5591635942459106,0.18462738775585752,1,1,,1,f1a2030e2bbb8b6101b07a2657c6dc1c5b9ed88db990f6c14280ffc102a163bc,f1a2030e2bbb8b6101b07a2657c6dc1c5b9ed88db990f6c14280ffc102a163bc,04d0749832902a26b8f8290be2925cf4cb5757746d4fe6510919aba543b56c9f,/home/exouser/FORTE/gnp_style_continuous_20260830_125107/collection_long2/P5S0C_BRANCH_TELEMETRY/p5s0c_train_t6_r00_s5100_high_mu0.989348_GNP_S2_F3p37453621_R1_F3.37454_trajectory.csv,1,,0
p5s0c_train_t6_r00_s5100_high_mu0.989348_GNP_S2_F3p37453621_R2_F3.37454,p5s0c_train_t6_r00_s5100_high_mu0.989348,p5s0c_train_t6_root00_s5100,6,HIGH,0.9893482298937868,2,2,3.374536206490053,3.5592810690402983,0.18474486255024525,1,1,,1,f1a2030e2bbb8b6101b07a2657c6dc1c5b9ed88db990f6c14280ffc102a163bc,f1a2030e2bbb8b6101b07a2657c6dc1c5b9ed88db990f6c14280ffc102a163bc,04d0749832902a26b8f8290be2925cf4cb5757746d4fe6510919aba543b56c9f,/home/exouser/FORTE/gnp_style_continuous_20260830_125107/collection_long2/P5S0C_BRANCH_TELEMETRY/p5s0c_train_t6_r00_s5100_high_mu0.989348_GNP_S2_F3p37453621_R2_F3.37454_trajectory.csv,1,,0
p5s0c_train_t6_r00_s5100_high_mu0.989348_GNP_S3_F3p42056181_R1_F3.42056,p5s0c_train_t6_r00_s5100_high_mu0.989348,p5s0c_train_t6_root00_s5100,6,HIGH,0.9893482298937868,3,1,3.420561812221824,3.609158161282539,0.18859634906071499,1,1,,1,f1a2030e2bbb8b6101b07a2657c6dc1c5b9ed88db990f6c14280ffc102a163bc,f1a2030e2bbb8b6101b07a2657c6dc1c5b9ed88db990f6c14280ffc102a163bc,04d0749832902a26b8f8290be2925cf4cb5757746d4fe6510919aba543b56c9f,/home/exouser/FORTE/gnp_style_continuous_20260830_125107/collection_long2/P5S0C_BRANCH_TELEMETRY/p5s0c_train_t6_r00_s5100_high_mu0.989348_GNP_S3_F3p42056181_R1_F3.42056_trajectory.csv,1,,0
p5s0c_train_t6_r00_s5100_high_mu0.989348_GNP_S3_F3p42056181_R2_F3.42056,p5s0c_train_t6_r00_s5100_high_mu0.989348,p5s0c_train_t6_root00_s5100,6,HIGH,0.9893482298937868,3,2,3.420561812221824,3.609244051575661,0.18868223935383677,1,1,,1,f1a2030e2bbb8b6101b07a2657c6dc1c5b9ed88db990f6c14280ffc102a163bc,f1a2030e2bbb8b6101b07a2657c6dc1c5b9ed88db990f6c14280ffc102a163bc,04d0749832902a26b8f8290be2925cf4cb5757746d4fe6510919aba543b56c9f,/home/exouser/FORTE/gnp_style_continuous_20260830_125107/collection_long2/P5S0C_BRANCH_TELEMETRY/p5s0c_train_t6_r00_s5100_high_mu0.989348_GNP_S3_F3p42056181_R2_F3.42056_trajectory.csv,1,,0
p5s0c_train_t6_r00_s5100_high_mu0.989348_GNP_S4_F3p71164994_R1_F3.71165,p5s0c_train_t6_r00_s5100_high_mu0.989348,p5s0c_train_t6_root00_s5100,6,HIGH,0.9893482298937868,4,1,3.711649944351442,3.925745984911919,0.21409604056047726,1,1,,1,f1a2030e2bbb8b6101b07a2657c6dc1c5b9ed88db990f6c14280ffc102a163bc,f1a2030e2bbb8b6101b07a2657c6dc1c5b9ed88db990f6c14280ffc102a163bc,04d0749832902a26b8f8290be2925cf4cb5757746d4fe6510919aba543b56c9f,/home/exouser/FORTE/gnp_style_continuous_20260830_125107/collection_long2/P5S0C_BRANCH_TELEMETRY/p5s0c_train_t6_r00_s5100_high_mu0.989348_GNP_S4_F3p71164994_R1_F3.71165_trajectory.csv,1,,0
p5s0c_train_t6_r00_s5100_high_mu0.989348_GNP_S4_F3p71164994_R2_F3.71165,p5s0c_train_t6_r00_s5100_high_mu0.989348,p5s0c_train_t6_root00_s5100,6,HIGH,0.9893482298937868,4,2,3.711649944351442,3.925937423110008,0.21428747875856624,1,1,,1,f1a2030e2bbb8b6101b07a2657c6dc1c5b9ed88db990f6c14280ffc102a163bc,f1a2030e2bbb8b6101b07a2657c6dc1c5b9ed88db990f6c14280ffc102a163bc,04d0749832902a26b8f8290be2925cf4cb5757746d4fe6510919aba543b56c9f,/home/exouser/FORTE/gnp_style_continuous_20260830_125107/collection_long2/P5S0C_BRANCH_TELEMETRY/p5s0c_train_t6_r00_s5100_high_mu0.989348_GNP_S4_F3p71164994_R2_F3.71165_trajectory.csv,1,,0
p5s0c_train_t6_r00_s5100_high_mu0.989348_GNP_S5_F3p90206306_R1_F3.90206,p5s0c_train_t6_r00_s5100_high_mu0.989348,p5s0c_train_t6_root00_s5100,6,HIGH,0.9893482298937868,5,1,3.9020630571708086,4.132669699192047,0.2306066420212387,1,1,,1,f1a2030e2bbb8b6101b07a2657c6dc1c5b9ed88db990f6c14280ffc102a163bc,f1a2030e2bbb8b6101b07a2657c6dc1c5b9ed88db990f6c14280ffc102a163bc,04d0749832902a26b8f8290be2925cf4cb5757746d4fe6510919aba543b56c9f,/home/exouser/FORTE/gnp_style_continuous_20260830_125107/collection_long2/P5S0C_BRANCH_TELEMETRY/p5s0c_train_t6_r00_s5100_high_mu0.989348_GNP_S5_F3p90206306_R1_F3.90206_trajectory.csv,1,,0
p5s0c_train_t6_r00_s5100_high_mu0.989348_GNP_S5_F3p90206306_R2_F3.90206,p5s0c_train_t6_r00_s5100_high_mu0.989348,p5s0c_train_t6_root00_s5100,6,HIGH,0.9893482298937868,5,2,3.9020630571708086,4.132606440782547,0.23054338361173876,1,1,,1,f1a2030e2bbb8b6101b07a2657c6dc1c5b9ed88db990f6c14280ffc102a163bc,f1a2030e2bbb8b6101b07a2657c6dc1c5b9ed88db990f6c14280ffc102a163bc,04d0749832902a26b8f8290be2925cf4cb5757746d4fe6510919aba543b56c9f,/home/exouser/FORTE/gnp_style_continuous_20260830_125107/collection_long2/P5S0C_BRANCH_TELEMETRY/p5s0c_train_t6_r00_s5100_high_mu0.989348_GNP_S5_F3p90206306_R2_F3.90206_trajectory.csv,1,,0
p5s0c_train_t6_r00_s5100_low_mu0.257577_GNP_S1_F3p10867609_R1_F3.10868,p5s0c_train_t6_r00_s5100_low_mu0.257577,p5s0c_train_t6_root00_s5100,6,LOW,0.2575768733744629,1,1,3.1086760894420093,3.3068423956632613,0.19816630622125198,1,1,,1,e94fd8286e84995befed61013417dee1de5a8649ba33d56b5e53d17215d84e36,e94fd8286e84995befed61013417dee1de5a8649ba33d56b5e53d17215d84e36,480fd4ee479845246454de659af45534e9d033413602bc45c1543d8df311776e,/home/exouser/FORTE/gnp_style_continuous_20260830_125107/collection_long2/P5S0C_BRANCH_TELEMETRY/p5s0c_train_t6_r00_s5100_low_mu0.257577_GNP_S1_F3p10867609_R1_F3.10868_trajectory.csv,1,,0
p5s0c_train_t6_r00_s5100_low_mu0.257577_GNP_S1_F3p10867609_R2_F3.10868,p5s0c_train_t6_r00_s5100_low_mu0.257577,p5s0c_train_t6_root00_s5100,6,LOW,0.2575768733744629,1,2,3.1086760894420093,3.3042336493730544,0.19555755993104507,1,1,,1,e94fd8286e84995befed61013417dee1de5a8649ba33d56b5e53d17215d84e36,e94fd8286e84995befed61013417dee1de5a8649ba33d56b5e53d17215d84e36,480fd4ee479845246454de659af45534e9d033413602bc45c1543d8df311776e,/home/exouser/FORTE/gnp_style_continuous_20260830_125107/collection_long2/P5S0C_BRANCH_TELEMETRY/p5s0c_train_t6_r00_s5100_low_mu0.257577_GNP_S1_F3p10867609_R2_F3.10868_trajectory.csv,1,,0
p5s0c_train_t6_r00_s5100_low_mu0.257577_GNP_S2_F3p35218984_R1_F3.35219,p5s0c_train_t6_r00_s5100_low_mu0.257577,p5s0c_train_t6_root00_s5100,6,LOW,0.2575768733744629,2,1,3.3521898449851317,3.5475326508283613,0.1953428058432296,1,1,,1,e94fd8286e84995befed61013417dee1de5a8649ba33d56b5e53d17215d84e36,e94fd8286e84995befed61013417dee1de5a8649ba33d56b5e53d17215d84e36,480fd4ee479845246454de659af45534e9d033413602bc45c1543d8df311776e,/home/exouser/FORTE/gnp_style_continuous_20260830_125107/collection_long2/P5S0C_BRANCH_TELEMETRY/p5s0c_train_t6_r00_s5100_low_mu0.257577_GNP_S2_F3p35218984_R1_F3.35219_trajectory.csv,1,,0
p5s0c_train_t6_r00_s5100_low_mu0.257577_GNP_S2_F3p35218984_R2_F3.35219,p5s0c_train_t6_r00_s5100_low_mu0.257577,p5s0c_train_t6_root00_s5100,6,LOW,0.2575768733744629,2,2,3.3521898449851317,3.559374612569809,0.2071847675846774,1,1,,1,e94fd8286e84995befed61013417dee1de5a8649ba33d56b5e53d17215d84e36,e94fd8286e84995befed61013417dee1de5a8649ba33d56b5e53d17215d84e36,480fd4ee479845246454de659af45534e9d033413602bc45c1543d8df311776e,/home/exouser/FORTE/gnp_style_continuous_20260830_125107/collection_long2/P5S0C_BRANCH_TELEMETRY/p5s0c_train_t6_r00_s5100_low_mu0.257577_GNP_S2_F3p35218984_R2_F3.35219_trajectory.csv,1,,0
p5s0c_train_t6_r00_s5100_low_mu0.257577_GNP_S3_F3p53833655_R1_F3.53834,p5s0c_train_t6_r00_s5100_low_mu0.257577,p5s0c_train_t6_root00_s5100,6,LOW,0.2575768733744629,3,1,3.53833654766595,3.743063619732857,0.20472707206690677,1,1,,1,e94fd8286e84995befed61013417dee1de5a8649ba33d56b5e53d17215d84e36,e94fd8286e84995befed61013417dee1de5a8649ba33d56b5e53d17215d84e36,480fd4ee479845246454de659af45534e9d033413602bc45c1543d8df311776e,/home/exouser/FORTE/gnp_style_continuous_20260830_125107/collection_long2/P5S0C_BRANCH_TELEMETRY/p5s0c_train_t6_r00_s5100_low_mu0.257577_GNP_S3_F3p53833655_R1_F3.53834_trajectory.csv,1,,0
p5s0c_train_t6_r00_s5100_low_mu0.257577_GNP_S3_F3p53833655_R2_F3.53834,p5s0c_train_t6_r00_s5100_low_mu0.257577,p5s0c_train_t6_root00_s5100,6,LOW,0.2575768733744629,3,2,3.53833654766595,3.759573695063591,0.2212371473976411,1,1,,1,e94fd8286e84995befed61013417dee1de5a8649ba33d56b5e53d17215d84e36,e94fd8286e84995befed61013417dee1de5a8649ba33d56b5e53d17215d84e36,480fd4ee479845246454de659af45534e9d033413602bc45c1543d8df311776e,/home/exouser/FORTE/gnp_style_continuous_20260830_125107/collection_long2/P5S0C_BRANCH_TELEMETRY/p5s0c_train_t6_r00_s5100_low_mu0.257577_GNP_S3_F3p53833655_R2_F3.53834_trajectory.csv,1,,0
p5s0c_train_t6_r00_s5100_low_mu0.257577_GNP_S4_F3p76619362_R1_F3.76619,p5s0c_train_t6_r00_s5100_low_mu0.257577,p5s0c_train_t6_root00_s5100,6,LOW,0.2575768733744629,4,1,3.766193618328142,3.837418279051781,0.07122466072363887,1,1,,1,e94fd8286e84995befed61013417dee1de5a8649ba33d56b5e53d17215d84e36,e94fd8286e84995befed61013417dee1de5a8649ba33d56b5e53d17215d84e36,480fd4ee479845246454de659af45534e9d033413602bc45c1543d8df311776e,/home/exouser/FORTE/gnp_style_continuous_20260830_125107/collection_long2/P5S0C_BRANCH_TELEMETRY/p5s0c_train_t6_r00_s5100_low_mu0.257577_GNP_S4_F3p76619362_R1_F3.76619_trajectory.csv,1,,0
p5s0c_train_t6_r00_s5100_low_mu0.257577_GNP_S4_F3p76619362_R2_F3.76619,p5s0c_train_t6_r00_s5100_low_mu0.257577,p5s0c_train_t6_root00_s5100,6,LOW,0.2575768733744629,4,2,3.766193618328142,3.994621354341507,0.22842773601336486,1,1,,1,e94fd8286e84995befed61013417dee1de5a8649ba33d56b5e53d17215d84e36,e94fd8286e84995befed61013417dee1de5a8649ba33d56b5e53d17215d84e36,480fd4ee479845246454de659af45534e9d033413602bc45c1543d8df311776e,/home/exouser/FORTE/gnp_style_continuous_20260830_125107/collection_long2/P5S0C_BRANCH_TELEMETRY/p5s0c_train_t6_r00_s5100_low_mu0.257577_GNP_S4_F3p76619362_R2_F3.76619_trajectory.csv,1,,0
p5s0c_train_t6_r00_s5100_low_mu0.257577_GNP_S5_F3p80020056_R1_F3.8002,p5s0c_train_t6_r00_s5100_low_mu0.257577,p5s0c_train_t6_root00_s5100,6,LOW,0.2575768733744629,5,1,3.800200564455172,4.06513397693634,0.264933412481168,1,1,,1,e94fd8286e84995befed61013417dee1de5a8649ba33d56b5e53d17215d84e36,e94fd8286e84995befed61013417dee1de5a8649ba33d56b5e53d17215d84e36,480fd4ee479845246454de659af45534e9d033413602bc45c1543d8df311776e,/home/exouser/FORTE/gnp_style_continuous_20260830_125107/collection_long2/P5S0C_BRANCH_TELEMETRY/p5s0c_train_t6_r00_s5100_low_mu0.257577_GNP_S5_F3p80020056_R1_F3.8002_trajectory.csv,1,,0
p5s0c_train_t6_r00_s5100_low_mu0.257577_GNP_S5_F3p80020056_R2_F3.8002,p5s0c_train_t6_r00_s5100_low_mu0.257577,p5s0c_train_t6_root00_s5100,6,LOW,0.2575768733744629,5,2,3.800200564455172,4.053260731697082,0.25306016724191016,1,1,,1,e94fd8286e84995befed61013417dee1de5a8649ba33d56b5e53d17215d84e36,e94fd8286e84995befed61013417dee1de5a8649ba33d56b5e53d17215d84e36,480fd4ee479845246454de659af45534e9d033413602bc45c1543d8df311776e,/home/exouser/FORTE/gnp_style_continuous_20260830_125107/collection_long2/P5S0C_BRANCH_TELEMETRY/p5s0c_train_t6_r00_s5100_low_mu0.257577_GNP_S5_F3p80020056_R2_F3.8002_trajectory.csv,1,,0
p5s0c_train_t6_r00_s5100_mid_mu0.558595_GNP_S1_F3p03215053_R1_F3.03215,p5s0c_train_t6_r00_s5100_mid_mu0.558595,p5s0c_train_t6_root00_s5100,6,MID,0.5585950380614311,1,1,3.0321505346765973,3.183516708016396,0.15136617333979885,1,1,,1,2bda54b8d78e1336d98a30e32b95d1d2eba14e3cdf10496414456a5926c002b2,2bda54b8d78e1336d98a30e32b95d1d2eba14e3cdf10496414456a5926c002b2,5c48d7f9e320740dbc9039b4dd595876e3bf697f16e2835da4aaaf1598ccee96,/home/exouser/FORTE/gnp_style_continuous_20260830_125107/collection_long2/P5S0C_BRANCH_TELEMETRY/p5s0c_train_t6_r00_s5100_mid_mu0.558595_GNP_S1_F3p03215053_R1_F3.03215_trajectory.csv,1,,0
p5s0c_train_t6_r00_s5100_mid_mu0.558595_GNP_S1_F3p03215053_R2_F3.03215,p5s0c_train_t6_r00_s5100_mid_mu0.558595,p5s0c_train_t6_root00_s5100,6,MID,0.5585950380614311,1,2,3.0321505346765973,3.1744137436151503,0.14226320893855293,1,1,,1,2bda54b8d78e1336d98a30e32b95d1d2eba14e3cdf10496414456a5926c002b2,2bda54b8d78e1336d98a30e32b95d1d2eba14e3cdf10496414456a5926c002b2,5c48d7f9e320740dbc9039b4dd595876e3bf697f16e2835da4aaaf1598ccee96,/home/exouser/FORTE/gnp_style_continuous_20260830_125107/collection_long2/P5S0C_BRANCH_TELEMETRY/p5s0c_train_t6_r00_s5100_mid_mu0.558595_GNP_S1_F3p03215053_R2_F3.03215_trajectory.csv,1,,0
p5s0c_train_t6_r00_s5100_mid_mu0.558595_GNP_S2_F3p39717655_R1_F3.39718,p5s0c_train_t6_r00_s5100_mid_mu0.558595,p5s0c_train_t6_root00_s5100,6,MID,0.5585950380614311,2,1,3.3971765458778984,3.600121334195137,0.2029447883172386,1,1,,1,2bda54b8d78e1336d98a30e32b95d1d2eba14e3cdf10496414456a5926c002b2,2bda54b8d78e1336d98a30e32b95d1d2eba14e3cdf10496414456a5926c002b2,5c48d7f9e320740dbc9039b4dd595876e3bf697f16e2835da4aaaf1598ccee96,/home/exouser/FORTE/gnp_style_continuous_20260830_125107/collection_long2/P5S0C_BRANCH_TELEMETRY/p5s0c_train_t6_r00_s5100_mid_mu0.558595_GNP_S2_F3p39717655_R1_F3.39718_trajectory.csv,1,,0
p5s0c_train_t6_r00_s5100_mid_mu0.558595_GNP_S2_F3p39717655_R2_F3.39718,p5s0c_train_t6_r00_s5100_mid_mu0.558595,p5s0c_train_t6_root00_s5100,6,MID,0.5585950380614311,2,2,3.3971765458778984,3.6021943509578707,0.20501780507997225,1,1,,1,2bda54b8d78e1336d98a30e32b95d1d2eba14e3cdf10496414456a5926c002b2,2bda54b8d78e1336d98a30e32b95d1d2eba14e3cdf10496414456a5926c002b2,5c48d7f9e320740dbc9039b4dd595876e3bf697f16e2835da4aaaf1598ccee96,/home/exouser/FORTE/gnp_style_continuous_20260830_125107/collection_long2/P5S0C_BRANCH_TELEMETRY/p5s0c_train_t6_r00_s5100_mid_mu0.558595_GNP_S2_F3p39717655_R2_F3.39718_trajectory.csv,1,,0
p5s0c_train_t6_r00_s5100_mid_mu0.558595_GNP_S3_F3p58367358_R1_F3.58367,p5s0c_train_t6_r00_s5100_mid_mu0.558595,p5s0c_train_t6_root00_s5100,6,MID,0.5585950380614311,3,1,3.5836735770025565,3.807353502511978,0.22367992550942128,1,1,,1,2bda54b8d78e1336d98a30e32b95d1d2eba14e3cdf10496414456a5926c002b2,2bda54b8d78e1336d98a30e32b95d1d2eba14e3cdf10496414456a5926c002b2,5c48d7f9e320740dbc9039b4dd595876e3bf697f16e2835da4aaaf1598ccee96,/home/exouser/FORTE/gnp_style_continuous_20260830_125107/collection_long2/P5S0C_BRANCH_TELEMETRY/p5s0c_train_t6_r00_s5100_mid_mu0.558595_GNP_S3_F3p58367358_R1_F3.58367_trajectory.csv,1,,0
p5s0c_train_t6_r00_s5100_mid_mu0.558595_GNP_S3_F3p58367358_R2_F3.58367,p5s0c_train_t6_r00_s5100_mid_mu0.558595,p5s0c_train_t6_root00_s5100,6,MID,0.5585950380614311,3,2,3.5836735770025565,3.81403084397316,0.23035726697060355,1,1,,1,2bda54b8d78e1336d98a30e32b95d1d2eba14e3cdf10496414456a5926c002b2,2bda54b8d78e1336d98a30e32b95d1d2eba14e3cdf10496414456a5926c002b2,5c48d7f9e320740dbc9039b4dd595876e3bf697f16e2835da4aaaf1598ccee96,/home/exouser/FORTE/gnp_style_continuous_20260830_125107/collection_long2/P5S0C_BRANCH_TELEMETRY/p5s0c_train_t6_r00_s5100_mid_mu0.558595_GNP_S3_F3p58367358_R2_F3.58367_trajectory.csv,1,,0
p5s0c_train_t6_r00_s5100_mid_mu0.558595_GNP_S4_F3p78206038_R1_F3.78206,p5s0c_train_t6_r00_s5100_mid_mu0.558595,p5s0c_train_t6_root00_s5100,6,MID,0.5585950380614311,4,1,3.7820603774361614,4.039570844173431,0.2575104667372696,1,1,,1,2bda54b8d78e1336d98a30e32b95d1d2eba14e3cdf10496414456a5926c002b2,2bda54b8d78e1336d98a30e32b95d1d2eba14e3cdf10496414456a5926c002b2,5c48d7f9e320740dbc9039b4dd595876e3bf697f16e2835da4aaaf1598ccee96,/home/exouser/FORTE/gnp_style_continuous_20260830_125107/collection_long2/P5S0C_BRANCH_TELEMETRY/p5s0c_train_t6_r00_s5100_mid_mu0.558595_GNP_S4_F3p78206038_R1_F3.78206_trajectory.csv,1,,0
p5s0c_train_t6_r00_s5100_mid_mu0.558595_GNP_S4_F3p78206038_R2_F3.78206,p5s0c_train_t6_r00_s5100_mid_mu0.558595,p5s0c_train_t6_root00_s5100,6,MID,0.5585950380614311,4,2,3.7820603774361614,4.039487820863724,0.2574274434275625,1,1,,1,2bda54b8d78e1336d98a30e32b95d1d2eba14e3cdf10496414456a5926c002b2,2bda54b8d78e1336d98a30e32b95d1d2eba14e3cdf10496414456a5926c002b2,5c48d7f9e320740dbc9039b4dd595876e3bf697f16e2835da4aaaf1598ccee96,/home/exouser/FORTE/gnp_style_continuous_20260830_125107/collection_long2/P5S0C_BRANCH_TELEMETRY/p5s0c_train_t6_r00_s5100_mid_mu0.558595_GNP_S4_F3p78206038_R2_F3.78206_trajectory.csv,1,,0
p5s0c_train_t6_r00_s5100_mid_mu0.558595_GNP_S5_F3p85829989_R1_F3.8583,p5s0c_train_t6_r00_s5100_mid_mu0.558595,p5s0c_train_t6_root00_s5100,6,MID,0.5585950380614311,5,1,3.858299889351411,4.123310995101929,0.265011105750518,1,1,,1,2bda54b8d78e1336d98a30e32b95d1d2eba14e3cdf10496414456a5926c002b2,2bda54b8d78e1336d98a30e32b95d1d2eba14e3cdf10496414456a5926c002b2,5c48d7f9e320740dbc9039b4dd595876e3bf697f16e2835da4aaaf1598ccee96,/home/exouser/FORTE/gnp_style_continuous_20260830_125107/collection_long2/P5S0C_BRANCH_TELEMETRY/p5s0c_train_t6_r00_s5100_mid_mu0.558595_GNP_S5_F3p85829989_R1_F3.8583_trajectory.csv,1,,0
p5s0c_train_t6_r00_s5100_mid_mu0.558595_GNP_S5_F3p85829989_R2_F3.8583,p5s0c_train_t6_r00_s5100_mid_mu0.558595,p5s0c_train_t6_root00_s5100,6,MID,0.5585950380614311,5,2,3.858299889351411,4.115930771827697,0.2576308824762865,1,1,,1,2bda54b8d78e1336d98a30e32b95d1d2eba14e3cdf10496414456a5926c002b2,2bda54b8d78e1336d98a30e32b95d1d2eba14e3cdf10496414456a5926c002b2,5c48d7f9e320740dbc9039b4dd595876e3bf697f16e2835da4aaaf1598ccee96,/home/exouser/FORTE/gnp_style_continuous_20260830_125107/collection_long2/P5S0C_BRANCH_TELEMETRY/p5s0c_train_t6_r00_s5100_mid_mu0.558595_GNP_S5_F3p85829989_R2_F3.8583_trajectory.csv,1,,0
p5s0c_train_t6_r01_s5101_high_mu0.910021_GNP_S1_F3p1352019_R1_F3.1352,p5s0c_train_t6_r01_s5101_high_mu0.910021,p5s0c_train_t6_root01_s5101,6,HIGH,0.910021416560606,1,1,3.135201896689729,3.248793217539787,0.11359132085005808,1,1,,1,34eb7e5d010742c2486148c581cd32dc5a9d62675a1af9053c83c061510667d2,34eb7e5d010742c2486148c581cd32dc5a9d62675a1af9053c83c061510667d2,4af15ea7d9aecabafca37d7f4654709c2c85da70b5f6f6fa641bf1c7e753f20a,/home/exouser/FORTE/gnp_style_continuous_20260830_125107/collection_long2/P5S0C_BRANCH_TELEMETRY/p5s0c_train_t6_r01_s5101_high_mu0.910021_GNP_S1_F3p1352019_R1_F3.1352_trajectory.csv,1,,0
p5s0c_train_t6_r01_s5101_high_mu0.910021_GNP_S1_F3p1352019_R2_F3.1352,p5s0c_train_t6_r01_s5101_high_mu0.910021,p5s0c_train_t6_root01_s5101,6,HIGH,0.910021416560606,1,2,3.135201896689729,3.2600398302078246,0.12483793351809558,1,1,,1,34eb7e5d010742c2486148c581cd32dc5a9d62675a1af9053c83c061510667d2,34eb7e5d010742c2486148c581cd32dc5a9d62675a1af9053c83c061510667d2,4af15ea7d9aecabafca37d7f4654709c2c85da70b5f6f6fa641bf1c7e753f20a,/home/exouser/FORTE/gnp_style_continuous_20260830_125107/collection_long2/P5S0C_BRANCH_TELEMETRY/p5s0c_train_t6_r01_s5101_high_mu0.910021_GNP_S1_F3p1352019_R2_F3.1352_trajectory.csv,1,,0
p5s0c_train_t6_r01_s5101_high_mu0.910021_GNP_S2_F3p3209341_R1_F3.32093,p5s0c_train_t6_r01_s5101_high_mu0.910021,p5s0c_train_t6_root01_s5101,6,HIGH,0.910021416560606,2,1,3.320934098702107,3.471089133620262,0.15015503491815485,1,1,,1,34eb7e5d010742c2486148c581cd32dc5a9d62675a1af9053c83c061510667d2,34eb7e5d010742c2486148c581cd32dc5a9d62675a1af9053c83c061510667d2,4af15ea7d9aecabafca37d7f4654709c2c85da70b5f6f6fa641bf1c7e753f20a,/home/exouser/FORTE/gnp_style_continuous_20260830_125107/collection_long2/P5S0C_BRANCH_TELEMETRY/p5s0c_train_t6_r01_s5101_high_mu0.910021_GNP_S2_F3p3209341_R1_F3.32093_trajectory.csv,1,,0
p5s0c_train_t6_r01_s5101_high_mu0.910021_GNP_S2_F3p3209341_R2_F3.32093,p5s0c_train_t6_r01_s5101_high_mu0.910021,p5s0c_train_t6_root01_s5101,6,HIGH,0.910021416560606,2,2,3.320934098702107,3.465630665421486,0.1446965667193787,1,1,,1,34eb7e5d010742c2486148c581cd32dc5a9d62675a1af9053c83c061510667d2,34eb7e5d010742c2486148c581cd32dc5a9d62675a1af9053c83c061510667d2,4af15ea7d9aecabafca37d7f4654709c2c85da70b5f6f6fa641bf1c7e753f20a,/home/exouser/FORTE/gnp_style_continuous_20260830_125107/collection_long2/P5S0C_BRANCH_TELEMETRY/p5s0c_train_t6_r01_s5101_high_mu0.910021_GNP_S2_F3p3209341_R2_F3.32093_trajectory.csv,1,,0
p5s0c_train_t6_r01_s5101_high_mu0.910021_GNP_S3_F3p40611084_R1_F3.40611,p5s0c_train_t6_r01_s5101_high_mu0.910021,p5s0c_train_t6_root01_s5101,6,HIGH,0.910021416560606,3,1,3.406110840966014,3.5663025051355364,0.16019166416952224,1,1,,1,34eb7e5d010742c2486148c581cd32dc5a9d62675a1af9053c83c061510667d2,34eb7e5d010742c2486148c581cd32dc5a9d62675a1af9053c83c061510667d2,4af15ea7d9aecabafca37d7f4654709c2c85da70b5f6f6fa641bf1c7e753f20a,/home/exouser/FORTE/gnp_style_continuous_20260830_125107/collection_long2/P5S0C_BRANCH_TELEMETRY/p5s0c_train_t6_r01_s5101_high_mu0.910021_GNP_S3_F3p40611084_R1_F3.40611_trajectory.csv,1,,0
p5s0c_train_t6_r01_s5101_high_mu0.910021_GNP_S3_F3p40611084_R2_F3.40611,p5s0c_train_t6_r01_s5101_high_mu0.910021,p5s0c_train_t6_root01_s5101,6,HIGH,0.910021416560606,3,2,3.406110840966014,3.5661168545484543,0.16000601358244015,1,1,,1,34eb7e5d010742c2486148c581cd32dc5a9d62675a1af9053c83c061510667d2,34eb7e5d010742c2486148c581cd32dc5a9d62675a1af9053c83c061510667d2,4af15ea7d9aecabafca37d7f4654709c2c85da70b5f6f6fa641bf1c7e753f20a,/home/exouser/FORTE/gnp_style_continuous_20260830_125107/collection_long2/P5S0C_BRANCH_TELEMETRY/p5s0c_train_t6_r01_s5101_high_mu0.910021_GNP_S3_F3p40611084_R2_F3.40611_trajectory.csv,1,,0
p5s0c_train_t6_r01_s5101_high_mu0.910021_GNP_S4_F3p76125287_R1_F3.76125,p5s0c_train_t6_r01_s5101_high_mu0.910021,p5s0c_train_t6_root01_s5101,6,HIGH,0.910021416560606,4,1,3.761252869981123,3.9568667113780975,0.19561384139697457,1,1,,1,34eb7e5d010742c2486148c581cd32dc5a9d62675a1af9053c83c061510667d2,34eb7e5d010742c2486148c581cd32dc5a9d62675a1af9053c83c061510667d2,4af15ea7d9aecabafca37d7f4654709c2c85da70b5f6f6fa641bf1c7e753f20a,/home/exouser/FORTE/gnp_style_continuous_20260830_125107/collection_long2/P5S0C_BRANCH_TELEMETRY/p5s0c_train_t6_r01_s5101_high_mu0.910021_GNP_S4_F3p76125287_R1_F3.76125_trajectory.csv,1,,0
p5s0c_train_t6_r01_s5101_high_mu0.910021_GNP_S4_F3p76125287_R2_F3.76125,p5s0c_train_t6_r01_s5101_high_mu0.910021,p5s0c_train_t6_root01_s5101,6,HIGH,0.910021416560606,4,2,3.761252869981123,3.9568438053131114,0.19559093533198846,1,1,,1,34eb7e5d010742c2486148c581cd32dc5a9d62675a1af9053c83c061510667d2,34eb7e5d010742c2486148c581cd32dc5a9d62675a1af9053c83c061510667d2,4af15ea7d9aecabafca37d7f4654709c2c85da70b5f6f6fa641bf1c7e753f20a,/home/exouser/FORTE/gnp_style_continuous_20260830_125107/collection_long2/P5S0C_BRANCH_TELEMETRY/p5s0c_train_t6_r01_s5101_high_mu0.910021_GNP_S4_F3p76125287_R2_F3.76125_trajectory.csv,1,,0
p5s0c_train_t6_r01_s5101_high_mu0.910021_GNP_S5_F3p97232907_R1_F3.97233,p5s0c_train_t6_r01_s5101_high_mu0.910021,p5s0c_train_t6_root01_s5101,6,HIGH,0.910021416560606,5,1,3.9723290740747146,4.189466279745102,0.21713720567038752,1,1,,1,34eb7e5d010742c2486148c581cd32dc5a9d62675a1af9053c83c061510667d2,34eb7e5d010742c2486148c581cd32dc5a9d62675a1af9053c83c061510667d2,4af15ea7d9aecabafca37d7f4654709c2c85da70b5f6f6fa641bf1c7e753f20a,/home/exouser/FORTE/gnp_style_continuous_20260830_125107/collection_long2/P5S0C_BRANCH_TELEMETRY/p5s0c_train_t6_r01_s5101_high_mu0.910021_GNP_S5_F3p97232907_R1_F3.97233_trajectory.csv,1,,0
p5s0c_train_t6_r01_s5101_high_mu0.910021_GNP_S5_F3p97232907_R2_F3.97233,p5s0c_train_t6_r01_s5101_high_mu0.910021,p5s0c_train_t6_root01_s5101,6,HIGH,0.910021416560606,5,2,3.9723290740747146,4.189010107517243,0.2166810334425282,1,1,,1,34eb7e5d010742c2486148c581cd32dc5a9d62675a1af9053c83c061510667d2,34eb7e5d010742c2486148c581cd32dc5a9d62675a1af9053c83c061510667d2,4af15ea7d9aecabafca37d7f4654709c2c85da70b5f6f6fa641bf1c7e753f20a,/home/exouser/FORTE/gnp_style_continuous_20260830_125107/collection_long2/P5S0C_BRANCH_TELEMETRY/p5s0c_train_t6_r01_s5101_high_mu0.910021_GNP_S5_F3p97232907_R2_F3.97233_trajectory.csv,1,,0
p5s0c_train_t6_r01_s5101_low_mu0.216789_GNP_S1_F3p05367722_R1_F3.05368,p5s0c_train_t6_r01_s5101_low_mu0.216789,p5s0c_train_t6_root01_s5101,6,LOW,0.2167888067328618,1,1,3.053677219107241,3.30462866127491,0.25095144216766885,1,1,,1,d0c8f9ae30a2637bd223a93f11c272fd995e5c86e2089a0f2d016c35f19508fd,d0c8f9ae30a2637bd223a93f11c272fd995e5c86e2089a0f2d016c35f19508fd,755d048a90c80041d6bc1f17ce25c8269583cada88736a534a996facdc81ff3a,/home/exouser/FORTE/gnp_style_continuous_20260830_125107/collection_long2/P5S0C_BRANCH_TELEMETRY/p5s0c_train_t6_r01_s5101_low_mu0.216789_GNP_S1_F3p05367722_R1_F3.05368_trajectory.csv,1,,0
p5s0c_train_t6_r01_s5101_low_mu0.216789_GNP_S1_F3p05367722_R2_F3.05368,p5s0c_train_t6_r01_s5101_low_mu0.216789,p5s0c_train_t6_root01_s5101,6,LOW,0.2167888067328618,1,2,3.053677219107241,3.507744305059039e-21,3.053677219107241,1,0,full_task_failure,1,d0c8f9ae30a2637bd223a93f11c272fd995e5c86e2089a0f2d016c35f19508fd,d0c8f9ae30a2637bd223a93f11c272fd995e5c86e2089a0f2d016c35f19508fd,755d048a90c80041d6bc1f17ce25c8269583cada88736a534a996facdc81ff3a,/home/exouser/FORTE/gnp_style_continuous_20260830_125107/collection_long2/P5S0C_BRANCH_TELEMETRY/p5s0c_train_t6_r01_s5101_low_mu0.216789_GNP_S1_F3p05367722_R2_F3.05368_trajectory.csv,1,,0
p5s0c_train_t6_r01_s5101_low_mu0.216789_GNP_S2_F3p24955349_R1_F3.24955,p5s0c_train_t6_r01_s5101_low_mu0.216789,p5s0c_train_t6_root01_s5101,6,LOW,0.2167888067328618,2,1,3.249553487899953,3.289988565444946,0.04043507754499309,1,1,,1,d0c8f9ae30a2637bd223a93f11c272fd995e5c86e2089a0f2d016c35f19508fd,d0c8f9ae30a2637bd223a93f11c272fd995e5c86e2089a0f2d016c35f19508fd,755d048a90c80041d6bc1f17ce25c8269583cada88736a534a996facdc81ff3a,/home/exouser/FORTE/gnp_style_continuous_20260830_125107/collection_long2/P5S0C_BRANCH_TELEMETRY/p5s0c_train_t6_r01_s5101_low_mu0.216789_GNP_S2_F3p24955349_R1_F3.24955_trajectory.csv,1,,0
p5s0c_train_t6_r01_s5101_low_mu0.216789_GNP_S2_F3p24955349_R2_F3.24955,p5s0c_train_t6_r01_s5101_low_mu0.216789,p5s0c_train_t6_root01_s5101,6,LOW,0.2167888067328618,2,2,3.249553487899953,3.2947599947452546,0.045206506845301586,1,1,,1,d0c8f9ae30a2637bd223a93f11c272fd995e5c86e2089a0f2d016c35f19508fd,d0c8f9ae30a2637bd223a93f11c272fd995e5c86e2089a0f2d016c35f19508fd,755d048a90c80041d6bc1f17ce25c8269583cada88736a534a996facdc81ff3a,/home/exouser/FORTE/gnp_style_continuous_20260830_125107/collection_long2/P5S0C_BRANCH_TELEMETRY/p5s0c_train_t6_r01_s5101_low_mu0.216789_GNP_S2_F3p24955349_R2_F3.24955_trajectory.csv,1,,0
p5s0c_train_t6_r01_s5101_low_mu0.216789_GNP_S3_F3p48294851_R1_F3.48295,p5s0c_train_t6_r01_s5101_low_mu0.216789,p5s0c_train_t6_root01_s5101,6,LOW,0.2167888067328618,3,1,3.4829485075187443,3.513519084453583,0.030570576934838556,1,1,,1,d0c8f9ae30a2637bd223a93f11c272fd995e5c86e2089a0f2d016c35f19508fd,d0c8f9ae30a2637bd223a93f11c272fd995e5c86e2089a0f2d016c35f19508fd,755d048a90c80041d6bc1f17ce25c8269583cada88736a534a996facdc81ff3a,/home/exouser/FORTE/gnp_style_continuous_20260830_125107/collection_long2/P5S0C_BRANCH_TELEMETRY/p5s0c_train_t6_r01_s5101_low_mu0.216789_GNP_S3_F3p48294851_R1_F3.48295_trajectory.csv,1,,0
p5s0c_train_t6_r01_s5101_low_mu0.216789_GNP_S3_F3p48294851_R2_F3.48295,p5s0c_train_t6_r01_s5101_low_mu0.216789,p5s0c_train_t6_root01_s5101,6,LOW,0.2167888067328618,3,2,3.4829485075187443,3.54398230612278,0.061033798604035905,1,1,,1,d0c8f9ae30a2637bd223a93f11c272fd995e5c86e2089a0f2d016c35f19508fd,d0c8f9ae30a2637bd223a93f11c272fd995e5c86e2089a0f2d016c35f19508fd,755d048a90c80041d6bc1f17ce25c8269583cada88736a534a996facdc81ff3a,/home/exouser/FORTE/gnp_style_continuous_20260830_125107/collection_long2/P5S0C_BRANCH_TELEMETRY/p5s0c_train_t6_r01_s5101_low_mu0.216789_GNP_S3_F3p48294851_R2_F3.48295_trajectory.csv,1,,0
p5s0c_train_t6_r01_s5101_low_mu0.216789_GNP_S4_F3p73609649_R1_F3.7361,p5s0c_train_t6_r01_s5101_low_mu0.216789,p5s0c_train_t6_root01_s5101,6,LOW,0.2167888067328618,4,1,3.736096488632025,3.788915672898293,0.05281918426626797,1,1,,1,d0c8f9ae30a2637bd223a93f11c272fd995e5c86e2089a0f2d016c35f19508fd,d0c8f9ae30a2637bd223a93f11c272fd995e5c86e2089a0f2d016c35f19508fd,755d048a90c80041d6bc1f17ce25c8269583cada88736a534a996facdc81ff3a,/home/exouser/FORTE/gnp_style_continuous_20260830_125107/collection_long2/P5S0C_BRANCH_TELEMETRY/p5s0c_train_t6_r01_s5101_low_mu0.216789_GNP_S4_F3p73609649_R1_F3.7361_trajectory.csv,1,,0
p5s0c_train_t6_r01_s5101_low_mu0.216789_GNP_S4_F3p73609649_R2_F3.7361,p5s0c_train_t6_r01_s5101_low_mu0.216789,p5s0c_train_t6_root01_s5101,6,LOW,0.2167888067328618,4,2,3.736096488632025,3.7991340517997743,0.06303756316774933,1,1,,1,d0c8f9ae30a2637bd223a93f11c272fd995e5c86e2089a0f2d016c35f19508fd,d0c8f9ae30a2637bd223a93f11c272fd995e5c86e2089a0f2d016c35f19508fd,755d048a90c80041d6bc1f17ce25c8269583cada88736a534a996facdc81ff3a,/home/exouser/FORTE/gnp_style_continuous_20260830_125107/collection_long2/P5S0C_BRANCH_TELEMETRY/p5s0c_train_t6_r01_s5101_low_mu0.216789_GNP_S4_F3p73609649_R2_F3.7361_trajectory.csv,1,,0
p5s0c_train_t6_r01_s5101_low_mu0.216789_GNP_S5_F3p86415389_R1_F3.86415,p5s0c_train_t6_r01_s5101_low_mu0.216789,p5s0c_train_t6_root01_s5101,6,LOW,0.2167888067328618,5,1,3.864153890652048,3.939114400744438,0.07496051009239002,1,1,,1,d0c8f9ae30a2637bd223a93f11c272fd995e5c86e2089a0f2d016c35f19508fd,d0c8f9ae30a2637bd223a93f11c272fd995e5c86e2089a0f2d016c35f19508fd,755d048a90c80041d6bc1f17ce25c8269583cada88736a534a996facdc81ff3a,/home/exouser/FORTE/gnp_style_continuous_20260830_125107/collection_long2/P5S0C_BRANCH_TELEMETRY/p5s0c_train_t6_r01_s5101_low_mu0.216789_GNP_S5_F3p86415389_R1_F3.86415_trajectory.csv,1,,0
p5s0c_train_t6_r01_s5101_low_mu0.216789_GNP_S5_F3p86415389_R2_F3.86415,p5s0c_train_t6_r01_s5101_low_mu0.216789,p5s0c_train_t6_root01_s5101,6,LOW,0.2167888067328618,5,2,3.864153890652048,3.9340148091316234,0.06986091847957532,1,1,,1,d0c8f9ae30a2637bd223a93f11c272fd995e5c86e2089a0f2d016c35f19508fd,d0c8f9ae30a2637bd223a93f11c272fd995e5c86e2089a0f2d016c35f19508fd,755d048a90c80041d6bc1f17ce25c8269583cada88736a534a996facdc81ff3a,/home/exouser/FORTE/gnp_style_continuous_20260830_125107/collection_long2/P5S0C_BRANCH_TELEMETRY/p5s0c_train_t6_r01_s5101_low_mu0.216789_GNP_S5_F3p86415389_R2_F3.86415_trajectory.csv,1,,0
p5s0c_train_t6_r01_s5101_mid_mu0.529103_GNP_S1_F3p14771788_R1_F3.14772,p5s0c_train_t6_r01_s5101_mid_mu0.529103,p5s0c_train_t6_root01_s5101,6,MID,0.529103149795241,1,1,3.147717881459621,3.316464802622795,0.16874692116317425,1,1,,1,49dab0b94011927c9e8e0431fefd1dd3c94a2bf6496463d4ce2d1443508c930d,49dab0b94011927c9e8e0431fefd1dd3c94a2bf6496463d4ce2d1443508c930d,0171e7c04896915ad19423551702c41eb4e576509f0a3df09b9b4c23d33ac25c,/home/exouser/FORTE/gnp_style_continuous_20260830_125107/collection_long2/P5S0C_BRANCH_TELEMETRY/p5s0c_train_t6_r01_s5101_mid_mu0.529103_GNP_S1_F3p14771788_R1_F3.14772_trajectory.csv,1,,0
p5s0c_train_t6_r01_s5101_mid_mu0.529103_GNP_S1_F3p14771788_R2_F3.14772,p5s0c_train_t6_r01_s5101_mid_mu0.529103,p5s0c_train_t6_root01_s5101,6,MID,0.529103149795241,1,2,3.147717881459621,3.333962711691856,0.18624483023223526,1,1,,1,49dab0b94011927c9e8e0431fefd1dd3c94a2bf6496463d4ce2d1443508c930d,49dab0b94011927c9e8e0431fefd1dd3c94a2bf6496463d4ce2d1443508c930d,0171e7c04896915ad19423551702c41eb4e576509f0a3df09b9b4c23d33ac25c,/home/exouser/FORTE/gnp_style_continuous_20260830_125107/collection_long2/P5S0C_BRANCH_TELEMETRY/p5s0c_train_t6_r01_s5101_mid_mu0.529103_GNP_S1_F3p14771788_R2_F3.14772_trajectory.csv,1,,0
p5s0c_train_t6_r01_s5101_mid_mu0.529103_GNP_S2_F3p31722611_R1_F3.31723,p5s0c_train_t6_r01_s5101_mid_mu0.529103,p5s0c_train_t6_root01_s5101,6,MID,0.529103149795241,2,1,3.317226106756872,3.517185616493225,0.1999595097363529,1,1,,1,49dab0b94011927c9e8e0431fefd1dd3c94a2bf6496463d4ce2d1443508c930d,49dab0b94011927c9e8e0431fefd1dd3c94a2bf6496463d4ce2d1443508c930d,0171e7c04896915ad19423551702c41eb4e576509f0a3df09b9b4c23d33ac25c,/home/exouser/FORTE/gnp_style_continuous_20260830_125107/collection_long2/P5S0C_BRANCH_TELEMETRY/p5s0c_train_t6_r01_s5101_mid_mu0.529103_GNP_S2_F3p31722611_R1_F3.31723_trajectory.csv,1,,0
p5s0c_train_t6_r01_s5101_mid_mu0.529103_GNP_S2_F3p31722611_R2_F3.31723,p5s0c_train_t6_r01_s5101_mid_mu0.529103,p5s0c_train_t6_root01_s5101,6,MID,0.529103149795241,2,2,3.317226106756872,3.509551507234573,0.19232540047770108,1,1,,1,49dab0b94011927c9e8e0431fefd1dd3c94a2bf6496463d4ce2d1443508c930d,49dab0b94011927c9e8e0431fefd1dd3c94a2bf6496463d4ce2d1443508c930d,0171e7c04896915ad19423551702c41eb4e576509f0a3df09b9b4c23d33ac25c,/home/exouser/FORTE/gnp_style_continuous_20260830_125107/collection_long2/P5S0C_BRANCH_TELEMETRY/p5s0c_train_t6_r01_s5101_mid_mu0.529103_GNP_S2_F3p31722611_R2_F3.31723_trajectory.csv,1,,0
p5s0c_train_t6_r01_s5101_mid_mu0.529103_GNP_S3_F3p47584944_R1_F3.47585,p5s0c_train_t6_r01_s5101_mid_mu0.529103,p5s0c_train_t6_root01_s5101,6,MID,0.529103149795241,3,1,3.475849435215937,3.704078522324562,0.228229087108625,1,1,,1,49dab0b94011927c9e8e0431fefd1dd3c94a2bf6496463d4ce2d1443508c930d,49dab0b94011927c9e8e0431fefd1dd3c94a2bf6496463d4ce2d1443508c930d,0171e7c04896915ad19423551702c41eb4e576509f0a3df09b9b4c23d33ac25c,/home/exouser/FORTE/gnp_style_continuous_20260830_125107/collection_long2/P5S0C_BRANCH_TELEMETRY/p5s0c_train_t6_r01_s5101_mid_mu0.529103_GNP_S3_F3p47584944_R1_F3.47585_trajectory.csv,1,,0
p5s0c_train_t6_r01_s5101_mid_mu0.529103_GNP_S3_F3p47584944_R2_F3.47585,p5s0c_train_t6_r01_s5101_mid_mu0.529103,p5s0c_train_t6_root01_s5101,6,MID,0.529103149795241,3,2,3.475849435215937,3.70415880382061,0.22830936860467332,1,1,,1,49dab0b94011927c9e8e0431fefd1dd3c94a2bf6496463d4ce2d1443508c930d,49dab0b94011927c9e8e0431fefd1dd3c94a2bf6496463d4ce2d1443508c930d,0171e7c04896915ad19423551702c41eb4e576509f0a3df09b9b4c23d33ac25c,/home/exouser/FORTE/gnp_style_continuous_20260830_125107/collection_long2/P5S0C_BRANCH_TELEMETRY/p5s0c_train_t6_r01_s5101_mid_mu0.529103_GNP_S3_F3p47584944_R2_F3.47585_trajectory.csv,1,,0
p5s0c_train_t6_r01_s5101_mid_mu0.529103_GNP_S4_F3p70388284_R1_F3.70388,p5s0c_train_t6_r01_s5101_mid_mu0.529103,p5s0c_train_t6_root01_s5101,6,MID,0.529103149795241,4,1,3.703882838375958,3.956385987997055,0.25250314962109677,1,1,,1,49dab0b94011927c9e8e0431fefd1dd3c94a2bf6496463d4ce2d1443508c930d,49dab0b94011927c9e8e0431fefd1dd3c94a2bf6496463d4ce2d1443508c930d,0171e7c04896915ad19423551702c41eb4e576509f0a3df09b9b4c23d33ac25c,/home/exouser/FORTE/gnp_style_continuous_20260830_125107/collection_long2/P5S0C_BRANCH_TELEMETRY/p5s0c_train_t6_r01_s5101_mid_mu0.529103_GNP_S4_F3p70388284_R1_F3.70388_trajectory.csv,1,,0
p5s0c_train_t6_r01_s5101_mid_mu0.529103_GNP_S4_F3p70388284_R2_F3.70388,p5s0c_train_t6_r01_s5101_mid_mu0.529103,p5s0c_train_t6_root01_s5101,6,MID,0.529103149795241,4,2,3.703882838375958,3.956387311220169,0.25250447284421096,1,1,,1,49dab0b94011927c9e8e0431fefd1dd3c94a2bf6496463d4ce2d1443508c930d,49dab0b94011927c9e8e0431fefd1dd3c94a2bf6496463d4ce2d1443508c930d,0171e7c04896915ad19423551702c41eb4e576509f0a3df09b9b4c23d33ac25c,/home/exouser/FORTE/gnp_style_continuous_20260830_125107/collection_long2/P5S0C_BRANCH_TELEMETRY/p5s0c_train_t6_r01_s5101_mid_mu0.529103_GNP_S4_F3p70388284_R2_F3.70388_trajectory.csv,1,,0
p5s0c_train_t6_r01_s5101_mid_mu0.529103_GNP_S5_F3p87486797_R1_F3.87487,p5s0c_train_t6_r01_s5101_mid_mu0.529103,p5s0c_train_t6_root01_s5101,6,MID,0.529103149795241,5,1,3.8748679654118297,4.1451051235198975,0.2702371581080678,1,1,,1,49dab0b94011927c9e8e0431fefd1dd3c94a2bf6496463d4ce2d1443508c930d,49dab0b94011927c9e8e0431fefd1dd3c94a2bf6496463d4ce2d1443508c930d,0171e7c04896915ad19423551702c41eb4e576509f0a3df09b9b4c23d33ac25c,/home/exouser/FORTE/gnp_style_continuous_20260830_125107/collection_long2/P5S0C_BRANCH_TELEMETRY/p5s0c_train_t6_r01_s5101_mid_mu0.529103_GNP_S5_F3p87486797_R1_F3.87487_trajectory.csv,1,,0
p5s0c_train_t6_r01_s5101_mid_mu0.529103_GNP_S5_F3p87486797_R2_F3.87487,p5s0c_train_t6_r01_s5101_mid_mu0.529103,p5s0c_train_t6_root01_s5101,6,MID,0.529103149795241,5,2,3.8748679654118297,4.145097064971924,0.270229099560094,1,1,,1,49dab0b94011927c9e8e0431fefd1dd3c94a2bf6496463d4ce2d1443508c930d,49dab0b94011927c9e8e0431fefd1dd3c94a2bf6496463d4ce2d1443508c930d,0171e7c04896915ad19423551702c41eb4e576509f0a3df09b9b4c23d33ac25c,/home/exouser/FORTE/gnp_style_continuous_20260830_125107/collection_long2/P5S0C_BRANCH_TELEMETRY/p5s0c_train_t6_r01_s5101_mid_mu0.529103_GNP_S5_F3p87486797_R2_F3.87487_trajectory.csv,1,,0
p5s0c_train_t6_r02_s5102_high_mu0.958858_GNP_S1_F3p13227797_R1_F3.13228,p5s0c_train_t6_r02_s5102_high_mu0.958858,p5s0c_train_t6_root02_s5102,6,HIGH,0.9588583617780642,1,1,3.1322779683324327,3.2159657418727874,0.08368777354035473,1,1,,1,8430fdb336c4b47411e5cd11fbf167f638bec7a383b5c325d6a2ffe8ddcf0a89,8430fdb336c4b47411e5cd11fbf167f638bec7a383b5c325d6a2ffe8ddcf0a89,6ef5d9647287a9e478dea2e413fe10ee1e2819bcc438ac761dfc5ffa9ee75a85,/home/exouser/FORTE/gnp_style_continuous_20260830_125107/collection_long2/P5S0C_BRANCH_TELEMETRY/p5s0c_train_t6_r02_s5102_high_mu0.958858_GNP_S1_F3p13227797_R1_F3.13228_trajectory.csv,1,,0
p5s0c_train_t6_r02_s5102_high_mu0.958858_GNP_S1_F3p13227797_R2_F3.13228,p5s0c_train_t6_r02_s5102_high_mu0.958858,p5s0c_train_t6_root02_s5102,6,HIGH,0.9588583617780642,1,2,3.1322779683324327,3.216220346093178,0.08394237776074531,1,1,,1,8430fdb336c4b47411e5cd11fbf167f638bec7a383b5c325d6a2ffe8ddcf0a89,8430fdb336c4b47411e5cd11fbf167f638bec7a383b5c325d6a2ffe8ddcf0a89,6ef5d9647287a9e478dea2e413fe10ee1e2819bcc438ac761dfc5ffa9ee75a85,/home/exouser/FORTE/gnp_style_continuous_20260830_125107/collection_long2/P5S0C_BRANCH_TELEMETRY/p5s0c_train_t6_r02_s5102_high_mu0.958858_GNP_S1_F3p13227797_R2_F3.13228_trajectory.csv,1,,0
p5s0c_train_t6_r02_s5102_high_mu0.958858_GNP_S2_F3p33441771_R1_F3.33442,p5s0c_train_t6_r02_s5102_high_mu0.958858,p5s0c_train_t6_root02_s5102,6,HIGH,0.9588583617780642,2,1,3.3344177055457886,3.4387073904275893,0.10428968488180068,1,1,,1,8430fdb336c4b47411e5cd11fbf167f638bec7a383b5c325d6a2ffe8ddcf0a89,8430fdb336c4b47411e5cd11fbf167f638bec7a383b5c325d6a2ffe8ddcf0a89,6ef5d9647287a9e478dea2e413fe10ee1e2819bcc438ac761dfc5ffa9ee75a85,/home/exouser/FORTE/gnp_style_continuous_20260830_125107/collection_long2/P5S0C_BRANCH_TELEMETRY/p5s0c_train_t6_r02_s5102_high_mu0.958858_GNP_S2_F3p33441771_R1_F3.33442_trajectory.csv,1,,0
p5s0c_train_t6_r02_s5102_high_mu0.958858_GNP_S2_F3p33441771_R2_F3.33442,p5s0c_train_t6_r02_s5102_high_mu0.958858,p5s0c_train_t6_root02_s5102,6,HIGH,0.9588583617780642,2,2,3.3344177055457886,3.4387430787086486,0.10432537316285995,1,1,,1,8430fdb336c4b47411e5cd11fbf167f638bec7a383b5c325d6a2ffe8ddcf0a89,8430fdb336c4b47411e5cd11fbf167f638bec7a383b5c325d6a2ffe8ddcf0a89,6ef5d9647287a9e478dea2e413fe10ee1e2819bcc438ac761dfc5ffa9ee75a85,/home/exouser/FORTE/gnp_style_continuous_20260830_125107/collection_long2/P5S0C_BRANCH_TELEMETRY/p5s0c_train_t6_r02_s5102_high_mu0.958858_GNP_S2_F3p33441771_R2_F3.33442_trajectory.csv,1,,0
p5s0c_train_t6_r02_s5102_high_mu0.958858_GNP_S3_F3p5304769_R1_F3.53048,p5s0c_train_t6_r02_s5102_high_mu0.958858,p5s0c_train_t6_root02_s5102,6,HIGH,0.9588583617780642,3,1,3.530476897205736,3.6551110059022895,0.12463410869655345,1,1,,1,8430fdb336c4b47411e5cd11fbf167f638bec7a383b5c325d6a2ffe8ddcf0a89,8430fdb336c4b47411e5cd11fbf167f638bec7a383b5c325d6a2ffe8ddcf0a89,6ef5d9647287a9e478dea2e413fe10ee1e2819bcc438ac761dfc5ffa9ee75a85,/home/exouser/FORTE/gnp_style_continuous_20260830_125107/collection_long2/P5S0C_BRANCH_TELEMETRY/p5s0c_train_t6_r02_s5102_high_mu0.958858_GNP_S3_F3p5304769_R1_F3.53048_trajectory.csv,1,,0
p5s0c_train_t6_r02_s5102_high_mu0.958858_GNP_S3_F3p5304769_R2_F3.53048,p5s0c_train_t6_r02_s5102_high_mu0.958858,p5s0c_train_t6_root02_s5102,6,HIGH,0.9588583617780642,3,2,3.530476897205736,3.655207094550133,0.12473019734439683,1,1,,1,8430fdb336c4b47411e5cd11fbf167f638bec7a383b5c325d6a2ffe8ddcf0a89,8430fdb336c4b47411e5cd11fbf167f638bec7a383b5c325d6a2ffe8ddcf0a89,6ef5d9647287a9e478dea2e413fe10ee1e2819bcc438ac761dfc5ffa9ee75a85,/home/exouser/FORTE/gnp_style_continuous_20260830_125107/collection_long2/P5S0C_BRANCH_TELEMETRY/p5s0c_train_t6_r02_s5102_high_mu0.958858_GNP_S3_F3p5304769_R2_F3.53048_trajectory.csv,1,,0
p5s0c_train_t6_r02_s5102_high_mu0.958858_GNP_S4_F3p66345103_R1_F3.66345,p5s0c_train_t6_r02_s5102_high_mu0.958858,p5s0c_train_t6_root02_s5102,6,HIGH,0.9588583617780642,4,1,3.663451026906526,3.801799973845482,0.13834894693895583,1,1,,1,8430fdb336c4b47411e5cd11fbf167f638bec7a383b5c325d6a2ffe8ddcf0a89,8430fdb336c4b47411e5cd11fbf167f638bec7a383b5c325d6a2ffe8ddcf0a89,6ef5d9647287a9e478dea2e413fe10ee1e2819bcc438ac761dfc5ffa9ee75a85,/home/exouser/FORTE/gnp_style_continuous_20260830_125107/collection_long2/P5S0C_BRANCH_TELEMETRY/p5s0c_train_t6_r02_s5102_high_mu0.958858_GNP_S4_F3p66345103_R1_F3.66345_trajectory.csv,1,,0
p5s0c_train_t6_r02_s5102_high_mu0.958858_GNP_S4_F3p66345103_R2_F3.66345,p5s0c_train_t6_r02_s5102_high_mu0.958858,p5s0c_train_t6_root02_s5102,6,HIGH,0.9588583617780642,4,2,3.663451026906526,3.8018731862306594,0.13842215932413326,1,1,,1,8430fdb336c4b47411e5cd11fbf167f638bec7a383b5c325d6a2ffe8ddcf0a89,8430fdb336c4b47411e5cd11fbf167f638bec7a383b5c325d6a2ffe8ddcf0a89,6ef5d9647287a9e478dea2e413fe10ee1e2819bcc438ac761dfc5ffa9ee75a85,/home/exouser/FORTE/gnp_style_continuous_20260830_125107/collection_long2/P5S0C_BRANCH_TELEMETRY/p5s0c_train_t6_r02_s5102_high_mu0.958858_GNP_S4_F3p66345103_R2_F3.66345_trajectory.csv,1,,0
p5s0c_train_t6_r02_s5102_high_mu0.958858_GNP_S5_F3p96807_R1_F3.96807,p5s0c_train_t6_r02_s5102_high_mu0.958858,p5s0c_train_t6_root02_s5102,6,HIGH,0.9588583617780642,5,1,3.968070000165838,4.135386025905609,0.16731602573977078,1,1,,1,8430fdb336c4b47411e5cd11fbf167f638bec7a383b5c325d6a2ffe8ddcf0a89,8430fdb336c4b47411e5cd11fbf167f638bec7a383b5c325d6a2ffe8ddcf0a89,6ef5d9647287a9e478dea2e413fe10ee1e2819bcc438ac761dfc5ffa9ee75a85,/home/exouser/FORTE/gnp_style_continuous_20260830_125107/collection_long2/P5S0C_BRANCH_TELEMETRY/p5s0c_train_t6_r02_s5102_high_mu0.958858_GNP_S5_F3p96807_R1_F3.96807_trajectory.csv,1,,0
p5s0c_train_t6_r02_s5102_high_mu0.958858_GNP_S5_F3p96807_R2_F3.96807,p5s0c_train_t6_r02_s5102_high_mu0.958858,p5s0c_train_t6_root02_s5102,6,HIGH,0.9588583617780642,5,2,3.968070000165838,4.135403287410736,0.16733328724489827,1,1,,1,8430fdb336c4b47411e5cd11fbf167f638bec7a383b5c325d6a2ffe8ddcf0a89,8430fdb336c4b47411e5cd11fbf167f638bec7a383b5c325d6a2ffe8ddcf0a89,6ef5d9647287a9e478dea2e413fe10ee1e2819bcc438ac761dfc5ffa9ee75a85,/home/exouser/FORTE/gnp_style_continuous_20260830_125107/collection_long2/P5S0C_BRANCH_TELEMETRY/p5s0c_train_t6_r02_s5102_high_mu0.958858_GNP_S5_F3p96807_R2_F3.96807_trajectory.csv,1,,0
p5s0c_train_t6_r02_s5102_low_mu0.225446_GNP_S1_F3p11410024_R1_F3.1141,p5s0c_train_t6_r02_s5102_low_mu0.225446,p5s0c_train_t6_root02_s5102,6,LOW,0.2254455884485326,1,1,3.1141002378675027,8.953432110678821e-27,3.1141002378675027,1,0,full_task_failure,1,b21aa9449da53a3c6d014a0ca80dfd35c110458a9d620499a8eabfbadc76ba25,b21aa9449da53a3c6d014a0ca80dfd35c110458a9d620499a8eabfbadc76ba25,6265791ff9347bddba9cc40772dbc7e2b52ef97f150c35474dc95570928f7ee8,/home/exouser/FORTE/gnp_style_continuous_20260830_125107/collection_long2/P5S0C_BRANCH_TELEMETRY/p5s0c_train_t6_r02_s5102_low_mu0.225446_GNP_S1_F3p11410024_R1_F3.1141_trajectory.csv,1,,0
p5s0c_train_t6_r02_s5102_low_mu0.225446_GNP_S1_F3p11410024_R2_F3.1141,p5s0c_train_t6_r02_s5102_low_mu0.225446,p5s0c_train_t6_root02_s5102,6,LOW,0.2254455884485326,1,2,3.1141002378675027,3.2086344838142398,0.0945342459467371,1,1,,1,b21aa9449da53a3c6d014a0ca80dfd35c110458a9d620499a8eabfbadc76ba25,b21aa9449da53a3c6d014a0ca80dfd35c110458a9d620499a8eabfbadc76ba25,6265791ff9347bddba9cc40772dbc7e2b52ef97f150c35474dc95570928f7ee8,/home/exouser/FORTE/gnp_style_continuous_20260830_125107/collection_long2/P5S0C_BRANCH_TELEMETRY/p5s0c_train_t6_r02_s5102_low_mu0.225446_GNP_S1_F3p11410024_R2_F3.1141_trajectory.csv,1,,0
p5s0c_train_t6_r02_s5102_low_mu0.225446_GNP_S2_F3p36227239_R1_F3.36227,p5s0c_train_t6_r02_s5102_low_mu0.225446,p5s0c_train_t6_root02_s5102,6,LOW,0.2254455884485326,2,1,3.362272390618529,3.485057181119919,0.1227847905013899,1,1,,1,b21aa9449da53a3c6d014a0ca80dfd35c110458a9d620499a8eabfbadc76ba25,b21aa9449da53a3c6d014a0ca80dfd35c110458a9d620499a8eabfbadc76ba25,6265791ff9347bddba9cc40772dbc7e2b52ef97f150c35474dc95570928f7ee8,/home/exouser/FORTE/gnp_style_continuous_20260830_125107/collection_long2/P5S0C_BRANCH_TELEMETRY/p5s0c_train_t6_r02_s5102_low_mu0.225446_GNP_S2_F3p36227239_R1_F3.36227_trajectory.csv,1,,0
p5s0c_train_t6_r02_s5102_low_mu0.225446_GNP_S2_F3p36227239_R2_F3.36227,p5s0c_train_t6_r02_s5102_low_mu0.225446,p5s0c_train_t6_root02_s5102,6,LOW,0.2254455884485326,2,2,3.362272390618529,3.471188178658485,0.10891578803995605,1,1,,1,b21aa9449da53a3c6d014a0ca80dfd35c110458a9d620499a8eabfbadc76ba25,b21aa9449da53a3c6d014a0ca80dfd35c110458a9d620499a8eabfbadc76ba25,6265791ff9347bddba9cc40772dbc7e2b52ef97f150c35474dc95570928f7ee8,/home/exouser/FORTE/gnp_style_continuous_20260830_125107/collection_long2/P5S0C_BRANCH_TELEMETRY/p5s0c_train_t6_r02_s5102_low_mu0.225446_GNP_S2_F3p36227239_R2_F3.36227_trajectory.csv,1,,0
p5s0c_train_t6_r02_s5102_low_mu0.225446_GNP_S3_F3p44165049_R1_F3.44165,p5s0c_train_t6_r02_s5102_low_mu0.225446,p5s0c_train_t6_root02_s5102,6,LOW,0.2254455884485326,3,1,3.441650493875718,3.548935207724571,0.10728471384885285,1,1,,1,b21aa9449da53a3c6d014a0ca80dfd35c110458a9d620499a8eabfbadc76ba25,b21aa9449da53a3c6d014a0ca80dfd35c110458a9d620499a8eabfbadc76ba25,6265791ff9347bddba9cc40772dbc7e2b52ef97f150c35474dc95570928f7ee8,/home/exouser/FORTE/gnp_style_continuous_20260830_125107/collection_long2/P5S0C_BRANCH_TELEMETRY/p5s0c_train_t6_r02_s5102_low_mu0.225446_GNP_S3_F3p44165049_R1_F3.44165_trajectory.csv,1,,0
p5s0c_train_t6_r02_s5102_low_mu0.225446_GNP_S3_F3p44165049_R2_F3.44165,p5s0c_train_t6_r02_s5102_low_mu0.225446,p5s0c_train_t6_root02_s5102,6,LOW,0.2254455884485326,3,2,3.441650493875718,3.561482068896294,0.11983157502057562,1,1,,1,b21aa9449da53a3c6d014a0ca80dfd35c110458a9d620499a8eabfbadc76ba25,b21aa9449da53a3c6d014a0ca80dfd35c110458a9d620499a8eabfbadc76ba25,6265791ff9347bddba9cc40772dbc7e2b52ef97f150c35474dc95570928f7ee8,/home/exouser/FORTE/gnp_style_continuous_20260830_125107/collection_long2/P5S0C_BRANCH_TELEMETRY/p5s0c_train_t6_r02_s5102_low_mu0.225446_GNP_S3_F3p44165049_R2_F3.44165_trajectory.csv,1,,0
p5s0c_train_t6_r02_s5102_low_mu0.225446_GNP_S4_F3p61612272_R1_F3.61612,p5s0c_train_t6_r02_s5102_low_mu0.225446,p5s0c_train_t6_root02_s5102,6,LOW,0.2254455884485326,4,1,3.616122715552837,3.784541010856629,0.16841829530379204,1,1,,1,b21aa9449da53a3c6d014a0ca80dfd35c110458a9d620499a8eabfbadc76ba25,b21aa9449da53a3c6d014a0ca80dfd35c110458a9d620499a8eabfbadc76ba25,6265791ff9347bddba9cc40772dbc7e2b52ef97f150c35474dc95570928f7ee8,/home/exouser/FORTE/gnp_style_continuous_20260830_125107/collection_long2/P5S0C_BRANCH_TELEMETRY/p5s0c_train_t6_r02_s5102_low_mu0.225446_GNP_S4_F3p61612272_R1_F3.61612_trajectory.csv,1,,0
p5s0c_train_t6_r02_s5102_low_mu0.225446_GNP_S4_F3p61612272_R2_F3.61612,p5s0c_train_t6_r02_s5102_low_mu0.225446,p5s0c_train_t6_root02_s5102,6,LOW,0.2254455884485326,4,2,3.616122715552837,3.7692812979221344,0.15315858236929758,1,1,,1,b21aa9449da53a3c6d014a0ca80dfd35c110458a9d620499a8eabfbadc76ba25,b21aa9449da53a3c6d014a0ca80dfd35c110458a9d620499a8eabfbadc76ba25,6265791ff9347bddba9cc40772dbc7e2b52ef97f150c35474dc95570928f7ee8,/home/exouser/FORTE/gnp_style_continuous_20260830_125107/collection_long2/P5S0C_BRANCH_TELEMETRY/p5s0c_train_t6_r02_s5102_low_mu0.225446_GNP_S4_F3p61612272_R2_F3.61612_trajectory.csv,1,,0
p5s0c_train_t6_r02_s5102_low_mu0.225446_GNP_S5_F3p96505102_R1_F3.96505,p5s0c_train_t6_r02_s5102_low_mu0.225446,p5s0c_train_t6_root02_s5102,6,LOW,0.2254455884485326,5,1,3.965051015142602,4.151189774274826,0.18613875913222389,1,1,,1,b21aa9449da53a3c6d014a0ca80dfd35c110458a9d620499a8eabfbadc76ba25,b21aa9449da53a3c6d014a0ca80dfd35c110458a9d620499a8eabfbadc76ba25,6265791ff9347bddba9cc40772dbc7e2b52ef97f150c35474dc95570928f7ee8,/home/exouser/FORTE/gnp_style_continuous_20260830_125107/collection_long2/P5S0C_BRANCH_TELEMETRY/p5s0c_train_t6_r02_s5102_low_mu0.225446_GNP_S5_F3p96505102_R1_F3.96505_trajectory.csv,1,,0
p5s0c_train_t6_r02_s5102_low_mu0.225446_GNP_S5_F3p96505102_R2_F3.96505,p5s0c_train_t6_r02_s5102_low_mu0.225446,p5s0c_train_t6_root02_s5102,6,LOW,0.2254455884485326,5,2,3.965051015142602,4.149383306503296,0.18433229136069373,1,1,,1,b21aa9449da53a3c6d014a0ca80dfd35c110458a9d620499a8eabfbadc76ba25,b21aa9449da53a3c6d014a0ca80dfd35c110458a9d620499a8eabfbadc76ba25,6265791ff9347bddba9cc40772dbc7e2b52ef97f150c35474dc95570928f7ee8,/home/exouser/FORTE/gnp_style_continuous_20260830_125107/collection_long2/P5S0C_BRANCH_TELEMETRY/p5s0c_train_t6_r02_s5102_low_mu0.225446_GNP_S5_F3p96505102_R2_F3.96505_trajectory.csv,1,,0
p5s0c_train_t6_r02_s5102_mid_mu0.568022_GNP_S1_F3p00173658_R1_F3.00174,p5s0c_train_t6_r02_s5102_mid_mu0.568022,p5s0c_train_t6_root02_s5102,6,MID,0.5680218260664094,1,1,3.001736578401635,3.1022932708263395,0.10055669242470433,1,1,,1,7c9e10c2bed5dfe3a18698937ff71a837d0e70a60830c39f6d759cd8c834070f,7c9e10c2bed5dfe3a18698937ff71a837d0e70a60830c39f6d759cd8c834070f,9b61fcad09ce21655c0454d9d770cb12b49ee27da7cb9b6fb8c190ec1b1cbb4d,/home/exouser/FORTE/gnp_style_continuous_20260830_125107/collection_long2/P5S0C_BRANCH_TELEMETRY/p5s0c_train_t6_r02_s5102_mid_mu0.568022_GNP_S1_F3p00173658_R1_F3.00174_trajectory.csv,1,,0
p5s0c_train_t6_r02_s5102_mid_mu0.568022_GNP_S1_F3p00173658_R2_F3.00174,p5s0c_train_t6_r02_s5102_mid_mu0.568022,p5s0c_train_t6_root02_s5102,6,MID,0.5680218260664094,1,2,3.001736578401635,4.257500670142288e-32,3.001736578401635,1,0,full_task_failure,1,7c9e10c2bed5dfe3a18698937ff71a837d0e70a60830c39f6d759cd8c834070f,7c9e10c2bed5dfe3a18698937ff71a837d0e70a60830c39f6d759cd8c834070f,9b61fcad09ce21655c0454d9d770cb12b49ee27da7cb9b6fb8c190ec1b1cbb4d,/home/exouser/FORTE/gnp_style_continuous_20260830_125107/collection_long2/P5S0C_BRANCH_TELEMETRY/p5s0c_train_t6_r02_s5102_mid_mu0.568022_GNP_S1_F3p00173658_R2_F3.00174_trajectory.csv,1,,0
p5s0c_train_t6_r02_s5102_mid_mu0.568022_GNP_S2_F3p27072906_R1_F3.27073,p5s0c_train_t6_r02_s5102_mid_mu0.568022,p5s0c_train_t6_root02_s5102,6,MID,0.5680218260664094,2,1,3.2707290577296604,3.310881811380386,0.04015275365072579,1,1,,1,7c9e10c2bed5dfe3a18698937ff71a837d0e70a60830c39f6d759cd8c834070f,7c9e10c2bed5dfe3a18698937ff71a837d0e70a60830c39f6d759cd8c834070f,9b61fcad09ce21655c0454d9d770cb12b49ee27da7cb9b6fb8c190ec1b1cbb4d,/home/exouser/FORTE/gnp_style_continuous_20260830_125107/collection_long2/P5S0C_BRANCH_TELEMETRY/p5s0c_train_t6_r02_s5102_mid_mu0.568022_GNP_S2_F3p27072906_R1_F3.27073_trajectory.csv,1,,0
p5s0c_train_t6_r02_s5102_mid_mu0.568022_GNP_S2_F3p27072906_R2_F3.27073,p5s0c_train_t6_r02_s5102_mid_mu0.568022,p5s0c_train_t6_root02_s5102,6,MID,0.5680218260664094,2,2,3.2707290577296604,3.3119946748018263,0.04126561707216592,1,1,,1,7c9e10c2bed5dfe3a18698937ff71a837d0e70a60830c39f6d759cd8c834070f,7c9e10c2bed5dfe3a18698937ff71a837d0e70a60830c39f6d759cd8c834070f,9b61fcad09ce21655c0454d9d770cb12b49ee27da7cb9b6fb8c190ec1b1cbb4d,/home/exouser/FORTE/gnp_style_continuous_20260830_125107/collection_long2/P5S0C_BRANCH_TELEMETRY/p5s0c_train_t6_r02_s5102_mid_mu0.568022_GNP_S2_F3p27072906_R2_F3.27073_trajectory.csv,1,,0
p5s0c_train_t6_r02_s5102_mid_mu0.568022_GNP_S3_F3p59921485_R1_F3.59921,p5s0c_train_t6_r02_s5102_mid_mu0.568022,p5s0c_train_t6_root02_s5102,6,MID,0.5680218260664094,3,1,3.599214850723836,3.661754783987999,0.06253993326416296,1,1,,1,7c9e10c2bed5dfe3a18698937ff71a837d0e70a60830c39f6d759cd8c834070f,7c9e10c2bed5dfe3a18698937ff71a837d0e70a60830c39f6d759cd8c834070f,9b61fcad09ce21655c0454d9d770cb12b49ee27da7cb9b6fb8c190ec1b1cbb4d,/home/exouser/FORTE/gnp_style_continuous_20260830_125107/collection_long2/P5S0C_BRANCH_TELEMETRY/p5s0c_train_t6_r02_s5102_mid_mu0.568022_GNP_S3_F3p59921485_R1_F3.59921_trajectory.csv,1,,0
p5s0c_train_t6_r02_s5102_mid_mu0.568022_GNP_S3_F3p59921485_R2_F3.59921,p5s0c_train_t6_r02_s5102_mid_mu0.568022,p5s0c_train_t6_root02_s5102,6,MID,0.5680218260664094,3,2,3.599214850723836,3.6596399694681168,0.06042511874428058,1,1,,1,7c9e10c2bed5dfe3a18698937ff71a837d0e70a60830c39f6d759cd8c834070f,7c9e10c2bed5dfe3a18698937ff71a837d0e70a60830c39f6d759cd8c834070f,9b61fcad09ce21655c0454d9d770cb12b49ee27da7cb9b6fb8c190ec1b1cbb4d,/home/exouser/FORTE/gnp_style_continuous_20260830_125107/collection_long2/P5S0C_BRANCH_TELEMETRY/p5s0c_train_t6_r02_s5102_mid_mu0.568022_GNP_S3_F3p59921485_R2_F3.59921_trajectory.csv,1,,0
p5s0c_train_t6_r02_s5102_mid_mu0.568022_GNP_S4_F3p76330152_R1_F3.7633,p5s0c_train_t6_r02_s5102_mid_mu0.568022,p5s0c_train_t6_root02_s5102,6,MID,0.5680218260664094,4,1,3.7633015241904815,3.8216153174638743,0.05831379327339281,1,1,,1,7c9e10c2bed5dfe3a18698937ff71a837d0e70a60830c39f6d759cd8c834070f,7c9e10c2bed5dfe3a18698937ff71a837d0e70a60830c39f6d759cd8c834070f,9b61fcad09ce21655c0454d9d770cb12b49ee27da7cb9b6fb8c190ec1b1cbb4d,/home/exouser/FORTE/gnp_style_continuous_20260830_125107/collection_long2/P5S0C_BRANCH_TELEMETRY/p5s0c_train_t6_r02_s5102_mid_mu0.568022_GNP_S4_F3p76330152_R1_F3.7633_trajectory.csv,1,,0
p5s0c_train_t6_r02_s5102_mid_mu0.568022_GNP_S4_F3p76330152_R2_F3.7633,p5s0c_train_t6_r02_s5102_mid_mu0.568022,p5s0c_train_t6_root02_s5102,6,MID,0.5680218260664094,4,2,3.7633015241904815,3.791739270091057,0.02843774590057535,1,1,,1,7c9e10c2bed5dfe3a18698937ff71a837d0e70a60830c39f6d759cd8c834070f,7c9e10c2bed5dfe3a18698937ff71a837d0e70a60830c39f6d759cd8c834070f,9b61fcad09ce21655c0454d9d770cb12b49ee27da7cb9b6fb8c190ec1b1cbb4d,/home/exouser/FORTE/gnp_style_continuous_20260830_125107/collection_long2/P5S0C_BRANCH_TELEMETRY/p5s0c_train_t6_r02_s5102_mid_mu0.568022_GNP_S4_F3p76330152_R2_F3.7633_trajectory.csv,1,,0
p5s0c_train_t6_r02_s5102_mid_mu0.568022_GNP_S5_F3p84347847_R1_F3.84348,p5s0c_train_t6_r02_s5102_mid_mu0.568022,p5s0c_train_t6_root02_s5102,6,MID,0.5680218260664094,5,1,3.843478468160217,3.881129124760628,0.037650656600411114,1,1,,1,7c9e10c2bed5dfe3a18698937ff71a837d0e70a60830c39f6d759cd8c834070f,7c9e10c2bed5dfe3a18698937ff71a837d0e70a60830c39f6d759cd8c834070f,9b61fcad09ce21655c0454d9d770cb12b49ee27da7cb9b6fb8c190ec1b1cbb4d,/home/exouser/FORTE/gnp_style_continuous_20260830_125107/collection_long2/P5S0C_BRANCH_TELEMETRY/p5s0c_train_t6_r02_s5102_mid_mu0.568022_GNP_S5_F3p84347847_R1_F3.84348_trajectory.csv,1,,0
p5s0c_train_t6_r02_s5102_mid_mu0.568022_GNP_S5_F3p84347847_R2_F3.84348,p5s0c_train_t6_r02_s5102_mid_mu0.568022,p5s0c_train_t6_root02_s5102,6,MID,0.5680218260664094,5,2,3.843478468160217,3.8696311116218567,0.026152643461639702,1,1,,1,7c9e10c2bed5dfe3a18698937ff71a837d0e70a60830c39f6d759cd8c834070f,7c9e10c2bed5dfe3a18698937ff71a837d0e70a60830c39f6d759cd8c834070f,9b61fcad09ce21655c0454d9d770cb12b49ee27da7cb9b6fb8c190ec1b1cbb4d,/home/exouser/FORTE/gnp_style_continuous_20260830_125107/collection_long2/P5S0C_BRANCH_TELEMETRY/p5s0c_train_t6_r02_s5102_mid_mu0.568022_GNP_S5_F3p84347847_R2_F3.84348_trajectory.csv,1,,0
p5s0c_train_t6_r03_s5103_high_mu0.989240_GNP_S1_F3p06879803_R1_F3.0688,p5s0c_train_t6_r03_s5103_high_mu0.989240,p5s0c_train_t6_root03_s5103,6,HIGH,0.9892401623583468,1,1,3.0687980275930915,3.141639932990074,0.07284190539698265,1,1,,1,04ebb31750b5f7151dd4bdc5e54f701f58dc10a1c55c174642083d9c5293b943,04ebb31750b5f7151dd4bdc5e54f701f58dc10a1c55c174642083d9c5293b943,e94d75911ac6304dbd655ac9655aff517d3a2794f14c32d3bd3ac60987083dec,/home/exouser/FORTE/gnp_style_continuous_20260830_125107/collection_long2/P5S0C_BRANCH_TELEMETRY/p5s0c_train_t6_r03_s5103_high_mu0.989240_GNP_S1_F3p06879803_R1_F3.0688_trajectory.csv,1,,0
p5s0c_train_t6_r03_s5103_high_mu0.989240_GNP_S1_F3p06879803_R2_F3.0688,p5s0c_train_t6_r03_s5103_high_mu0.989240,p5s0c_train_t6_root03_s5103,6,HIGH,0.9892401623583468,1,2,3.0687980275930915,3.179847365617752,0.11104933802466066,1,1,,1,04ebb31750b5f7151dd4bdc5e54f701f58dc10a1c55c174642083d9c5293b943,04ebb31750b5f7151dd4bdc5e54f701f58dc10a1c55c174642083d9c5293b943,e94d75911ac6304dbd655ac9655aff517d3a2794f14c32d3bd3ac60987083dec,/home/exouser/FORTE/gnp_style_continuous_20260830_125107/collection_long2/P5S0C_BRANCH_TELEMETRY/p5s0c_train_t6_r03_s5103_high_mu0.989240_GNP_S1_F3p06879803_R2_F3.0688_trajectory.csv,1,,0
p5s0c_train_t6_r03_s5103_high_mu0.989240_GNP_S2_F3p33600859_R1_F3.33601,p5s0c_train_t6_r03_s5103_high_mu0.989240,p5s0c_train_t6_root03_s5103,6,HIGH,0.9892401623583468,2,1,3.336008588687707,3.4863189697265624,0.1503103810388553,1,1,,1,04ebb31750b5f7151dd4bdc5e54f701f58dc10a1c55c174642083d9c5293b943,04ebb31750b5f7151dd4bdc5e54f701f58dc10a1c55c174642083d9c5293b943,e94d75911ac6304dbd655ac9655aff517d3a2794f14c32d3bd3ac60987083dec,/home/exouser/FORTE/gnp_style_continuous_20260830_125107/collection_long2/P5S0C_BRANCH_TELEMETRY/p5s0c_train_t6_r03_s5103_high_mu0.989240_GNP_S2_F3p33600859_R1_F3.33601_trajectory.csv,1,,0
p5s0c_train_t6_r03_s5103_high_mu0.989240_GNP_S2_F3p33600859_R2_F3.33601,p5s0c_train_t6_r03_s5103_high_mu0.989240,p5s0c_train_t6_root03_s5103,6,HIGH,0.9892401623583468,2,2,3.336008588687707,3.454348784685135,0.11834019599742795,1,1,,1,04ebb31750b5f7151dd4bdc5e54f701f58dc10a1c55c174642083d9c5293b943,04ebb31750b5f7151dd4bdc5e54f701f58dc10a1c55c174642083d9c5293b943,e94d75911ac6304dbd655ac9655aff517d3a2794f14c32d3bd3ac60987083dec,/home/exouser/FORTE/gnp_style_continuous_20260830_125107/collection_long2/P5S0C_BRANCH_TELEMETRY/p5s0c_train_t6_r03_s5103_high_mu0.989240_GNP_S2_F3p33600859_R2_F3.33601_trajectory.csv,1,,0
p5s0c_train_t6_r03_s5103_high_mu0.989240_GNP_S3_F3p45277382_R1_F3.45277,p5s0c_train_t6_r03_s5103_high_mu0.989240,p5s0c_train_t6_root03_s5103,6,HIGH,0.9892401623583468,3,1,3.452773822923704,3.5957947075366974,0.14302088461299345,1,1,,1,04ebb31750b5f7151dd4bdc5e54f701f58dc10a1c55c174642083d9c5293b943,04ebb31750b5f7151dd4bdc5e54f701f58dc10a1c55c174642083d9c5293b943,e94d75911ac6304dbd655ac9655aff517d3a2794f14c32d3bd3ac60987083dec,/home/exouser/FORTE/gnp_style_continuous_20260830_125107/collection_long2/P5S0C_BRANCH_TELEMETRY/p5s0c_train_t6_r03_s5103_high_mu0.989240_GNP_S3_F3p45277382_R1_F3.45277_trajectory.csv,1,,0
p5s0c_train_t6_r03_s5103_high_mu0.989240_GNP_S3_F3p45277382_R2_F3.45277,p5s0c_train_t6_r03_s5103_high_mu0.989240,p5s0c_train_t6_root03_s5103,6,HIGH,0.9892401623583468,3,2,3.452773822923704,3.587140792608261,0.13436696968455708,1,1,,1,04ebb31750b5f7151dd4bdc5e54f701f58dc10a1c55c174642083d9c5293b943,04ebb31750b5f7151dd4bdc5e54f701f58dc10a1c55c174642083d9c5293b943,e94d75911ac6304dbd655ac9655aff517d3a2794f14c32d3bd3ac60987083dec,/home/exouser/FORTE/gnp_style_continuous_20260830_125107/collection_long2/P5S0C_BRANCH_TELEMETRY/p5s0c_train_t6_r03_s5103_high_mu0.989240_GNP_S3_F3p45277382_R2_F3.45277_trajectory.csv,1,,0
p5s0c_train_t6_r03_s5103_high_mu0.989240_GNP_S4_F3p7052248_R1_F3.70522,p5s0c_train_t6_r03_s5103_high_mu0.989240,p5s0c_train_t6_root03_s5103,6,HIGH,0.9892401623583468,4,1,3.7052248045710336,3.878382316231728,0.17315751166069449,1,1,,1,04ebb31750b5f7151dd4bdc5e54f701f58dc10a1c55c174642083d9c5293b943,04ebb31750b5f7151dd4bdc5e54f701f58dc10a1c55c174642083d9c5293b943,e94d75911ac6304dbd655ac9655aff517d3a2794f14c32d3bd3ac60987083dec,/home/exouser/FORTE/gnp_style_continuous_20260830_125107/collection_long2/P5S0C_BRANCH_TELEMETRY/p5s0c_train_t6_r03_s5103_high_mu0.989240_GNP_S4_F3p7052248_R1_F3.70522_trajectory.csv,1,,0
p5s0c_train_t6_r03_s5103_high_mu0.989240_GNP_S4_F3p7052248_R2_F3.70522,p5s0c_train_t6_r03_s5103_high_mu0.989240,p5s0c_train_t6_root03_s5103,6,HIGH,0.9892401623583468,4,2,3.7052248045710336,3.882468351721764,0.17724354715073032,1,1,,1,04ebb31750b5f7151dd4bdc5e54f701f58dc10a1c55c174642083d9c5293b943,04ebb31750b5f7151dd4bdc5e54f701f58dc10a1c55c174642083d9c5293b943,e94d75911ac6304dbd655ac9655aff517d3a2794f14c32d3bd3ac60987083dec,/home/exouser/FORTE/gnp_style_continuous_20260830_125107/collection_long2/P5S0C_BRANCH_TELEMETRY/p5s0c_train_t6_r03_s5103_high_mu0.989240_GNP_S4_F3p7052248_R2_F3.70522_trajectory.csv,1,,0
p5s0c_train_t6_r03_s5103_high_mu0.989240_GNP_S5_F3p93842218_R1_F3.93842,p5s0c_train_t6_r03_s5103_high_mu0.989240,p5s0c_train_t6_root03_s5103,6,HIGH,0.9892401623583468,5,1,3.938422181531021,4.142322528362274,0.20390034683125302,1,1,,1,04ebb31750b5f7151dd4bdc5e54f701f58dc10a1c55c174642083d9c5293b943,04ebb31750b5f7151dd4bdc5e54f701f58dc10a1c55c174642083d9c5293b943,e94d75911ac6304dbd655ac9655aff517d3a2794f14c32d3bd3ac60987083dec,/home/exouser/FORTE/gnp_style_continuous_20260830_125107/collection_long2/P5S0C_BRANCH_TELEMETRY/p5s0c_train_t6_r03_s5103_high_mu0.989240_GNP_S5_F3p93842218_R1_F3.93842_trajectory.csv,1,,0
p5s0c_train_t6_r03_s5103_high_mu0.989240_GNP_S5_F3p93842218_R2_F3.93842,p5s0c_train_t6_r03_s5103_high_mu0.989240,p5s0c_train_t6_root03_s5103,6,HIGH,0.9892401623583468,5,2,3.938422181531021,4.143945124745369,0.20552294321434816,1,1,,1,04ebb31750b5f7151dd4bdc5e54f701f58dc10a1c55c174642083d9c5293b943,04ebb31750b5f7151dd4bdc5e54f701f58dc10a1c55c174642083d9c5293b943,e94d75911ac6304dbd655ac9655aff517d3a2794f14c32d3bd3ac60987083dec,/home/exouser/FORTE/gnp_style_continuous_20260830_125107/collection_long2/P5S0C_BRANCH_TELEMETRY/p5s0c_train_t6_r03_s5103_high_mu0.989240_GNP_S5_F3p93842218_R2_F3.93842_trajectory.csv,1,,0
p5s0c_train_t6_r03_s5103_low_mu0.298364_GNP_S1_F3p1487869_R1_F3.14879,p5s0c_train_t6_r03_s5103_low_mu0.298364,p5s0c_train_t6_root03_s5103,6,LOW,0.2983642867493329,1,1,3.148786898222252,3.23607049882412,0.08728360060186802,1,1,,1,6b7e15f84de8ea803d7247e66c9353666092ac6f28166d6e6dcde52518d4d3b0,6b7e15f84de8ea803d7247e66c9353666092ac6f28166d6e6dcde52518d4d3b0,fdebd1560725f8e80f2839483f8a4270355fe9eeaebbdfc69163f9855fb30219,/home/exouser/FORTE/gnp_style_continuous_20260830_125107/collection_long2/P5S0C_BRANCH_TELEMETRY/p5s0c_train_t6_r03_s5103_low_mu0.298364_GNP_S1_F3p1487869_R1_F3.14879_trajectory.csv,1,,0
p5s0c_train_t6_r03_s5103_low_mu0.298364_GNP_S1_F3p1487869_R2_F3.14879,p5s0c_train_t6_r03_s5103_low_mu0.298364,p5s0c_train_t6_root03_s5103,6,LOW,0.2983642867493329,1,2,3.148786898222252,3.188472408056259,0.03968550983400698,1,1,,1,6b7e15f84de8ea803d7247e66c9353666092ac6f28166d6e6dcde52518d4d3b0,6b7e15f84de8ea803d7247e66c9353666092ac6f28166d6e6dcde52518d4d3b0,fdebd1560725f8e80f2839483f8a4270355fe9eeaebbdfc69163f9855fb30219,/home/exouser/FORTE/gnp_style_continuous_20260830_125107/collection_long2/P5S0C_BRANCH_TELEMETRY/p5s0c_train_t6_r03_s5103_low_mu0.298364_GNP_S1_F3p1487869_R2_F3.14879_trajectory.csv,1,,0
p5s0c_train_t6_r03_s5103_low_mu0.298364_GNP_S2_F3p22427067_R1_F3.22427,p5s0c_train_t6_r03_s5103_low_mu0.298364,p5s0c_train_t6_root03_s5103,6,LOW,0.2983642867493329,2,1,3.2242706669654955,3.28667131960392,0.062400652638424425,1,1,,1,6b7e15f84de8ea803d7247e66c9353666092ac6f28166d6e6dcde52518d4d3b0,6b7e15f84de8ea803d7247e66c9353666092ac6f28166d6e6dcde52518d4d3b0,fdebd1560725f8e80f2839483f8a4270355fe9eeaebbdfc69163f9855fb30219,/home/exouser/FORTE/gnp_style_continuous_20260830_125107/collection_long2/P5S0C_BRANCH_TELEMETRY/p5s0c_train_t6_r03_s5103_low_mu0.298364_GNP_S2_F3p22427067_R1_F3.22427_trajectory.csv,1,,0
p5s0c_train_t6_r03_s5103_low_mu0.298364_GNP_S2_F3p22427067_R2_F3.22427,p5s0c_train_t6_r03_s5103_low_mu0.298364,p5s0c_train_t6_root03_s5103,6,LOW,0.2983642867493329,2,2,3.2242706669654955,3.32322316467762,0.09895249771212455,1,1,,1,6b7e15f84de8ea803d7247e66c9353666092ac6f28166d6e6dcde52518d4d3b0,6b7e15f84de8ea803d7247e66c9353666092ac6f28166d6e6dcde52518d4d3b0,fdebd1560725f8e80f2839483f8a4270355fe9eeaebbdfc69163f9855fb30219,/home/exouser/FORTE/gnp_style_continuous_20260830_125107/collection_long2/P5S0C_BRANCH_TELEMETRY/p5s0c_train_t6_r03_s5103_low_mu0.298364_GNP_S2_F3p22427067_R2_F3.22427_trajectory.csv,1,,0
p5s0c_train_t6_r03_s5103_low_mu0.298364_GNP_S3_F3p56609687_R1_F3.5661,p5s0c_train_t6_r03_s5103_low_mu0.298364,p5s0c_train_t6_root03_s5103,6,LOW,0.2983642867493329,3,1,3.5660968664584223,3.658284705877304,0.09218783941888153,1,1,,1,6b7e15f84de8ea803d7247e66c9353666092ac6f28166d6e6dcde52518d4d3b0,6b7e15f84de8ea803d7247e66c9353666092ac6f28166d6e6dcde52518d4d3b0,fdebd1560725f8e80f2839483f8a4270355fe9eeaebbdfc69163f9855fb30219,/home/exouser/FORTE/gnp_style_continuous_20260830_125107/collection_long2/P5S0C_BRANCH_TELEMETRY/p5s0c_train_t6_r03_s5103_low_mu0.298364_GNP_S3_F3p56609687_R1_F3.5661_trajectory.csv,1,,0
p5s0c_train_t6_r03_s5103_low_mu0.298364_GNP_S3_F3p56609687_R2_F3.5661,p5s0c_train_t6_r03_s5103_low_mu0.298364,p5s0c_train_t6_root03_s5103,6,LOW,0.2983642867493329,3,2,3.5660968664584223,3.659435313940048,0.09333844748162567,1,1,,1,6b7e15f84de8ea803d7247e66c9353666092ac6f28166d6e6dcde52518d4d3b0,6b7e15f84de8ea803d7247e66c9353666092ac6f28166d6e6dcde52518d4d3b0,fdebd1560725f8e80f2839483f8a4270355fe9eeaebbdfc69163f9855fb30219,/home/exouser/FORTE/gnp_style_continuous_20260830_125107/collection_long2/P5S0C_BRANCH_TELEMETRY/p5s0c_train_t6_r03_s5103_low_mu0.298364_GNP_S3_F3p56609687_R2_F3.5661_trajectory.csv,1,,0
p5s0c_train_t6_r03_s5103_low_mu0.298364_GNP_S4_F3p7768826_R1_F3.77688,p5s0c_train_t6_r03_s5103_low_mu0.298364,p5s0c_train_t6_root03_s5103,6,LOW,0.2983642867493329,4,1,3.776882604211004,3.910345494747162,0.1334628905361579,1,1,,1,6b7e15f84de8ea803d7247e66c9353666092ac6f28166d6e6dcde52518d4d3b0,6b7e15f84de8ea803d7247e66c9353666092ac6f28166d6e6dcde52518d4d3b0,fdebd1560725f8e80f2839483f8a4270355fe9eeaebbdfc69163f9855fb30219,/home/exouser/FORTE/gnp_style_continuous_20260830_125107/collection_long2/P5S0C_BRANCH_TELEMETRY/p5s0c_train_t6_r03_s5103_low_mu0.298364_GNP_S4_F3p7768826_R1_F3.77688_trajectory.csv,1,,0
p5s0c_train_t6_r03_s5103_low_mu0.298364_GNP_S4_F3p7768826_R2_F3.77688,p5s0c_train_t6_r03_s5103_low_mu0.298364,p5s0c_train_t6_root03_s5103,6,LOW,0.2983642867493329,4,2,3.776882604211004,3.910466504096985,0.13358389988598107,1,1,,1,6b7e15f84de8ea803d7247e66c9353666092ac6f28166d6e6dcde52518d4d3b0,6b7e15f84de8ea803d7247e66c9353666092ac6f28166d6e6dcde52518d4d3b0,fdebd1560725f8e80f2839483f8a4270355fe9eeaebbdfc69163f9855fb30219,/home/exouser/FORTE/gnp_style_continuous_20260830_125107/collection_long2/P5S0C_BRANCH_TELEMETRY/p5s0c_train_t6_r03_s5103_low_mu0.298364_GNP_S4_F3p7768826_R2_F3.77688_trajectory.csv,1,,0
p5s0c_train_t6_r03_s5103_low_mu0.298364_GNP_S5_F3p99515334_R1_F3.99515,p5s0c_train_t6_r03_s5103_low_mu0.298364,p5s0c_train_t6_root03_s5103,6,LOW,0.2983642867493329,5,1,3.9951533437943336,4.151093637943268,0.15594029414893473,1,1,,1,6b7e15f84de8ea803d7247e66c9353666092ac6f28166d6e6dcde52518d4d3b0,6b7e15f84de8ea803d7247e66c9353666092ac6f28166d6e6dcde52518d4d3b0,fdebd1560725f8e80f2839483f8a4270355fe9eeaebbdfc69163f9855fb30219,/home/exouser/FORTE/gnp_style_continuous_20260830_125107/collection_long2/P5S0C_BRANCH_TELEMETRY/p5s0c_train_t6_r03_s5103_low_mu0.298364_GNP_S5_F3p99515334_R1_F3.99515_trajectory.csv,1,,0
p5s0c_train_t6_r03_s5103_low_mu0.298364_GNP_S5_F3p99515334_R2_F3.99515,p5s0c_train_t6_r03_s5103_low_mu0.298364,p5s0c_train_t6_root03_s5103,6,LOW,0.2983642867493329,5,2,3.9951533437943336,4.152763605117798,0.15761026132346423,1,1,,1,6b7e15f84de8ea803d7247e66c9353666092ac6f28166d6e6dcde52518d4d3b0,6b7e15f84de8ea803d7247e66c9353666092ac6f28166d6e6dcde52518d4d3b0,fdebd1560725f8e80f2839483f8a4270355fe9eeaebbdfc69163f9855fb30219,/home/exouser/FORTE/gnp_style_continuous_20260830_125107/collection_long2/P5S0C_BRANCH_TELEMETRY/p5s0c_train_t6_r03_s5103_low_mu0.298364_GNP_S5_F3p99515334_R2_F3.99515_trajectory.csv,1,,0
p5s0c_train_t6_r03_s5103_mid_mu0.494903_GNP_S1_F3p15978234_R1_F3.15978,p5s0c_train_t6_r03_s5103_mid_mu0.494903,p5s0c_train_t6_root03_s5103,6,MID,0.4949034834883461,1,1,3.159782343208442,3.335806748270989,0.17602440506254702,1,1,,1,2bd13f5f7f36efb151edb30ade8599ea5850209aa7de5158f26eec3eee911723,2bd13f5f7f36efb151edb30ade8599ea5850209aa7de5158f26eec3eee911723,046905b62f840a2bb478195ad312d878a5910d7299ba6ad7df69d14827b3ae28,/home/exouser/FORTE/gnp_style_continuous_20260830_125107/collection_long2/P5S0C_BRANCH_TELEMETRY/p5s0c_train_t6_r03_s5103_mid_mu0.494903_GNP_S1_F3p15978234_R1_F3.15978_trajectory.csv,1,,0
p5s0c_train_t6_r03_s5103_mid_mu0.494903_GNP_S1_F3p15978234_R2_F3.15978,p5s0c_train_t6_r03_s5103_mid_mu0.494903,p5s0c_train_t6_root03_s5103,6,MID,0.4949034834883461,1,2,3.159782343208442,3.3376893609762197,0.17790701776777773,1,1,,1,2bd13f5f7f36efb151edb30ade8599ea5850209aa7de5158f26eec3eee911723,2bd13f5f7f36efb151edb30ade8599ea5850209aa7de5158f26eec3eee911723,046905b62f840a2bb478195ad312d878a5910d7299ba6ad7df69d14827b3ae28,/home/exouser/FORTE/gnp_style_continuous_20260830_125107/collection_long2/P5S0C_BRANCH_TELEMETRY/p5s0c_train_t6_r03_s5103_mid_mu0.494903_GNP_S1_F3p15978234_R2_F3.15978_trajectory.csv,1,,0
p5s0c_train_t6_r03_s5103_mid_mu0.494903_GNP_S2_F3p33146411_R1_F3.33146,p5s0c_train_t6_r03_s5103_mid_mu0.494903,p5s0c_train_t6_root03_s5103,6,MID,0.4949034834883461,2,1,3.331464113310517,3.541012868285179,0.2095487549746622,1,1,,1,2bd13f5f7f36efb151edb30ade8599ea5850209aa7de5158f26eec3eee911723,2bd13f5f7f36efb151edb30ade8599ea5850209aa7de5158f26eec3eee911723,046905b62f840a2bb478195ad312d878a5910d7299ba6ad7df69d14827b3ae28,/home/exouser/FORTE/gnp_style_continuous_20260830_125107/collection_long2/P5S0C_BRANCH_TELEMETRY/p5s0c_train_t6_r03_s5103_mid_mu0.494903_GNP_S2_F3p33146411_R1_F3.33146_trajectory.csv,1,,0
p5s0c_train_t6_r03_s5103_mid_mu0.494903_GNP_S2_F3p33146411_R2_F3.33146,p5s0c_train_t6_r03_s5103_mid_mu0.494903,p5s0c_train_t6_root03_s5103,6,MID,0.4949034834883461,2,2,3.331464113310517,3.5347825825214385,0.20331846921092156,1,1,,1,2bd13f5f7f36efb151edb30ade8599ea5850209aa7de5158f26eec3eee911723,2bd13f5f7f36efb151edb30ade8599ea5850209aa7de5158f26eec3eee911723,046905b62f840a2bb478195ad312d878a5910d7299ba6ad7df69d14827b3ae28,/home/exouser/FORTE/gnp_style_continuous_20260830_125107/collection_long2/P5S0C_BRANCH_TELEMETRY/p5s0c_train_t6_r03_s5103_mid_mu0.494903_GNP_S2_F3p33146411_R2_F3.33146_trajectory.csv,1,,0
p5s0c_train_t6_r03_s5103_mid_mu0.494903_GNP_S3_F3p57126993_R1_F3.57127,p5s0c_train_t6_r03_s5103_mid_mu0.494903,p5s0c_train_t6_root03_s5103,6,MID,0.4949034834883461,3,1,3.571269927063077,3.8106852650642393,0.23941533800116233,1,1,,1,2bd13f5f7f36efb151edb30ade8599ea5850209aa7de5158f26eec3eee911723,2bd13f5f7f36efb151edb30ade8599ea5850209aa7de5158f26eec3eee911723,046905b62f840a2bb478195ad312d878a5910d7299ba6ad7df69d14827b3ae28,/home/exouser/FORTE/gnp_style_continuous_20260830_125107/collection_long2/P5S0C_BRANCH_TELEMETRY/p5s0c_train_t6_r03_s5103_mid_mu0.494903_GNP_S3_F3p57126993_R1_F3.57127_trajectory.csv,1,,0
p5s0c_train_t6_r03_s5103_mid_mu0.494903_GNP_S3_F3p57126993_R2_F3.57127,p5s0c_train_t6_r03_s5103_mid_mu0.494903,p5s0c_train_t6_root03_s5103,6,MID,0.4949034834883461,3,2,3.571269927063077,3.806802535057068,0.23553260799399078,1,1,,1,2bd13f5f7f36efb151edb30ade8599ea5850209aa7de5158f26eec3eee911723,2bd13f5f7f36efb151edb30ade8599ea5850209aa7de5158f26eec3eee911723,046905b62f840a2bb478195ad312d878a5910d7299ba6ad7df69d14827b3ae28,/home/exouser/FORTE/gnp_style_continuous_20260830_125107/collection_long2/P5S0C_BRANCH_TELEMETRY/p5s0c_train_t6_r03_s5103_mid_mu0.494903_GNP_S3_F3p57126993_R2_F3.57127_trajectory.csv,1,,0
p5s0c_train_t6_r03_s5103_mid_mu0.494903_GNP_S4_F3p68563522_R1_F3.68564,p5s0c_train_t6_r03_s5103_mid_mu0.494903,p5s0c_train_t6_root03_s5103,6,MID,0.4949034834883461,4,1,3.685635221259501,3.932692131400109,0.24705691014060793,1,1,,1,2bd13f5f7f36efb151edb30ade8599ea5850209aa7de5158f26eec3eee911723,2bd13f5f7f36efb151edb30ade8599ea5850209aa7de5158f26eec3eee911723,046905b62f840a2bb478195ad312d878a5910d7299ba6ad7df69d14827b3ae28,/home/exouser/FORTE/gnp_style_continuous_20260830_125107/collection_long2/P5S0C_BRANCH_TELEMETRY/p5s0c_train_t6_r03_s5103_mid_mu0.494903_GNP_S4_F3p68563522_R1_F3.68564_trajectory.csv,1,,0
p5s0c_train_t6_r03_s5103_mid_mu0.494903_GNP_S4_F3p68563522_R2_F3.68564,p5s0c_train_t6_r03_s5103_mid_mu0.494903,p5s0c_train_t6_root03_s5103,6,MID,0.4949034834883461,4,2,3.685635221259501,3.9324742794036864,0.2468390581441855,1,1,,1,2bd13f5f7f36efb151edb30ade8599ea5850209aa7de5158f26eec3eee911723,2bd13f5f7f36efb151edb30ade8599ea5850209aa7de5158f26eec3eee911723,046905b62f840a2bb478195ad312d878a5910d7299ba6ad7df69d14827b3ae28,/home/exouser/FORTE/gnp_style_continuous_20260830_125107/collection_long2/P5S0C_BRANCH_TELEMETRY/p5s0c_train_t6_r03_s5103_mid_mu0.494903_GNP_S4_F3p68563522_R2_F3.68564_trajectory.csv,1,,0
p5s0c_train_t6_r03_s5103_mid_mu0.494903_GNP_S5_F3p85467994_R1_F3.85468,p5s0c_train_t6_r03_s5103_mid_mu0.494903,p5s0c_train_t6_root03_s5103,6,MID,0.4949034834883461,5,1,3.854679937560847,4.118631070852279,0.26395113329143216,1,1,,1,2bd13f5f7f36efb151edb30ade8599ea5850209aa7de5158f26eec3eee911723,2bd13f5f7f36efb151edb30ade8599ea5850209aa7de5158f26eec3eee911723,046905b62f840a2bb478195ad312d878a5910d7299ba6ad7df69d14827b3ae28,/home/exouser/FORTE/gnp_style_continuous_20260830_125107/collection_long2/P5S0C_BRANCH_TELEMETRY/p5s0c_train_t6_r03_s5103_mid_mu0.494903_GNP_S5_F3p85467994_R1_F3.85468_trajectory.csv,1,,0
p5s0c_train_t6_r03_s5103_mid_mu0.494903_GNP_S5_F3p85467994_R2_F3.85468,p5s0c_train_t6_r03_s5103_mid_mu0.494903,p5s0c_train_t6_root03_s5103,6,MID,0.4949034834883461,5,2,3.854679937560847,4.118362811207772,0.2636828736469252,1,1,,1,2bd13f5f7f36efb151edb30ade8599ea5850209aa7de5158f26eec3eee911723,2bd13f5f7f36efb151edb30ade8599ea5850209aa7de5158f26eec3eee911723,046905b62f840a2bb478195ad312d878a5910d7299ba6ad7df69d14827b3ae28,/home/exouser/FORTE/gnp_style_continuous_20260830_125107/collection_long2/P5S0C_BRANCH_TELEMETRY/p5s0c_train_t6_r03_s5103_mid_mu0.494903_GNP_S5_F3p85467994_R2_F3.85468_trajectory.csv,1,,0
p5s0c_train_t6_r04_s5104_high_mu0.970401_GNP_S1_F3p15547258_R1_F3.15547,p5s0c_train_t6_r04_s5104_high_mu0.970401,p5s0c_train_t6_root04_s5104,6,HIGH,0.9704010725401304,1,1,3.1554725761966145,3.271215358376503,0.11574278217988843,1,1,,1,2c4b90cf809619b9e6ca97289d6b626aedac540e31e3263ddf6ccd8d09294b25,2c4b90cf809619b9e6ca97289d6b626aedac540e31e3263ddf6ccd8d09294b25,fd2ba432754d7602fdba73ef699680daf493c1e344c45af14f3e0d980b4f6e8c,/home/exouser/FORTE/gnp_style_continuous_20260830_125107/collection_long2/P5S0C_BRANCH_TELEMETRY/p5s0c_train_t6_r04_s5104_high_mu0.970401_GNP_S1_F3p15547258_R1_F3.15547_trajectory.csv,1,,0
p5s0c_train_t6_r04_s5104_high_mu0.970401_GNP_S1_F3p15547258_R2_F3.15547,p5s0c_train_t6_r04_s5104_high_mu0.970401,p5s0c_train_t6_root04_s5104,6,HIGH,0.9704010725401304,1,2,3.1554725761966145,3.2728681683540346,0.11739559215742013,1,1,,1,2c4b90cf809619b9e6ca97289d6b626aedac540e31e3263ddf6ccd8d09294b25,2c4b90cf809619b9e6ca97289d6b626aedac540e31e3263ddf6ccd8d09294b25,fd2ba432754d7602fdba73ef699680daf493c1e344c45af14f3e0d980b4f6e8c,/home/exouser/FORTE/gnp_style_continuous_20260830_125107/collection_long2/P5S0C_BRANCH_TELEMETRY/p5s0c_train_t6_r04_s5104_high_mu0.970401_GNP_S1_F3p15547258_R2_F3.15547_trajectory.csv,1,,0
p5s0c_train_t6_r04_s5104_high_mu0.970401_GNP_S2_F3p35694868_R1_F3.35695,p5s0c_train_t6_r04_s5104_high_mu0.970401,p5s0c_train_t6_root04_s5104,6,HIGH,0.9704010725401304,2,1,3.356948678879069,3.4935882568359373,0.13663957795686832,1,1,,1,2c4b90cf809619b9e6ca97289d6b626aedac540e31e3263ddf6ccd8d09294b25,2c4b90cf809619b9e6ca97289d6b626aedac540e31e3263ddf6ccd8d09294b25,fd2ba432754d7602fdba73ef699680daf493c1e344c45af14f3e0d980b4f6e8c,/home/exouser/FORTE/gnp_style_continuous_20260830_125107/collection_long2/P5S0C_BRANCH_TELEMETRY/p5s0c_train_t6_r04_s5104_high_mu0.970401_GNP_S2_F3p35694868_R1_F3.35695_trajectory.csv,1,,0
p5s0c_train_t6_r04_s5104_high_mu0.970401_GNP_S2_F3p35694868_R2_F3.35695,p5s0c_train_t6_r04_s5104_high_mu0.970401,p5s0c_train_t6_root04_s5104,6,HIGH,0.9704010725401304,2,2,3.356948678879069,3.49355154633522,0.1366028674561508,1,1,,1,2c4b90cf809619b9e6ca97289d6b626aedac540e31e3263ddf6ccd8d09294b25,2c4b90cf809619b9e6ca97289d6b626aedac540e31e3263ddf6ccd8d09294b25,fd2ba432754d7602fdba73ef699680daf493c1e344c45af14f3e0d980b4f6e8c,/home/exouser/FORTE/gnp_style_continuous_20260830_125107/collection_long2/P5S0C_BRANCH_TELEMETRY/p5s0c_train_t6_r04_s5104_high_mu0.970401_GNP_S2_F3p35694868_R2_F3.35695_trajectory.csv,1,,0
p5s0c_train_t6_r04_s5104_high_mu0.970401_GNP_S3_F3p59140264_R1_F3.5914,p5s0c_train_t6_r04_s5104_high_mu0.970401,p5s0c_train_t6_root04_s5104,6,HIGH,0.9704010725401304,3,1,3.5914026358373032,3.748494192957878,0.15709155712057488,1,1,,1,2c4b90cf809619b9e6ca97289d6b626aedac540e31e3263ddf6ccd8d09294b25,2c4b90cf809619b9e6ca97289d6b626aedac540e31e3263ddf6ccd8d09294b25,fd2ba432754d7602fdba73ef699680daf493c1e344c45af14f3e0d980b4f6e8c,/home/exouser/FORTE/gnp_style_continuous_20260830_125107/collection_long2/P5S0C_BRANCH_TELEMETRY/p5s0c_train_t6_r04_s5104_high_mu0.970401_GNP_S3_F3p59140264_R1_F3.5914_trajectory.csv,1,,0
p5s0c_train_t6_r04_s5104_high_mu0.970401_GNP_S3_F3p59140264_R2_F3.5914,p5s0c_train_t6_r04_s5104_high_mu0.970401,p5s0c_train_t6_root04_s5104,6,HIGH,0.9704010725401304,3,2,3.5914026358373032,3.748431086540222,0.15702845070291893,1,1,,1,2c4b90cf809619b9e6ca97289d6b626aedac540e31e3263ddf6ccd8d09294b25,2c4b90cf809619b9e6ca97289d6b626aedac540e31e3263ddf6ccd8d09294b25,fd2ba432754d7602fdba73ef699680daf493c1e344c45af14f3e0d980b4f6e8c,/home/exouser/FORTE/gnp_style_continuous_20260830_125107/collection_long2/P5S0C_BRANCH_TELEMETRY/p5s0c_train_t6_r04_s5104_high_mu0.970401_GNP_S3_F3p59140264_R2_F3.5914_trajectory.csv,1,,0
p5s0c_train_t6_r04_s5104_high_mu0.970401_GNP_S4_F3p63773255_R1_F3.63773,p5s0c_train_t6_r04_s5104_high_mu0.970401,p5s0c_train_t6_root04_s5104,6,HIGH,0.9704010725401304,4,1,3.637732549871452,3.799139440059662,0.16140689018820975,1,1,,1,2c4b90cf809619b9e6ca97289d6b626aedac540e31e3263ddf6ccd8d09294b25,2c4b90cf809619b9e6ca97289d6b626aedac540e31e3263ddf6ccd8d09294b25,fd2ba432754d7602fdba73ef699680daf493c1e344c45af14f3e0d980b4f6e8c,/home/exouser/FORTE/gnp_style_continuous_20260830_125107/collection_long2/P5S0C_BRANCH_TELEMETRY/p5s0c_train_t6_r04_s5104_high_mu0.970401_GNP_S4_F3p63773255_R1_F3.63773_trajectory.csv,1,,0
p5s0c_train_t6_r04_s5104_high_mu0.970401_GNP_S4_F3p63773255_R2_F3.63773,p5s0c_train_t6_r04_s5104_high_mu0.970401,p5s0c_train_t6_root04_s5104,6,HIGH,0.9704010725401304,4,2,3.637732549871452,3.7992478132247927,0.16151526335334054,1,1,,1,2c4b90cf809619b9e6ca97289d6b626aedac540e31e3263ddf6ccd8d09294b25,2c4b90cf809619b9e6ca97289d6b626aedac540e31e3263ddf6ccd8d09294b25,fd2ba432754d7602fdba73ef699680daf493c1e344c45af14f3e0d980b4f6e8c,/home/exouser/FORTE/gnp_style_continuous_20260830_125107/collection_long2/P5S0C_BRANCH_TELEMETRY/p5s0c_train_t6_r04_s5104_high_mu0.970401_GNP_S4_F3p63773255_R2_F3.63773_trajectory.csv,1,,0
p5s0c_train_t6_r04_s5104_high_mu0.970401_GNP_S5_F3p84495652_R1_F3.84496,p5s0c_train_t6_r04_s5104_high_mu0.970401,p5s0c_train_t6_root04_s5104,6,HIGH,0.9704010725401304,5,1,3.8449565248773534,4.0255437076091765,0.18058718273182306,1,1,,1,2c4b90cf809619b9e6ca97289d6b626aedac540e31e3263ddf6ccd8d09294b25,2c4b90cf809619b9e6ca97289d6b626aedac540e31e3263ddf6ccd8d09294b25,fd2ba432754d7602fdba73ef699680daf493c1e344c45af14f3e0d980b4f6e8c,/home/exouser/FORTE/gnp_style_continuous_20260830_125107/collection_long2/P5S0C_BRANCH_TELEMETRY/p5s0c_train_t6_r04_s5104_high_mu0.970401_GNP_S5_F3p84495652_R1_F3.84496_trajectory.csv,1,,0
p5s0c_train_t6_r04_s5104_high_mu0.970401_GNP_S5_F3p84495652_R2_F3.84496,p5s0c_train_t6_r04_s5104_high_mu0.970401,p5s0c_train_t6_root04_s5104,6,HIGH,0.9704010725401304,5,2,3.8449565248773534,4.025578671693802,0.18062214681644884,1,1,,1,2c4b90cf809619b9e6ca97289d6b626aedac540e31e3263ddf6ccd8d09294b25,2c4b90cf809619b9e6ca97289d6b626aedac540e31e3263ddf6ccd8d09294b25,fd2ba432754d7602fdba73ef699680daf493c1e344c45af14f3e0d980b4f6e8c,/home/exouser/FORTE/gnp_style_continuous_20260830_125107/collection_long2/P5S0C_BRANCH_TELEMETRY/p5s0c_train_t6_r04_s5104_high_mu0.970401_GNP_S5_F3p84495652_R2_F3.84496_trajectory.csv,1,,0
p5s0c_train_t6_r04_s5104_low_mu0.226087_GNP_S1_F3p12897811_R1_F3.12898,p5s0c_train_t6_r04_s5104_low_mu0.226087,p5s0c_train_t6_root04_s5104,6,LOW,0.2260874595992573,1,1,3.1289781060547024,3.2111657202243804,0.08218761416967801,1,1,,1,4d6d486573f21f687b23c04aadb21edb11704b0f7396d945d558e08e55e63678,4d6d486573f21f687b23c04aadb21edb11704b0f7396d945d558e08e55e63678,8cb4347cbef4b4794af16c09d12cbca6fa334e5260ebb78b03e6ef1db0659647,/home/exouser/FORTE/gnp_style_continuous_20260830_125107/collection_long2/P5S0C_BRANCH_TELEMETRY/p5s0c_train_t6_r04_s5104_low_mu0.226087_GNP_S1_F3p12897811_R1_F3.12898_trajectory.csv,1,,0
p5s0c_train_t6_r04_s5104_low_mu0.226087_GNP_S1_F3p12897811_R2_F3.12898,p5s0c_train_t6_r04_s5104_low_mu0.226087,p5s0c_train_t6_root04_s5104,6,LOW,0.2260874595992573,1,2,3.1289781060547024,1.02363916476349e-27,3.1289781060547024,1,0,full_task_failure,1,4d6d486573f21f687b23c04aadb21edb11704b0f7396d945d558e08e55e63678,4d6d486573f21f687b23c04aadb21edb11704b0f7396d945d558e08e55e63678,8cb4347cbef4b4794af16c09d12cbca6fa334e5260ebb78b03e6ef1db0659647,/home/exouser/FORTE/gnp_style_continuous_20260830_125107/collection_long2/P5S0C_BRANCH_TELEMETRY/p5s0c_train_t6_r04_s5104_low_mu0.226087_GNP_S1_F3p12897811_R2_F3.12898_trajectory.csv,1,,0
p5s0c_train_t6_r04_s5104_low_mu0.226087_GNP_S2_F3p39485484_R1_F3.39485,p5s0c_train_t6_r04_s5104_low_mu0.226087,p5s0c_train_t6_root04_s5104,6,LOW,0.2260874595992573,2,1,3.394854844664247,1.2075854746964094e-21,3.394854844664247,1,0,full_task_failure,1,4d6d486573f21f687b23c04aadb21edb11704b0f7396d945d558e08e55e63678,4d6d486573f21f687b23c04aadb21edb11704b0f7396d945d558e08e55e63678,8cb4347cbef4b4794af16c09d12cbca6fa334e5260ebb78b03e6ef1db0659647,/home/exouser/FORTE/gnp_style_continuous_20260830_125107/collection_long2/P5S0C_BRANCH_TELEMETRY/p5s0c_train_t6_r04_s5104_low_mu0.226087_GNP_S2_F3p39485484_R1_F3.39485_trajectory.csv,1,,0
p5s0c_train_t6_r04_s5104_low_mu0.226087_GNP_S2_F3p39485484_R2_F3.39485,p5s0c_train_t6_r04_s5104_low_mu0.226087,p5s0c_train_t6_root04_s5104,6,LOW,0.2260874595992573,2,2,3.394854844664247,3.61952458024025,0.22466973557600278,1,1,,1,4d6d486573f21f687b23c04aadb21edb11704b0f7396d945d558e08e55e63678,4d6d486573f21f687b23c04aadb21edb11704b0f7396d945d558e08e55e63678,8cb4347cbef4b4794af16c09d12cbca6fa334e5260ebb78b03e6ef1db0659647,/home/exouser/FORTE/gnp_style_continuous_20260830_125107/collection_long2/P5S0C_BRANCH_TELEMETRY/p5s0c_train_t6_r04_s5104_low_mu0.226087_GNP_S2_F3p39485484_R2_F3.39485_trajectory.csv,1,,0
p5s0c_train_t6_r04_s5104_low_mu0.226087_GNP_S3_F3p52361565_R1_F3.52362,p5s0c_train_t6_r04_s5104_low_mu0.226087,p5s0c_train_t6_root04_s5104,6,LOW,0.2260874595992573,3,1,3.5236156523102307,3.6522915929555895,0.1286759406453588,1,1,,1,4d6d486573f21f687b23c04aadb21edb11704b0f7396d945d558e08e55e63678,4d6d486573f21f687b23c04aadb21edb11704b0f7396d945d558e08e55e63678,8cb4347cbef4b4794af16c09d12cbca6fa334e5260ebb78b03e6ef1db0659647,/home/exouser/FORTE/gnp_style_continuous_20260830_125107/collection_long2/P5S0C_BRANCH_TELEMETRY/p5s0c_train_t6_r04_s5104_low_mu0.226087_GNP_S3_F3p52361565_R1_F3.52362_trajectory.csv,1,,0
p5s0c_train_t6_r04_s5104_low_mu0.226087_GNP_S3_F3p52361565_R2_F3.52362,p5s0c_train_t6_r04_s5104_low_mu0.226087,p5s0c_train_t6_root04_s5104,6,LOW,0.2260874595992573,3,2,3.5236156523102307,3.7157951563596727,0.19217950404944206,1,1,,1,4d6d486573f21f687b23c04aadb21edb11704b0f7396d945d558e08e55e63678,4d6d486573f21f687b23c04aadb21edb11704b0f7396d945d558e08e55e63678,8cb4347cbef4b4794af16c09d12cbca6fa334e5260ebb78b03e6ef1db0659647,/home/exouser/FORTE/gnp_style_continuous_20260830_125107/collection_long2/P5S0C_BRANCH_TELEMETRY/p5s0c_train_t6_r04_s5104_low_mu0.226087_GNP_S3_F3p52361565_R2_F3.52362_trajectory.csv,1,,0
p5s0c_train_t6_r04_s5104_low_mu0.226087_GNP_S4_F3p79077487_R1_F3.79077,p5s0c_train_t6_r04_s5104_low_mu0.226087,p5s0c_train_t6_root04_s5104,6,LOW,0.2260874595992573,4,1,3.7907748680960176,4.049429666996002,0.2586547988999848,1,1,,1,4d6d486573f21f687b23c04aadb21edb11704b0f7396d945d558e08e55e63678,4d6d486573f21f687b23c04aadb21edb11704b0f7396d945d558e08e55e63678,8cb4347cbef4b4794af16c09d12cbca6fa334e5260ebb78b03e6ef1db0659647,/home/exouser/FORTE/gnp_style_continuous_20260830_125107/collection_long2/P5S0C_BRANCH_TELEMETRY/p5s0c_train_t6_r04_s5104_low_mu0.226087_GNP_S4_F3p79077487_R1_F3.79077_trajectory.csv,1,,0
p5s0c_train_t6_r04_s5104_low_mu0.226087_GNP_S4_F3p79077487_R2_F3.79077,p5s0c_train_t6_r04_s5104_low_mu0.226087,p5s0c_train_t6_root04_s5104,6,LOW,0.2260874595992573,4,2,3.7907748680960176,4.058867499232292,0.2680926311362746,1,1,,1,4d6d486573f21f687b23c04aadb21edb11704b0f7396d945d558e08e55e63678,4d6d486573f21f687b23c04aadb21edb11704b0f7396d945d558e08e55e63678,8cb4347cbef4b4794af16c09d12cbca6fa334e5260ebb78b03e6ef1db0659647,/home/exouser/FORTE/gnp_style_continuous_20260830_125107/collection_long2/P5S0C_BRANCH_TELEMETRY/p5s0c_train_t6_r04_s5104_low_mu0.226087_GNP_S4_F3p79077487_R2_F3.79077_trajectory.csv,1,,0
p5s0c_train_t6_r04_s5104_low_mu0.226087_GNP_S5_F3p99290344_R1_F3.9929,p5s0c_train_t6_r04_s5104_low_mu0.226087,p5s0c_train_t6_root04_s5104,6,LOW,0.2260874595992573,5,1,3.992903436899384,4.28367532491684,0.2907718880174559,1,1,,1,4d6d486573f21f687b23c04aadb21edb11704b0f7396d945d558e08e55e63678,4d6d486573f21f687b23c04aadb21edb11704b0f7396d945d558e08e55e63678,8cb4347cbef4b4794af16c09d12cbca6fa334e5260ebb78b03e6ef1db0659647,/home/exouser/FORTE/gnp_style_continuous_20260830_125107/collection_long2/P5S0C_BRANCH_TELEMETRY/p5s0c_train_t6_r04_s5104_low_mu0.226087_GNP_S5_F3p99290344_R1_F3.9929_trajectory.csv,1,,0
p5s0c_train_t6_r04_s5104_low_mu0.226087_GNP_S5_F3p99290344_R2_F3.9929,p5s0c_train_t6_r04_s5104_low_mu0.226087,p5s0c_train_t6_root04_s5104,6,LOW,0.2260874595992573,5,2,3.992903436899384,4.287102180719375,0.29419874381999156,1,1,,1,4d6d486573f21f687b23c04aadb21edb11704b0f7396d945d558e08e55e63678,4d6d486573f21f687b23c04aadb21edb11704b0f7396d945d558e08e55e63678,8cb4347cbef4b4794af16c09d12cbca6fa334e5260ebb78b03e6ef1db0659647,/home/exouser/FORTE/gnp_style_continuous_20260830_125107/collection_long2/P5S0C_BRANCH_TELEMETRY/p5s0c_train_t6_r04_s5104_low_mu0.226087_GNP_S5_F3p99290344_R2_F3.9929_trajectory.csv,1,,0
p5s0c_train_t6_r04_s5104_mid_mu0.562603_GNP_S1_F3p01232941_R1_F3.01233,p5s0c_train_t6_r04_s5104_mid_mu0.562603,p5s0c_train_t6_root04_s5104,6,MID,0.5626032637468864,1,1,3.0123294105055067,3.1647880762815475,0.15245866577604072,1,1,,1,7df3d60d82ebac439b5c17018ada7db0b438768089cecddec3cd5c52efd5f72a,7df3d60d82ebac439b5c17018ada7db0b438768089cecddec3cd5c52efd5f72a,7f8715f8fa9f64bb41e00f7a393b02490244f20ff560e29006597b4162027f6c,/home/exouser/FORTE/gnp_style_continuous_20260830_125107/collection_long2/P5S0C_BRANCH_TELEMETRY/p5s0c_train_t6_r04_s5104_mid_mu0.562603_GNP_S1_F3p01232941_R1_F3.01233_trajectory.csv,1,,0
p5s0c_train_t6_r04_s5104_mid_mu0.562603_GNP_S1_F3p01232941_R2_F3.01233,p5s0c_train_t6_r04_s5104_mid_mu0.562603,p5s0c_train_t6_root04_s5104,6,MID,0.5626032637468864,1,2,3.0123294105055067,3.159841758012772,0.14751234750726505,1,1,,1,7df3d60d82ebac439b5c17018ada7db0b438768089cecddec3cd5c52efd5f72a,7df3d60d82ebac439b5c17018ada7db0b438768089cecddec3cd5c52efd5f72a,7f8715f8fa9f64bb41e00f7a393b02490244f20ff560e29006597b4162027f6c,/home/exouser/FORTE/gnp_style_continuous_20260830_125107/collection_long2/P5S0C_BRANCH_TELEMETRY/p5s0c_train_t6_r04_s5104_mid_mu0.562603_GNP_S1_F3p01232941_R2_F3.01233_trajectory.csv,1,,0
p5s0c_train_t6_r04_s5104_mid_mu0.562603_GNP_S2_F3p2361133_R1_F3.23611,p5s0c_train_t6_r04_s5104_mid_mu0.562603,p5s0c_train_t6_root04_s5104,6,MID,0.5626032637468864,2,1,3.236113296476084,3.4224110782146453,0.18629778173856115,1,1,,1,7df3d60d82ebac439b5c17018ada7db0b438768089cecddec3cd5c52efd5f72a,7df3d60d82ebac439b5c17018ada7db0b438768089cecddec3cd5c52efd5f72a,7f8715f8fa9f64bb41e00f7a393b02490244f20ff560e29006597b4162027f6c,/home/exouser/FORTE/gnp_style_continuous_20260830_125107/collection_long2/P5S0C_BRANCH_TELEMETRY/p5s0c_train_t6_r04_s5104_mid_mu0.562603_GNP_S2_F3p2361133_R1_F3.23611_trajectory.csv,1,,0
p5s0c_train_t6_r04_s5104_mid_mu0.562603_GNP_S2_F3p2361133_R2_F3.23611,p5s0c_train_t6_r04_s5104_mid_mu0.562603,p5s0c_train_t6_root04_s5104,6,MID,0.5626032637468864,2,2,3.236113296476084,3.40142235159874,0.16530905512265592,1,1,,1,7df3d60d82ebac439b5c17018ada7db0b438768089cecddec3cd5c52efd5f72a,7df3d60d82ebac439b5c17018ada7db0b438768089cecddec3cd5c52efd5f72a,7f8715f8fa9f64bb41e00f7a393b02490244f20ff560e29006597b4162027f6c,/home/exouser/FORTE/gnp_style_continuous_20260830_125107/collection_long2/P5S0C_BRANCH_TELEMETRY/p5s0c_train_t6_r04_s5104_mid_mu0.562603_GNP_S2_F3p2361133_R2_F3.23611_trajectory.csv,1,,0
p5s0c_train_t6_r04_s5104_mid_mu0.562603_GNP_S3_F3p42894916_R1_F3.42895,p5s0c_train_t6_r04_s5104_mid_mu0.562603,p5s0c_train_t6_root04_s5104,6,MID,0.5626032637468864,3,1,3.4289491573863016,3.639615860581398,0.21066670319509662,1,1,,1,7df3d60d82ebac439b5c17018ada7db0b438768089cecddec3cd5c52efd5f72a,7df3d60d82ebac439b5c17018ada7db0b438768089cecddec3cd5c52efd5f72a,7f8715f8fa9f64bb41e00f7a393b02490244f20ff560e29006597b4162027f6c,/home/exouser/FORTE/gnp_style_continuous_20260830_125107/collection_long2/P5S0C_BRANCH_TELEMETRY/p5s0c_train_t6_r04_s5104_mid_mu0.562603_GNP_S3_F3p42894916_R1_F3.42895_trajectory.csv,1,,0
p5s0c_train_t6_r04_s5104_mid_mu0.562603_GNP_S3_F3p42894916_R2_F3.42895,p5s0c_train_t6_r04_s5104_mid_mu0.562603,p5s0c_train_t6_root04_s5104,6,MID,0.5626032637468864,3,2,3.4289491573863016,3.6458432912826537,0.21689413389635215,1,1,,1,7df3d60d82ebac439b5c17018ada7db0b438768089cecddec3cd5c52efd5f72a,7df3d60d82ebac439b5c17018ada7db0b438768089cecddec3cd5c52efd5f72a,7f8715f8fa9f64bb41e00f7a393b02490244f20ff560e29006597b4162027f6c,/home/exouser/FORTE/gnp_style_continuous_20260830_125107/collection_long2/P5S0C_BRANCH_TELEMETRY/p5s0c_train_t6_r04_s5104_mid_mu0.562603_GNP_S3_F3p42894916_R2_F3.42895_trajectory.csv,1,,0
p5s0c_train_t6_r04_s5104_mid_mu0.562603_GNP_S4_F3p6414467_R1_F3.64145,p5s0c_train_t6_r04_s5104_mid_mu0.562603,p5s0c_train_t6_root04_s5104,6,MID,0.5626032637468864,4,1,3.641446703968578,3.8799132257699966,0.2384665218014188,1,1,,1,7df3d60d82ebac439b5c17018ada7db0b438768089cecddec3cd5c52efd5f72a,7df3d60d82ebac439b5c17018ada7db0b438768089cecddec3cd5c52efd5f72a,7f8715f8fa9f64bb41e00f7a393b02490244f20ff560e29006597b4162027f6c,/home/exouser/FORTE/gnp_style_continuous_20260830_125107/collection_long2/P5S0C_BRANCH_TELEMETRY/p5s0c_train_t6_r04_s5104_mid_mu0.562603_GNP_S4_F3p6414467_R1_F3.64145_trajectory.csv,1,,0
p5s0c_train_t6_r04_s5104_mid_mu0.562603_GNP_S4_F3p6414467_R2_F3.64145,p5s0c_train_t6_r04_s5104_mid_mu0.562603,p5s0c_train_t6_root04_s5104,6,MID,0.5626032637468864,4,2,3.641446703968578,3.880028536915779,0.23858183294720137,1,1,,1,7df3d60d82ebac439b5c17018ada7db0b438768089cecddec3cd5c52efd5f72a,7df3d60d82ebac439b5c17018ada7db0b438768089cecddec3cd5c52efd5f72a,7f8715f8fa9f64bb41e00f7a393b02490244f20ff560e29006597b4162027f6c,/home/exouser/FORTE/gnp_style_continuous_20260830_125107/collection_long2/P5S0C_BRANCH_TELEMETRY/p5s0c_train_t6_r04_s5104_mid_mu0.562603_GNP_S4_F3p6414467_R2_F3.64145_trajectory.csv,1,,0
p5s0c_train_t6_r04_s5104_mid_mu0.562603_GNP_S5_F3p89523131_R1_F3.89523,p5s0c_train_t6_r04_s5104_mid_mu0.562603,p5s0c_train_t6_root04_s5104,6,MID,0.5626032637468864,5,1,3.895231305527638,4.1603881299495695,0.26515682442193134,1,1,,1,7df3d60d82ebac439b5c17018ada7db0b438768089cecddec3cd5c52efd5f72a,7df3d60d82ebac439b5c17018ada7db0b438768089cecddec3cd5c52efd5f72a,7f8715f8fa9f64bb41e00f7a393b02490244f20ff560e29006597b4162027f6c,/home/exouser/FORTE/gnp_style_continuous_20260830_125107/collection_long2/P5S0C_BRANCH_TELEMETRY/p5s0c_train_t6_r04_s5104_mid_mu0.562603_GNP_S5_F3p89523131_R1_F3.89523_trajectory.csv,1,,0
p5s0c_train_t6_r04_s5104_mid_mu0.562603_GNP_S5_F3p89523131_R2_F3.89523,p5s0c_train_t6_r04_s5104_mid_mu0.562603,p5s0c_train_t6_root04_s5104,6,MID,0.5626032637468864,5,2,3.895231305527638,4.160174226760864,0.2649429212332257,1,1,,1,7df3d60d82ebac439b5c17018ada7db0b438768089cecddec3cd5c52efd5f72a,7df3d60d82ebac439b5c17018ada7db0b438768089cecddec3cd5c52efd5f72a,7f8715f8fa9f64bb41e00f7a393b02490244f20ff560e29006597b4162027f6c,/home/exouser/FORTE/gnp_style_continuous_20260830_125107/collection_long2/P5S0C_BRANCH_TELEMETRY/p5s0c_train_t6_r04_s5104_mid_mu0.562603_GNP_S5_F3p89523131_R2_F3.89523_trajectory.csv,1,,0
p5s0c_train_t6_r05_s5105_high_mu0.940404_GNP_S1_F3p12189345_R1_F3.12189,p5s0c_train_t6_r05_s5105_high_mu0.940404,p5s0c_train_t6_root05_s5105,6,HIGH,0.9404040658568696,1,1,3.1218934474307294,3.222837544694732,0.10094409726400277,1,1,,1,f3131cfdc0a2ff4fc46cd94684dc2bd6f089e8ec267b9030c5b6ae822cb875ad,f3131cfdc0a2ff4fc46cd94684dc2bd6f089e8ec267b9030c5b6ae822cb875ad,aa4e9f82655ae9c1c797b1aa689bb43072fc9c2398946e2e2f2f53505235ffcb,/home/exouser/FORTE/gnp_style_continuous_20260830_125107/collection_long2/P5S0C_BRANCH_TELEMETRY/p5s0c_train_t6_r05_s5105_high_mu0.940404_GNP_S1_F3p12189345_R1_F3.12189_trajectory.csv,1,,0
p5s0c_train_t6_r05_s5105_high_mu0.940404_GNP_S1_F3p12189345_R2_F3.12189,p5s0c_train_t6_r05_s5105_high_mu0.940404,p5s0c_train_t6_root05_s5105,6,HIGH,0.9404040658568696,1,2,3.1218934474307294,3.223223215417017,0.10132976798628768,1,1,,1,f3131cfdc0a2ff4fc46cd94684dc2bd6f089e8ec267b9030c5b6ae822cb875ad,f3131cfdc0a2ff4fc46cd94684dc2bd6f089e8ec267b9030c5b6ae822cb875ad,aa4e9f82655ae9c1c797b1aa689bb43072fc9c2398946e2e2f2f53505235ffcb,/home/exouser/FORTE/gnp_style_continuous_20260830_125107/collection_long2/P5S0C_BRANCH_TELEMETRY/p5s0c_train_t6_r05_s5105_high_mu0.940404_GNP_S1_F3p12189345_R2_F3.12189_trajectory.csv,1,,0
p5s0c_train_t6_r05_s5105_high_mu0.940404_GNP_S2_F3p24859296_R1_F3.24859,p5s0c_train_t6_r05_s5105_high_mu0.940404,p5s0c_train_t6_root05_s5105,6,HIGH,0.9404040658568696,2,1,3.248592961686432,3.3624639662006235,0.1138710045141913,1,1,,1,f3131cfdc0a2ff4fc46cd94684dc2bd6f089e8ec267b9030c5b6ae822cb875ad,f3131cfdc0a2ff4fc46cd94684dc2bd6f089e8ec267b9030c5b6ae822cb875ad,aa4e9f82655ae9c1c797b1aa689bb43072fc9c2398946e2e2f2f53505235ffcb,/home/exouser/FORTE/gnp_style_continuous_20260830_125107/collection_long2/P5S0C_BRANCH_TELEMETRY/p5s0c_train_t6_r05_s5105_high_mu0.940404_GNP_S2_F3p24859296_R1_F3.24859_trajectory.csv,1,,0
p5s0c_train_t6_r05_s5105_high_mu0.940404_GNP_S2_F3p24859296_R2_F3.24859,p5s0c_train_t6_r05_s5105_high_mu0.940404,p5s0c_train_t6_root05_s5105,6,HIGH,0.9404040658568696,2,2,3.248592961686432,3.362478705901134,0.11388574421470166,1,1,,1,f3131cfdc0a2ff4fc46cd94684dc2bd6f089e8ec267b9030c5b6ae822cb875ad,f3131cfdc0a2ff4fc46cd94684dc2bd6f089e8ec267b9030c5b6ae822cb875ad,aa4e9f82655ae9c1c797b1aa689bb43072fc9c2398946e2e2f2f53505235ffcb,/home/exouser/FORTE/gnp_style_continuous_20260830_125107/collection_long2/P5S0C_BRANCH_TELEMETRY/p5s0c_train_t6_r05_s5105_high_mu0.940404_GNP_S2_F3p24859296_R2_F3.24859_trajectory.csv,1,,0
p5s0c_train_t6_r05_s5105_high_mu0.940404_GNP_S3_F3p50607168_R1_F3.50607,p5s0c_train_t6_r05_s5105_high_mu0.940404,p5s0c_train_t6_root05_s5105,6,HIGH,0.9404040658568696,3,1,3.5060716773734875,3.647279669966879,0.14120799259339156,1,1,,1,f3131cfdc0a2ff4fc46cd94684dc2bd6f089e8ec267b9030c5b6ae822cb875ad,f3131cfdc0a2ff4fc46cd94684dc2bd6f089e8ec267b9030c5b6ae822cb875ad,aa4e9f82655ae9c1c797b1aa689bb43072fc9c2398946e2e2f2f53505235ffcb,/home/exouser/FORTE/gnp_style_continuous_20260830_125107/collection_long2/P5S0C_BRANCH_TELEMETRY/p5s0c_train_t6_r05_s5105_high_mu0.940404_GNP_S3_F3p50607168_R1_F3.50607_trajectory.csv,1,,0
p5s0c_train_t6_r05_s5105_high_mu0.940404_GNP_S3_F3p50607168_R2_F3.50607,p5s0c_train_t6_r05_s5105_high_mu0.940404,p5s0c_train_t6_root05_s5105,6,HIGH,0.9404040658568696,3,2,3.5060716773734875,3.6472381609904616,0.14116648361697415,1,1,,1,f3131cfdc0a2ff4fc46cd94684dc2bd6f089e8ec267b9030c5b6ae822cb875ad,f3131cfdc0a2ff4fc46cd94684dc2bd6f089e8ec267b9030c5b6ae822cb875ad,aa4e9f82655ae9c1c797b1aa689bb43072fc9c2398946e2e2f2f53505235ffcb,/home/exouser/FORTE/gnp_style_continuous_20260830_125107/collection_long2/P5S0C_BRANCH_TELEMETRY/p5s0c_train_t6_r05_s5105_high_mu0.940404_GNP_S3_F3p50607168_R2_F3.50607_trajectory.csv,1,,0
p5s0c_train_t6_r05_s5105_high_mu0.940404_GNP_S4_F3p761867_R1_F3.76187,p5s0c_train_t6_r05_s5105_high_mu0.940404,p5s0c_train_t6_root05_s5105,6,HIGH,0.9404040658568696,4,1,3.761867002075977,3.928074709976776,0.1662077079007993,1,1,,1,f3131cfdc0a2ff4fc46cd94684dc2bd6f089e8ec267b9030c5b6ae822cb875ad,f3131cfdc0a2ff4fc46cd94684dc2bd6f089e8ec267b9030c5b6ae822cb875ad,aa4e9f82655ae9c1c797b1aa689bb43072fc9c2398946e2e2f2f53505235ffcb,/home/exouser/FORTE/gnp_style_continuous_20260830_125107/collection_long2/P5S0C_BRANCH_TELEMETRY/p5s0c_train_t6_r05_s5105_high_mu0.940404_GNP_S4_F3p761867_R1_F3.76187_trajectory.csv,1,,0
p5s0c_train_t6_r05_s5105_high_mu0.940404_GNP_S4_F3p761867_R2_F3.76187,p5s0c_train_t6_r05_s5105_high_mu0.940404,p5s0c_train_t6_root05_s5105,6,HIGH,0.9404040658568696,4,2,3.761867002075977,3.928067457826832,0.16620045575085518,1,1,,1,f3131cfdc0a2ff4fc46cd94684dc2bd6f089e8ec267b9030c5b6ae822cb875ad,f3131cfdc0a2ff4fc46cd94684dc2bd6f089e8ec267b9030c5b6ae822cb875ad,aa4e9f82655ae9c1c797b1aa689bb43072fc9c2398946e2e2f2f53505235ffcb,/home/exouser/FORTE/gnp_style_continuous_20260830_125107/collection_long2/P5S0C_BRANCH_TELEMETRY/p5s0c_train_t6_r05_s5105_high_mu0.940404_GNP_S4_F3p761867_R2_F3.76187_trajectory.csv,1,,0
p5s0c_train_t6_r05_s5105_high_mu0.940404_GNP_S5_F3p92686604_R1_F3.92687,p5s0c_train_t6_r05_s5105_high_mu0.940404,p5s0c_train_t6_root05_s5105,6,HIGH,0.9404040658568696,5,1,3.926866038437071,4.108628949032554,0.18176291059548344,1,1,,1,f3131cfdc0a2ff4fc46cd94684dc2bd6f089e8ec267b9030c5b6ae822cb875ad,f3131cfdc0a2ff4fc46cd94684dc2bd6f089e8ec267b9030c5b6ae822cb875ad,aa4e9f82655ae9c1c797b1aa689bb43072fc9c2398946e2e2f2f53505235ffcb,/home/exouser/FORTE/gnp_style_continuous_20260830_125107/collection_long2/P5S0C_BRANCH_TELEMETRY/p5s0c_train_t6_r05_s5105_high_mu0.940404_GNP_S5_F3p92686604_R1_F3.92687_trajectory.csv,1,,0
p5s0c_train_t6_r05_s5105_high_mu0.940404_GNP_S5_F3p92686604_R2_F3.92687,p5s0c_train_t6_r05_s5105_high_mu0.940404,p5s0c_train_t6_root05_s5105,6,HIGH,0.9404040658568696,5,2,3.926866038437071,4.108663172661504,0.1817971342244329,1,1,,1,f3131cfdc0a2ff4fc46cd94684dc2bd6f089e8ec267b9030c5b6ae822cb875ad,f3131cfdc0a2ff4fc46cd94684dc2bd6f089e8ec267b9030c5b6ae822cb875ad,aa4e9f82655ae9c1c797b1aa689bb43072fc9c2398946e2e2f2f53505235ffcb,/home/exouser/FORTE/gnp_style_continuous_20260830_125107/collection_long2/P5S0C_BRANCH_TELEMETRY/p5s0c_train_t6_r05_s5105_high_mu0.940404_GNP_S5_F3p92686604_R2_F3.92687_trajectory.csv,1,,0
p5s0c_train_t6_r05_s5105_low_mu0.260231_GNP_S1_F3p1116974_R1_F3.1117,p5s0c_train_t6_r05_s5105_low_mu0.260231,p5s0c_train_t6_root05_s5105,6,LOW,0.2602307033517269,1,1,3.111697402792563,5.082463597503238e-25,3.111697402792563,1,0,full_task_failure,1,649f22b339c11d2842cfedd8ed13386a4792e5cfedc8ee6f5e5a688cab6f51ce,649f22b339c11d2842cfedd8ed13386a4792e5cfedc8ee6f5e5a688cab6f51ce,c12518f6f385b353c5380ba1c2abac234bc86d80e10df757827ffe66e15bf8a2,/home/exouser/FORTE/gnp_style_continuous_20260830_125107/collection_long2/P5S0C_BRANCH_TELEMETRY/p5s0c_train_t6_r05_s5105_low_mu0.260231_GNP_S1_F3p1116974_R1_F3.1117_trajectory.csv,1,,0
p5s0c_train_t6_r05_s5105_low_mu0.260231_GNP_S1_F3p1116974_R2_F3.1117,p5s0c_train_t6_r05_s5105_low_mu0.260231,p5s0c_train_t6_root05_s5105,6,LOW,0.2602307033517269,1,2,3.111697402792563,3.2737104862551147,0.16201308346255194,1,1,,1,649f22b339c11d2842cfedd8ed13386a4792e5cfedc8ee6f5e5a688cab6f51ce,649f22b339c11d2842cfedd8ed13386a4792e5cfedc8ee6f5e5a688cab6f51ce,c12518f6f385b353c5380ba1c2abac234bc86d80e10df757827ffe66e15bf8a2,/home/exouser/FORTE/gnp_style_continuous_20260830_125107/collection_long2/P5S0C_BRANCH_TELEMETRY/p5s0c_train_t6_r05_s5105_low_mu0.260231_GNP_S1_F3p1116974_R2_F3.1117_trajectory.csv,1,,0
p5s0c_train_t6_r05_s5105_low_mu0.260231_GNP_S2_F3p36589742_R1_F3.3659,p5s0c_train_t6_r05_s5105_low_mu0.260231,p5s0c_train_t6_root05_s5105,6,LOW,0.2602307033517269,2,1,3.365897423258434,3.4300849709329726,0.0641875476745386,1,1,,1,649f22b339c11d2842cfedd8ed13386a4792e5cfedc8ee6f5e5a688cab6f51ce,649f22b339c11d2842cfedd8ed13386a4792e5cfedc8ee6f5e5a688cab6f51ce,c12518f6f385b353c5380ba1c2abac234bc86d80e10df757827ffe66e15bf8a2,/home/exouser/FORTE/gnp_style_continuous_20260830_125107/collection_long2/P5S0C_BRANCH_TELEMETRY/p5s0c_train_t6_r05_s5105_low_mu0.260231_GNP_S2_F3p36589742_R1_F3.3659_trajectory.csv,1,,0
p5s0c_train_t6_r05_s5105_low_mu0.260231_GNP_S2_F3p36589742_R2_F3.3659,p5s0c_train_t6_r05_s5105_low_mu0.260231,p5s0c_train_t6_root05_s5105,6,LOW,0.2602307033517269,2,2,3.365897423258434,3.373587475547308,0.007690052288873872,1,1,,1,649f22b339c11d2842cfedd8ed13386a4792e5cfedc8ee6f5e5a688cab6f51ce,649f22b339c11d2842cfedd8ed13386a4792e5cfedc8ee6f5e5a688cab6f51ce,c12518f6f385b353c5380ba1c2abac234bc86d80e10df757827ffe66e15bf8a2,/home/exouser/FORTE/gnp_style_continuous_20260830_125107/collection_long2/P5S0C_BRANCH_TELEMETRY/p5s0c_train_t6_r05_s5105_low_mu0.260231_GNP_S2_F3p36589742_R2_F3.3659_trajectory.csv,1,,0
p5s0c_train_t6_r05_s5105_low_mu0.260231_GNP_S3_F3p53559764_R1_F3.5356,p5s0c_train_t6_r05_s5105_low_mu0.260231,p5s0c_train_t6_root05_s5105,6,LOW,0.2602307033517269,3,1,3.53559763966456,3.55872692337519,0.023129283710630055,1,1,,1,649f22b339c11d2842cfedd8ed13386a4792e5cfedc8ee6f5e5a688cab6f51ce,649f22b339c11d2842cfedd8ed13386a4792e5cfedc8ee6f5e5a688cab6f51ce,c12518f6f385b353c5380ba1c2abac234bc86d80e10df757827ffe66e15bf8a2,/home/exouser/FORTE/gnp_style_continuous_20260830_125107/collection_long2/P5S0C_BRANCH_TELEMETRY/p5s0c_train_t6_r05_s5105_low_mu0.260231_GNP_S3_F3p53559764_R1_F3.5356_trajectory.csv,1,,0
p5s0c_train_t6_r05_s5105_low_mu0.260231_GNP_S3_F3p53559764_R2_F3.5356,p5s0c_train_t6_r05_s5105_low_mu0.260231,p5s0c_train_t6_root05_s5105,6,LOW,0.2602307033517269,3,2,3.53559763966456,3.554883356335797,0.01928571667123702,1,1,,1,649f22b339c11d2842cfedd8ed13386a4792e5cfedc8ee6f5e5a688cab6f51ce,649f22b339c11d2842cfedd8ed13386a4792e5cfedc8ee6f5e5a688cab6f51ce,c12518f6f385b353c5380ba1c2abac234bc86d80e10df757827ffe66e15bf8a2,/home/exouser/FORTE/gnp_style_continuous_20260830_125107/collection_long2/P5S0C_BRANCH_TELEMETRY/p5s0c_train_t6_r05_s5105_low_mu0.260231_GNP_S3_F3p53559764_R2_F3.5356_trajectory.csv,1,,0
p5s0c_train_t6_r05_s5105_low_mu0.260231_GNP_S4_F3p70566584_R1_F3.70567,p5s0c_train_t6_r05_s5105_low_mu0.260231,p5s0c_train_t6_root05_s5105,6,LOW,0.2602307033517269,4,1,3.7056658418046577,3.739048230497143,0.03338238869248533,1,1,,1,649f22b339c11d2842cfedd8ed13386a4792e5cfedc8ee6f5e5a688cab6f51ce,649f22b339c11d2842cfedd8ed13386a4792e5cfedc8ee6f5e5a688cab6f51ce,c12518f6f385b353c5380ba1c2abac234bc86d80e10df757827ffe66e15bf8a2,/home/exouser/FORTE/gnp_style_continuous_20260830_125107/collection_long2/P5S0C_BRANCH_TELEMETRY/p5s0c_train_t6_r05_s5105_low_mu0.260231_GNP_S4_F3p70566584_R1_F3.70567_trajectory.csv,1,,0
p5s0c_train_t6_r05_s5105_low_mu0.260231_GNP_S4_F3p70566584_R2_F3.70567,p5s0c_train_t6_r05_s5105_low_mu0.260231,p5s0c_train_t6_root05_s5105,6,LOW,0.2602307033517269,4,2,3.7056658418046577,3.749443582341641,0.043777740536983245,1,1,,1,649f22b339c11d2842cfedd8ed13386a4792e5cfedc8ee6f5e5a688cab6f51ce,649f22b339c11d2842cfedd8ed13386a4792e5cfedc8ee6f5e5a688cab6f51ce,c12518f6f385b353c5380ba1c2abac234bc86d80e10df757827ffe66e15bf8a2,/home/exouser/FORTE/gnp_style_continuous_20260830_125107/collection_long2/P5S0C_BRANCH_TELEMETRY/p5s0c_train_t6_r05_s5105_low_mu0.260231_GNP_S4_F3p70566584_R2_F3.70567_trajectory.csv,1,,0
p5s0c_train_t6_r05_s5105_low_mu0.260231_GNP_S5_F3p81455885_R1_F3.81456,p5s0c_train_t6_r05_s5105_low_mu0.260231,p5s0c_train_t6_root05_s5105,6,LOW,0.2602307033517269,5,1,3.814558847500338,3.8739870107626615,0.0594281632623237,1,1,,1,649f22b339c11d2842cfedd8ed13386a4792e5cfedc8ee6f5e5a688cab6f51ce,649f22b339c11d2842cfedd8ed13386a4792e5cfedc8ee6f5e5a688cab6f51ce,c12518f6f385b353c5380ba1c2abac234bc86d80e10df757827ffe66e15bf8a2,/home/exouser/FORTE/gnp_style_continuous_20260830_125107/collection_long2/P5S0C_BRANCH_TELEMETRY/p5s0c_train_t6_r05_s5105_low_mu0.260231_GNP_S5_F3p81455885_R1_F3.81456_trajectory.csv,1,,0
p5s0c_train_t6_r05_s5105_low_mu0.260231_GNP_S5_F3p81455885_R2_F3.81456,p5s0c_train_t6_r05_s5105_low_mu0.260231,p5s0c_train_t6_root05_s5105,6,LOW,0.2602307033517269,5,2,3.814558847500338,3.875109041793437,0.06055019429309905,1,1,,1,649f22b339c11d2842cfedd8ed13386a4792e5cfedc8ee6f5e5a688cab6f51ce,649f22b339c11d2842cfedd8ed13386a4792e5cfedc8ee6f5e5a688cab6f51ce,c12518f6f385b353c5380ba1c2abac234bc86d80e10df757827ffe66e15bf8a2,/home/exouser/FORTE/gnp_style_continuous_20260830_125107/collection_long2/P5S0C_BRANCH_TELEMETRY/p5s0c_train_t6_r05_s5105_low_mu0.260231_GNP_S5_F3p81455885_R2_F3.81456_trajectory.csv,1,,0
p5s0c_train_t6_r05_s5105_mid_mu0.481964_GNP_S1_F3p04471958_R1_F3.04472,p5s0c_train_t6_r05_s5105_mid_mu0.481964,p5s0c_train_t6_root05_s5105,6,MID,0.481964315174943,1,1,3.044719578061611,3.237384509436692,0.19266493137508078,1,1,,1,095a9f1c39b05763c1d07f0ca6dbfaf699f8fd7b1db7464909c758a7ec4a720d,095a9f1c39b05763c1d07f0ca6dbfaf699f8fd7b1db7464909c758a7ec4a720d,83aabbc2981ca78adb37b92755569fffb9004a7b36571e2543562fb812272c83,/home/exouser/FORTE/gnp_style_continuous_20260830_125107/collection_long2/P5S0C_BRANCH_TELEMETRY/p5s0c_train_t6_r05_s5105_mid_mu0.481964_GNP_S1_F3p04471958_R1_F3.04472_trajectory.csv,1,,0
p5s0c_train_t6_r05_s5105_mid_mu0.481964_GNP_S1_F3p04471958_R2_F3.04472,p5s0c_train_t6_r05_s5105_mid_mu0.481964,p5s0c_train_t6_root05_s5105,6,MID,0.481964315174943,1,2,3.044719578061611,3.2025806088990803,0.15786103083746905,1,1,,1,095a9f1c39b05763c1d07f0ca6dbfaf699f8fd7b1db7464909c758a7ec4a720d,095a9f1c39b05763c1d07f0ca6dbfaf699f8fd7b1db7464909c758a7ec4a720d,83aabbc2981ca78adb37b92755569fffb9004a7b36571e2543562fb812272c83,/home/exouser/FORTE/gnp_style_continuous_20260830_125107/collection_long2/P5S0C_BRANCH_TELEMETRY/p5s0c_train_t6_r05_s5105_mid_mu0.481964_GNP_S1_F3p04471958_R2_F3.04472_trajectory.csv,1,,0
p5s0c_train_t6_r05_s5105_mid_mu0.481964_GNP_S2_F3p35784213_R1_F3.35784,p5s0c_train_t6_r05_s5105_mid_mu0.481964,p5s0c_train_t6_root05_s5105,6,MID,0.481964315174943,2,1,3.3578421307455577,3.5671931067599525,0.20935097601439479,1,1,,1,095a9f1c39b05763c1d07f0ca6dbfaf699f8fd7b1db7464909c758a7ec4a720d,095a9f1c39b05763c1d07f0ca6dbfaf699f8fd7b1db7464909c758a7ec4a720d,83aabbc2981ca78adb37b92755569fffb9004a7b36571e2543562fb812272c83,/home/exouser/FORTE/gnp_style_continuous_20260830_125107/collection_long2/P5S0C_BRANCH_TELEMETRY/p5s0c_train_t6_r05_s5105_mid_mu0.481964_GNP_S2_F3p35784213_R1_F3.35784_trajectory.csv,1,,0
p5s0c_train_t6_r05_s5105_mid_mu0.481964_GNP_S2_F3p35784213_R2_F3.35784,p5s0c_train_t6_r05_s5105_mid_mu0.481964,p5s0c_train_t6_root05_s5105,6,MID,0.481964315174943,2,2,3.3578421307455577,3.5670847681504263,0.2092426374048686,1,1,,1,095a9f1c39b05763c1d07f0ca6dbfaf699f8fd7b1db7464909c758a7ec4a720d,095a9f1c39b05763c1d07f0ca6dbfaf699f8fd7b1db7464909c758a7ec4a720d,83aabbc2981ca78adb37b92755569fffb9004a7b36571e2543562fb812272c83,/home/exouser/FORTE/gnp_style_continuous_20260830_125107/collection_long2/P5S0C_BRANCH_TELEMETRY/p5s0c_train_t6_r05_s5105_mid_mu0.481964_GNP_S2_F3p35784213_R2_F3.35784_trajectory.csv,1,,0
p5s0c_train_t6_r05_s5105_mid_mu0.481964_GNP_S3_F3p57954972_R1_F3.57955,p5s0c_train_t6_r05_s5105_mid_mu0.481964,p5s0c_train_t6_root05_s5105,6,MID,0.481964315174943,3,1,3.579549721138465,3.819360585152349,0.23981086401388385,1,1,,1,095a9f1c39b05763c1d07f0ca6dbfaf699f8fd7b1db7464909c758a7ec4a720d,095a9f1c39b05763c1d07f0ca6dbfaf699f8fd7b1db7464909c758a7ec4a720d,83aabbc2981ca78adb37b92755569fffb9004a7b36571e2543562fb812272c83,/home/exouser/FORTE/gnp_style_continuous_20260830_125107/collection_long2/P5S0C_BRANCH_TELEMETRY/p5s0c_train_t6_r05_s5105_mid_mu0.481964_GNP_S3_F3p57954972_R1_F3.57955_trajectory.csv,1,,0
p5s0c_train_t6_r05_s5105_mid_mu0.481964_GNP_S3_F3p57954972_R2_F3.57955,p5s0c_train_t6_r05_s5105_mid_mu0.481964,p5s0c_train_t6_root05_s5105,6,MID,0.481964315174943,3,2,3.579549721138465,3.835142440433744,0.25559271929527894,1,1,,1,095a9f1c39b05763c1d07f0ca6dbfaf699f8fd7b1db7464909c758a7ec4a720d,095a9f1c39b05763c1d07f0ca6dbfaf699f8fd7b1db7464909c758a7ec4a720d,83aabbc2981ca78adb37b92755569fffb9004a7b36571e2543562fb812272c83,/home/exouser/FORTE/gnp_style_continuous_20260830_125107/collection_long2/P5S0C_BRANCH_TELEMETRY/p5s0c_train_t6_r05_s5105_mid_mu0.481964_GNP_S3_F3p57954972_R2_F3.57955_trajectory.csv,1,,0
p5s0c_train_t6_r05_s5105_mid_mu0.481964_GNP_S4_F3p65061338_R1_F3.65061,p5s0c_train_t6_r05_s5105_mid_mu0.481964,p5s0c_train_t6_root05_s5105,6,MID,0.481964315174943,4,1,3.650613377744291,3.904975806610494,0.25436242886620297,1,1,,1,095a9f1c39b05763c1d07f0ca6dbfaf699f8fd7b1db7464909c758a7ec4a720d,095a9f1c39b05763c1d07f0ca6dbfaf699f8fd7b1db7464909c758a7ec4a720d,83aabbc2981ca78adb37b92755569fffb9004a7b36571e2543562fb812272c83,/home/exouser/FORTE/gnp_style_continuous_20260830_125107/collection_long2/P5S0C_BRANCH_TELEMETRY/p5s0c_train_t6_r05_s5105_mid_mu0.481964_GNP_S4_F3p65061338_R1_F3.65061_trajectory.csv,1,,0
p5s0c_train_t6_r05_s5105_mid_mu0.481964_GNP_S4_F3p65061338_R2_F3.65061,p5s0c_train_t6_r05_s5105_mid_mu0.481964,p5s0c_train_t6_root05_s5105,6,MID,0.481964315174943,4,2,3.650613377744291,3.905049683172492,0.25443630542820106,1,1,,1,095a9f1c39b05763c1d07f0ca6dbfaf699f8fd7b1db7464909c758a7ec4a720d,095a9f1c39b05763c1d07f0ca6dbfaf699f8fd7b1db7464909c758a7ec4a720d,83aabbc2981ca78adb37b92755569fffb9004a7b36571e2543562fb812272c83,/home/exouser/FORTE/gnp_style_continuous_20260830_125107/collection_long2/P5S0C_BRANCH_TELEMETRY/p5s0c_train_t6_r05_s5105_mid_mu0.481964_GNP_S4_F3p65061338_R2_F3.65061_trajectory.csv,1,,0
p5s0c_train_t6_r05_s5105_mid_mu0.481964_GNP_S5_F3p90991046_R1_F3.90991,p5s0c_train_t6_r05_s5105_mid_mu0.481964,p5s0c_train_t6_root05_s5105,6,MID,0.481964315174943,5,1,3.909910461061327,4.1918888031681885,0.28197834210686157,1,1,,1,095a9f1c39b05763c1d07f0ca6dbfaf699f8fd7b1db7464909c758a7ec4a720d,095a9f1c39b05763c1d07f0ca6dbfaf699f8fd7b1db7464909c758a7ec4a720d,83aabbc2981ca78adb37b92755569fffb9004a7b36571e2543562fb812272c83,/home/exouser/FORTE/gnp_style_continuous_20260830_125107/collection_long2/P5S0C_BRANCH_TELEMETRY/p5s0c_train_t6_r05_s5105_mid_mu0.481964_GNP_S5_F3p90991046_R1_F3.90991_trajectory.csv,1,,0
p5s0c_train_t6_r05_s5105_mid_mu0.481964_GNP_S5_F3p90991046_R2_F3.90991,p5s0c_train_t6_r05_s5105_mid_mu0.481964,p5s0c_train_t6_root05_s5105,6,MID,0.481964315174943,5,2,3.909910461061327,4.191924849642983,0.28201438858165595,1,1,,1,095a9f1c39b05763c1d07f0ca6dbfaf699f8fd7b1db7464909c758a7ec4a720d,095a9f1c39b05763c1d07f0ca6dbfaf699f8fd7b1db7464909c758a7ec4a720d,83aabbc2981ca78adb37b92755569fffb9004a7b36571e2543562fb812272c83,/home/exouser/FORTE/gnp_style_continuous_20260830_125107/collection_long2/P5S0C_BRANCH_TELEMETRY/p5s0c_train_t6_r05_s5105_mid_mu0.481964_GNP_S5_F3p90991046_R2_F3.90991_trajectory.csv,1,,0
