trial_id,task_id,object_id,seed_idx,friction,timestamp,probe_variant,probe_phase,step,t_s,force_target,measured_squeeze,target_normal_force,measured_fn,measured_ft,ft_over_fn,left_fx,left_fy,left_fz,right_fx,right_fy,right_fz,force_imbalance,force_imbalance_ratio,gripper_opening,contact_normal_x,contact_normal_y,contact_normal_z,contact_tangent_x,contact_tangent_y,contact_tangent_z,commanded_tangent_increment_mm,accumulated_displacement_mm,marker_motion,marker_tangential,marker_velocity,marker_loading_unloading,contact_left,contact_right,contact_state,stop_trigger,eef_x,eef_y,eef_z,object_x_priv,object_y_priv,object_z_priv,object_qw_priv,object_qx_priv,object_qy_priv,object_qz_priv,tactile_ok
afi_pilot_t0_root00_s8100_mid,0,alphabet_soup_1,8100,0.5265899957280025,1,P4B,approach,1,0.05,0.0,2.9462344646453857,3.0,0.0,0.0,0.0,0.0,0.0,0.0,0.0,0.0,0.0,0.0,0.0,0.0399940125644207,0.024776902049779892,0.9996890425682068,0.0028146104887127876,0.9996129274368286,-0.024739162996411324,-0.012725287117064,0.0,0.0,0.0,0.0,0.0,0.0,0,0,none,completed,0.47278374433517456,-0.0065006171353161335,0.28483906388282776,-0.12016038596630096,-0.23872940242290497,0.028500651940703392,-0.00022432157129514962,0.00023922159743960947,0.7071487307548523,0.707064688205719,1
afi_pilot_t0_root00_s8100_mid,0,alphabet_soup_1,8100,0.5265899957280025,2,P4B,approach,2,0.1,0.0,1.508472204208374,3.0,0.0,0.0,0.0,0.0,0.0,0.0,0.0,0.0,0.0,0.0,0.0,0.03999307379126549,0.024776902049779892,0.9996890425682068,0.0028146104887127876,0.9996129274368286,-0.024739162996411324,-0.012725287117064,0.0,0.0,0.0,0.0,0.0,0.0,0,0,none,completed,0.4728754162788391,-0.009335672482848167,0.2827729284763336,-0.12022102624177933,-0.23874913156032562,0.02849995717406273,1.0462711543368641e-05,1.1369260391802527e-05,0.7071138024330139,0.7070996165275574,1
afi_pilot_t0_root00_s8100_mid,0,alphabet_soup_1,8100,0.5265899957280025,3,P4B,approach,3,0.15000000000000002,0.0,0.7723378539085388,3.0,0.0,0.0,0.0,0.0,0.0,0.0,0.0,0.0,0.0,0.0,0.0,0.0399957150220871,0.024776902049779892,0.9996890425682068,0.0028146104887127876,0.9996129274368286,-0.024739162996411324,-0.012725287117064,0.0,0.0,0.0,0.0,0.0,0.0,0,0,none,completed,0.47298216819763184,-0.01341280248016119,0.28021302819252014,-0.12022050470113754,-0.23874987661838531,0.028499910607933998,7.742956768197473e-06,1.407362287864089e-05,0.707109808921814,0.7071036100387573,1
afi_pilot_t0_root00_s8100_mid,0,alphabet_soup_1,8100,0.5265899957280025,4,P4B,approach,4,0.2,0.0,0.39543697237968445,3.0,0.0,0.0,0.0,0.0,0.0,0.0,0.0,0.0,0.0,0.0,0.0,0.03999904915690422,0.024776902049779892,0.9996890425682068,0.0028146104887127876,0.9996129274368286,-0.024739162996411324,-0.012725287117064,0.0,0.0,0.0,0.0,0.0,0.0,0,0,none,completed,0.47310250997543335,-0.018188348039984703,0.27736005187034607,-0.12022105604410172,-0.23874922096729279,0.028499968349933624,1.066308959707385e-05,1.128609619627241e-05,0.70711350440979,0.7070999145507812,1
afi_pilot_t0_root00_s8100_mid,0,alphabet_soup_1,8100,0.5265899957280025,5,P4B,approach,5,0.25,0.0,0.20246374607086182,3.0,0.0,0.0,0.0,0.0,0.0,0.0,0.0,0.0,0.0,0.0,0.0,0.03999999910593033,0.024776902049779892,0.9996890425682068,0.0028146104887127876,0.9996129274368286,-0.024739162996411324,-0.012725287117064,0.0,0.0,0.0,0.0,0.0,0.0,0,0,none,completed,0.47323423624038696,-0.023285921663045883,0.2743334472179413,-0.12022050470113754,-0.23874986171722412,0.028499912470579147,7.775183803460095e-06,1.4160588762024418e-05,0.707109808921814,0.7071036100387573,1
afi_pilot_t0_root00_s8100_mid,0,alphabet_soup_1,8100,0.5265899957280025,6,P4B,approach,6,0.30000000000000004,0.0,0.1036614403128624,3.0,0.0,0.0,0.0,0.0,0.0,0.0,0.0,0.0,0.0,0.0,0.0,0.03999999910593033,0.024776902049779892,0.9996890425682068,0.0028146104887127876,0.9996129274368286,-0.024739162996411324,-0.012725287117064,0.0,0.0,0.0,0.0,0.0,0.0,0,0,none,completed,0.47337472438812256,-0.028499791398644447,0.2712027430534363,-0.12022105604410172,-0.23874922096729279,0.028499970212578773,1.0646044756867923e-05,1.1252252988924738e-05,0.70711350440979,0.7070999145507812,1
afi_pilot_t0_root00_s8100_mid,0,alphabet_soup_1,8100,0.5265899957280025,7,P4B,approach,7,0.35000000000000003,0.0,0.0530746653676033,3.0,0.0,0.0,0.0,0.0,0.0,0.0,0.0,0.0,0.0,0.0,0.0,0.03999999910593033,0.024776902049779892,0.9996890425682068,0.0028146104887127876,0.9996129274368286,-0.024739162996411324,-0.012725287117064,0.0,0.0,0.0,0.0,0.0,0.0,0,0,none,completed,0.4735223650932312,-0.03373626619577408,0.26801034808158875,-0.12022050470113754,-0.23874986171722412,0.028499912470579147,7.757192179269623e-06,1.4127454960544128e-05,0.707109808921814,0.7071036100387573,1
afi_pilot_t0_root00_s8100_mid,0,alphabet_soup_1,8100,0.5265899957280025,8,P4B,approach,8,0.4,0.0,0.02717423252761364,3.0,0.0,0.0,0.0,0.0,0.0,0.0,0.0,0.0,0.0,0.0,0.0,0.03999999910593033,0.024776902049779892,0.9996890425682068,0.0028146104887127876,0.9996129274368286,-0.024739162996411324,-0.012725287117064,0.0,0.0,0.0,0.0,0.0,0.0,0,0,none,completed,0.4736756682395935,-0.03896282985806465,0.2647818922996521,-0.12022106349468231,-0.23874922096729279,0.028499972075223923,1.0727662811405025e-05,1.128869189415127e-05,0.7071133852005005,0.7071000337600708,1
afi_pilot_t0_root00_s8100_mid,0,alphabet_soup_1,8100,0.5265899957280025,9,P4B,approach,9,0.45,0.0,0.01391320675611496,3.0,0.0,0.0,0.0,0.0,0.0,0.0,0.0,0.0,0.0,0.0,0.0,0.03999999910593033,0.024776902049779892,0.9996890425682068,0.0028146104887127876,0.9996129274368286,-0.024739162996411324,-0.012725287117064,0.0,0.0,0.0,0.0,0.0,0.0,0,0,none,completed,0.47383272647857666,-0.044172730296850204,0.26153212785720825,-0.12022051215171814,-0.23874986171722412,0.028499916195869446,7.803588232491165e-06,1.4114286386757158e-05,0.7071096897125244,0.7071037292480469,1
afi_pilot_t0_root00_s8100_mid,0,alphabet_soup_1,8100,0.5265899957280025,10,P4B,approach,10,0.5,0.0,0.007123562041670084,3.0,0.0,0.0,0.0,0.0,0.0,0.0,0.0,0.0,0.0,0.0,0.0,0.03999999910593033,0.024776902049779892,0.9996890425682068,0.0028146104887127876,0.9996129274368286,-0.024739162996411324,-0.012725287117064,0.0,0.0,0.0,0.0,0.0,0.0,0,0,none,completed,0.4739917516708374,-0.049369558691978455,0.25826841592788696,-0.12022106349468231,-0.23874922096729279,0.028499968349933624,1.0646410373738036e-05,1.1235683814447839e-05,0.70711350440979,0.7070999145507812,1
afi_pilot_t0_root00_s8100_mid,0,alphabet_soup_1,8100,0.5265899957280025,11,P4B,approach,11,0.55,0.0,0.0036472640931606293,3.0,0.0,0.0,0.0,0.0,0.0,0.0,0.0,0.0,0.0,0.0,0.0,0.03999999910593033,0.024776902049779892,0.9996890425682068,0.0028146104887127876,0.9996129274368286,-0.024739162996411324,-0.012725287117064,0.0,0.0,0.0,0.0,0.0,0.0,0,0,none,completed,0.4741520285606384,-0.05455845966935158,0.254997581243515,-0.12022050470113754,-0.23874986171722412,0.028499914333224297,7.770041520416271e-06,1.4182353879732545e-05,0.707109808921814,0.7071036100387573,1
afi_pilot_t0_root00_s8100_mid,0,alphabet_soup_1,8100,0.5265899957280025,12,P4B,approach,12,0.6000000000000001,0.0,0.0018673992017284036,3.0,0.0,0.0,0.0,0.0,0.0,0.0,0.0,0.0,0.0,0.0,0.0,0.03999999910593033,0.024776902049779892,0.9996890425682068,0.0028146104887127876,0.9996129274368286,-0.024739162996411324,-0.012725287117064,0.0,0.0,0.0,0.0,0.0,0.0,0,0,none,completed,0.47431331872940063,-0.05974341928958893,0.251722514629364,-0.12022106349468231,-0.23874922096729279,0.028499973937869072,1.0714150448620785e-05,1.1242641448916402e-05,0.7071132659912109,0.7071001529693604,1
afi_pilot_t0_root00_s8100_mid,0,alphabet_soup_1,8100,0.5265899957280025,13,P4B,approach,13,0.65,0.0,0.0009561084443703294,3.0,0.0,0.0,0.0,0.0,0.0,0.0,0.0,0.0,0.0,0.0,0.0,0.03999999910593033,0.024776902049779892,0.9996890425682068,0.0028146104887127876,0.9996129274368286,-0.024739162996411324,-0.012725287117064,0.0,0.0,0.0,0.0,0.0,0.0,0,0,none,completed,0.47447487711906433,-0.06492690742015839,0.24844461679458618,-0.12022051215171814,-0.23874986171722412,0.028499916195869446,7.7379436334013e-06,1.4120237210590858e-05,0.7071096897125244,0.7071037292480469,1
afi_pilot_t0_root00_s8100_mid,0,alphabet_soup_1,8100,0.5265899957280025,14,P4B,approach,14,0.7000000000000001,0.0,0.0004895275342278183,3.0,0.0,0.0,0.0,0.0,0.0,0.0,0.0,0.0,0.0,0.0,0.0,0.03999999910593033,0.024776902049779892,0.9996890425682068,0.0028146104887127876,0.9996129274368286,-0.024739162996411324,-0.012725287117064,0.0,0.0,0.0,0.0,0.0,0.0,0,0,none,completed,0.4746364951133728,-0.0701104924082756,0.24516573548316956,-0.12022106349468231,-0.23874922096729279,0.028499968349933624,1.0658372957550455e-05,1.129103111452423e-05,0.70711350440979,0.7070999145507812,1
afi_pilot_t0_root00_s8100_mid,0,alphabet_soup_1,8100,0.5265899957280025,15,P4B,approach,15,0.75,0.0,0.0002506381133571267,3.0,0.0,0.0,0.0,0.0,0.0,0.0,0.0,0.0,0.0,0.0,0.0,0.03999999910593033,0.024776902049779892,0.9996890425682068,0.0028146104887127876,0.9996129274368286,-0.024739162996411324,-0.012725287117064,0.0,0.0,0.0,0.0,0.0,0.0,0,0,none,completed,0.47479745745658875,-0.07529427856206894,0.2418847680091858,-0.12022051215171814,-0.23874986171722412,0.028499914333224297,7.796475983923301e-06,1.4137598554953001e-05,0.7071096897125244,0.7071037292480469,1
afi_pilot_t0_root00_s8100_mid,0,alphabet_soup_1,8100,0.5265899957280025,16,P4B,approach,16,0.8,0.0,0.00012832671927753836,3.0,0.0,0.0,0.0,0.0,0.0,0.0,0.0,0.0,0.0,0.0,0.0,0.03999999910593033,0.024776902049779892,0.9996890425682068,0.0028146104887127876,0.9996129274368286,-0.024739162996411324,-0.012725287117064,0.0,0.0,0.0,0.0,0.0,0.0,0,0,none,completed,0.47495874762535095,-0.08047880977392197,0.23860400915145874,-0.12022105604410172,-0.23874922096729279,0.028499968349933624,1.0644549547578208e-05,1.1253960110479966e-05,0.70711350440979,0.7070999145507812,1
afi_pilot_t0_root00_s8100_mid,0,alphabet_soup_1,8100,0.5265899957280025,17,P4B,approach,17,0.8500000000000001,0.0,6.570328696398064e-05,3.0,0.0,0.0,0.0,0.0,0.0,0.0,0.0,0.0,0.0,0.0,0.0,0.03999999910593033,0.024776902049779892,0.9996890425682068,0.0028146104887127876,0.9996129274368286,-0.024739162996411324,-0.012725287117064,0.0,0.0,0.0,0.0,0.0,0.0,0,0,none,completed,0.47511929273605347,-0.08566377311944962,0.23532256484031677,-0.12022051215171814,-0.23874986171722412,0.028499912470579147,7.767429451632779e-06,1.4117466889729258e-05,0.707109808921814,0.7071036100387573,1
afi_pilot_t0_root00_s8100_mid,0,alphabet_soup_1,8100,0.5265899957280025,18,P4B,approach,18,0.9,0.0,3.3640084438957274e-05,3.0,0.0,0.0,0.0,0.0,0.0,0.0,0.0,0.0,0.0,0.0,0.0,0.03999999910593033,0.024776902049779892,0.9996890425682068,0.0028146104887127876,0.9996129274368286,-0.024739162996411324,-0.012725287117064,0.0,0.0,0.0,0.0,0.0,0.0,0,0,none,completed,0.4752800762653351,-0.09084905683994293,0.2320409119129181,-0.12022105604410172,-0.23874922096729279,0.028499973937869072,1.0754734830697998e-05,1.1304239706078079e-05,0.7071133852005005,0.7071000337600708,1
afi_pilot_t0_root00_s8100_mid,0,alphabet_soup_1,8100,0.5265899957280025,19,P4B,approach,19,0.9500000000000001,0.0,1.7223725080839358e-05,3.0,0.0,0.0,0.0,0.0,0.0,0.0,0.0,0.0,0.0,0.0,0.0,0.03999999910593033,0.024776902049779892,0.9996890425682068,0.0028146104887127876,0.9996129274368286,-0.024739162996411324,-0.012725287117064,0.0,0.0,0.0,0.0,0.0,0.0,0,0,none,completed,0.47544077038764954,-0.09603454172611237,0.22875916957855225,-0.12022050470113754,-0.23874986171722412,0.028499916195869446,7.761757842672523e-06,1.4155941244098358e-05,0.707109808921814,0.7071036100387573,1
afi_pilot_t0_root00_s8100_mid,0,alphabet_soup_1,8100,0.5265899957280025,20,P4B,approach,20,1.0,0.0,8.81854703038698e-06,3.0,0.0,0.0,0.0,0.0,0.0,0.0,0.0,0.0,0.0,0.0,0.0,0.03999999910593033,0.024776902049779892,0.9996890425682068,0.0028146104887127876,0.9996129274368286,-0.024739162996411324,-0.012725287117064,0.0,0.0,0.0,0.0,0.0,0.0,0,0,none,completed,0.47560128569602966,-0.10122011601924896,0.22547712922096252,-0.12022106349468231,-0.23874922096729279,0.028499970212578773,1.0723418199631851e-05,1.1326000276312698e-05,0.7071133852005005,0.7071000337600708,1
afi_pilot_t0_root00_s8100_mid,0,alphabet_soup_1,8100,0.5265899957280025,21,P4B,approach,21,1.05,0.0,4.515096406976227e-06,3.0,0.0,0.0,0.0,0.0,0.0,0.0,0.0,0.0,0.0,0.0,0.0,0.03999999910593033,0.024776902049779892,0.9996890425682068,0.0028146104887127876,0.9996129274368286,-0.024739162996411324,-0.012725287117064,0.0,0.0,0.0,0.0,0.0,0.0,0,0,none,completed,0.4757625460624695,-0.10640528798103333,0.22219571471214294,-0.12022050470113754,-0.23874986171722412,0.028499916195869446,7.762593668303452e-06,1.4146453395369463e-05,0.707109808921814,0.7071036100387573,1
afi_pilot_t0_root00_s8100_mid,0,alphabet_soup_1,8100,0.5265899957280025,22,P4B,approach,22,1.1,0.0,2.311729531356832e-06,3.0,0.0,0.0,0.0,0.0,0.0,0.0,0.0,0.0,0.0,0.0,0.0,0.03999999910593033,0.024776902049779892,0.9996890425682068,0.0028146104887127876,0.9996129274368286,-0.024739162996411324,-0.012725287117064,0.0,0.0,0.0,0.0,0.0,0.0,0,0,none,completed,0.47592318058013916,-0.11159039288759232,0.2189142107963562,-0.12022106349468231,-0.23874922096729279,0.028499970212578773,1.0724281310103834e-05,1.1316489690216258e-05,0.7071133852005005,0.7071000337600708,1
afi_pilot_t0_root00_s8100_mid,0,alphabet_soup_1,8100,0.5265899957280025,23,P4B,approach,23,1.1500000000000001,0.0,1.1836056046377053e-06,3.0,0.0,0.0,0.0,0.0,0.0,0.0,0.0,0.0,0.0,0.0,0.0,0.03999999910593033,0.024776902049779892,0.9996890425682068,0.0028146104887127876,0.9996129274368286,-0.024739162996411324,-0.012725287117064,0.0,0.0,0.0,0.0,0.0,0.0,0,0,none,completed,0.47608399391174316,-0.11677541583776474,0.21563255786895752,-0.12022050470113754,-0.23874986171722412,0.028499916195869446,7.763494068058208e-06,1.413690551999025e-05,0.707109808921814,0.7071036100387573,1
afi_pilot_t0_root00_s8100_mid,0,alphabet_soup_1,8100,0.5265899957280025,24,P4B,approach,24,1.2000000000000002,0.0,6.060060968593461e-07,3.0,0.0,0.0,0.0,0.0,0.0,0.0,0.0,0.0,0.0,0.0,0.0,0.03999999910593033,0.024776902049779892,0.9996890425682068,0.0028146104887127876,0.9996129274368286,-0.024739162996411324,-0.012725287117064,0.0,0.0,0.0,0.0,0.0,0.0,0,0,none,completed,0.4762447476387024,-0.1219598650932312,0.21235069632530212,-0.12022106349468231,-0.23874922096729279,0.028499970212578773,1.0725129868660588e-05,1.1306989108561538e-05,0.7071133852005005,0.7071000337600708,1
afi_pilot_t0_root00_s8100_mid,0,alphabet_soup_1,8100,0.5265899957280025,25,P4B,approach,25,1.25,0.0,3.1027514069137396e-07,3.0,0.0,0.0,0.0,0.0,0.0,0.0,0.0,0.0,0.0,0.0,0.0,0.03999999910593033,0.024776902049779892,0.9996890425682068,0.0028146104887127876,0.9996129274368286,-0.024739162996411324,-0.012725287117064,0.0,0.0,0.0,0.0,0.0,0.0,0,0,none,completed,0.4764050841331482,-0.12714406847953796,0.20906832814216614,-0.12022050470113754,-0.23874986171722412,0.028499916195869446,7.764350812067278e-06,1.4127401300356723e-05,0.707109808921814,0.7071036100387573,1
afi_pilot_t0_root00_s8100_mid,0,alphabet_soup_1,8100,0.5265899957280025,26,P4B,approach,26,1.3,0.0,1.5886088533534348e-07,3.0,0.0,0.0,0.0,0.0,0.0,0.0,0.0,0.0,0.0,0.0,0.0,0.03999999910593033,0.024776902049779892,0.9996890425682068,0.0028146104887127876,0.9996129274368286,-0.024739162996411324,-0.012725287117064,0.0,0.0,0.0,0.0,0.0,0.0,0,0,none,completed,0.4765661954879761,-0.13232815265655518,0.20578646659851074,-0.12022106349468231,-0.23874922096729279,0.028499970212578773,1.0726067557698116e-05,1.1297399396426044e-05,0.7071133852005005,0.7071000337600708,1
afi_pilot_t0_root00_s8100_mid,0,alphabet_soup_1,8100,0.5265899957280025,27,P4B,approach,27,1.35,0.0,8.133677908972459e-08,3.0,0.0,0.0,0.0,0.0,0.0,0.0,0.0,0.0,0.0,0.0,0.0,0.03999999910593033,0.024776902049779892,0.9996890425682068,0.0028146104887127876,0.9996129274368286,-0.024739162996411324,-0.012725287117064,0.0,0.0,0.0,0.0,0.0,0.0,0,0,none,completed,0.47672760486602783,-0.13751175999641418,0.20250466465950012,-0.12022051215171814,-0.23874986171722412,0.028499916195869446,7.809328963048756e-06,1.4115666999714449e-05,0.7071096897125244,0.7071037292480469,1
afi_pilot_t0_root00_s8100_mid,0,alphabet_soup_1,8100,0.5265899957280025,28,P4B,approach,28,1.4000000000000001,0.0,4.1644430126552834e-08,3.0,0.0,0.0,0.0,0.0,0.0,0.0,0.0,0.0,0.0,0.0,0.0,0.03999999910593033,0.024776902049779892,0.9996890425682068,0.0028146104887127876,0.9996129274368286,-0.024739162996411324,-0.012725287117064,0.0,0.0,0.0,0.0,0.0,0.0,0,0,none,completed,0.47688865661621094,-0.14269483089447021,0.1992231011390686,-0.12022105604410172,-0.23874922096729279,0.028499968349933624,1.06350553323864e-05,1.125412109104218e-05,0.70711350440979,0.7070999145507812,1
afi_pilot_t0_root00_s8100_mid,0,alphabet_soup_1,8100,0.5265899957280025,29,P4B,approach,29,1.4500000000000002,0.0,2.1321948651120692e-08,3.0,0.0,0.0,0.0,0.0,0.0,0.0,0.0,0.0,0.0,0.0,0.0,0.03999999910593033,0.024776902049779892,0.9996890425682068,0.0028146104887127876,0.9996129274368286,-0.024739162996411324,-0.012725287117064,0.0,0.0,0.0,0.0,0.0,0.0,0,0,none,completed,0.4770497679710388,-0.14787741005420685,0.19594082236289978,-0.12022051215171814,-0.23874986171722412,0.028499910607933998,7.764304427837487e-06,1.4111244126979727e-05,0.707109808921814,0.7071036100387573,1
afi_pilot_t0_root00_s8100_mid,0,alphabet_soup_1,8100,0.5265899957280025,30,P4B,approach,30,1.5,0.0,1.0916838100172299e-08,3.0,0.0,0.0,0.0,0.0,0.0,0.0,0.0,0.0,0.0,0.0,0.0,0.03999999910593033,0.024776902049779892,0.9996890425682068,0.0028146104887127876,0.9996129274368286,-0.024739162996411324,-0.012725287117064,0.0,0.0,0.0,0.0,0.0,0.0,0,0,none,completed,0.47721153497695923,-0.15305915474891663,0.1926586627960205,-0.12022105604410172,-0.23874922096729279,0.028499972075223923,1.0750668479886372e-05,1.1298942808934953e-05,0.7071133852005005,0.7071000337600708,1
afi_pilot_t0_root00_s8100_mid,0,alphabet_soup_1,8100,0.5265899957280025,31,P4B,approach,31,1.55,0.0,5.589421814278239e-09,3.0,0.0,0.0,0.0,0.0,0.0,0.0,0.0,0.0,0.0,0.0,0.0,0.03999999910593033,0.024776902049779892,0.9996890425682068,0.0028146104887127876,0.9996129274368286,-0.024739162996411324,-0.012725287117064,0.0,0.0,0.0,0.0,0.0,0.0,0,0,none,completed,0.47737354040145874,-0.15824058651924133,0.1893768310546875,-0.12022051215171814,-0.23874986171722412,0.028499914333224297,7.795092642481904e-06,1.4155186363495886e-05,0.7071096897125244,0.7071037292480469,1
afi_pilot_t0_root00_s8100_mid,0,alphabet_soup_1,8100,0.5265899957280025,32,P4B,approach,32,1.6,0.0,2.861783920948824e-09,3.0,0.0,0.0,0.0,0.0,0.0,0.0,0.0,0.0,0.0,0.0,0.0,0.03999999910593033,0.024776902049779892,0.9996890425682068,0.0028146104887127876,0.9996129274368286,-0.024739162996411324,-0.012725287117064,0.0,0.0,0.0,0.0,0.0,0.0,0,0,none,completed,0.47753602266311646,-0.16342125833034515,0.1860952079296112,-0.12022105604410172,-0.23874922096729279,0.028499968349933624,1.0654203833837528e-05,1.1260633073106874e-05,0.70711350440979,0.7070999145507812,1
afi_pilot_t0_root00_s8100_mid,0,alphabet_soup_1,8100,0.5265899957280025,33,P4B,approach,33,1.6500000000000001,0.0,1.4652333790721173e-09,3.0,0.0,0.0,0.0,0.0,0.0,0.0,0.0,0.0,0.0,0.0,0.0,0.03999999910593033,0.024776902049779892,0.9996890425682068,0.0028146104887127876,0.9996129274368286,-0.024739162996411324,-0.012725287117064,0.0,0.0,0.0,0.0,0.0,0.0,0,0,none,completed,0.4776984453201294,-0.1686016470193863,0.18281340599060059,-0.12022050470113754,-0.23874986171722412,0.028499914333224297,7.76650631451048e-06,1.4134687262412626e-05,0.707109808921814,0.7071036100387573,1
afi_pilot_t0_root00_s8100_mid,0,alphabet_soup_1,8100,0.5265899957280025,34,P4B,approach,34,1.7000000000000002,0.0,7.501994581105009e-10,3.0,0.0,0.0,0.0,0.0,0.0,0.0,0.0,0.0,0.0,0.0,0.0,0.03999999910593033,0.024776902049779892,0.9996890425682068,0.0028146104887127876,0.9996129274368286,-0.024739162996411324,-0.012725287117064,0.0,0.0,0.0,0.0,0.0,0.0,0,0,none,completed,0.47786086797714233,-0.17378130555152893,0.1795312762260437,-0.12022106349468231,-0.23874922096729279,0.028499972075223923,1.072965551429661e-05,1.1303253813821357e-05,0.7071133852005005,0.7071000337600708,1
afi_pilot_t0_root00_s8100_mid,0,alphabet_soup_1,8100,0.5265899957280025,35,P4B,approach,35,1.75,0.0,3.8410213898387724e-10,3.0,0.0,0.0,0.0,0.0,0.0,0.0,0.0,0.0,0.0,0.0,0.0,0.03999999910593033,0.024776902049779892,0.9996890425682068,0.0028146104887127876,0.9996129274368286,-0.024739162996411324,-0.012725287117064,0.0,0.0,0.0,0.0,0.0,0.0,0,0,none,completed,0.4780243933200836,-0.17896141111850739,0.17624980211257935,-0.12022051215171814,-0.23874986171722412,0.028499916195869446,7.806556823197752e-06,1.4127903341432102e-05,0.7071096897125244,0.7071037292480469,1
afi_pilot_t0_root00_s8100_mid,0,alphabet_soup_1,8100,0.5265899957280025,36,P4B,approach,36,1.8,0.0,1.9666031303433584e-10,3.0,0.0,0.0,0.0,0.0,0.0,0.0,0.0,0.0,0.0,0.0,0.0,0.03999999910593033,0.024776902049779892,0.9996890425682068,0.0028146104887127876,0.9996129274368286,-0.024739162996411324,-0.012725287117064,0.0,0.0,0.0,0.0,0.0,0.0,0,0,none,completed,0.4781873822212219,-0.18414121866226196,0.1729680895805359,-0.12022106349468231,-0.23874922096729279,0.028499968349933624,1.0649274372553919e-05,1.1249395356571767e-05,0.70711350440979,0.7070999145507812,1
afi_pilot_t0_root00_s8100_mid,0,alphabet_soup_1,8100,0.5265899957280025,37,P4B,approach,37,1.85,0.0,1.0069008127278067e-10,3.0,0.0,0.0,0.0,0.0,0.0,0.0,0.0,0.0,0.0,0.0,0.0,0.03999999910593033,0.024776902049779892,0.9996890425682068,0.0028146104887127876,0.9996129274368286,-0.024739162996411324,-0.012725287117064,0.0,0.0,0.0,0.0,0.0,0.0,0,0,none,completed,0.47835034132003784,-0.18932102620601654,0.16968601942062378,-0.12022051215171814,-0.23874986171722412,0.028499912470579147,7.80625305196736e-06,1.411954599461751e-05,0.7071096897125244,0.7071037292480469,1
afi_pilot_t0_root00_s8100_mid,0,alphabet_soup_1,8100,0.5265899957280025,38,P4B,approach,38,1.9000000000000001,0.0,5.155332410966551e-11,3.0,0.0,0.0,0.0,0.0,0.0,0.0,0.0,0.0,0.0,0.0,0.0,0.03999999910593033,0.024776902049779892,0.9996890425682068,0.0028146104887127876,0.9996129274368286,-0.024739162996411324,-0.012725287117064,0.0,0.0,0.0,0.0,0.0,0.0,0,0,none,completed,0.478513240814209,-0.1945008933544159,0.16640397906303406,-0.12022106349468231,-0.23874922096729279,0.028499968349933624,1.0650124750100076e-05,1.1239900231885258e-05,0.70711350440979,0.7070999145507812,1
afi_pilot_t0_root00_s8100_mid,0,alphabet_soup_1,8100,0.5265899957280025,39,P4B,approach,39,1.9500000000000002,0.0,2.6395302610282556e-11,3.0,0.0,0.0,0.0,0.0,0.0,0.0,0.0,0.0,0.0,0.0,0.0,0.03999999910593033,0.024776902049779892,0.9996890425682068,0.0028146104887127876,0.9996129274368286,-0.024739162996411324,-0.012725287117064,0.0,0.0,0.0,0.0,0.0,0.0,0,0,none,completed,0.47867685556411743,-0.1996811032295227,0.16312173008918762,-0.12022050470113754,-0.23874986171722412,0.028499914333224297,7.773784091114067e-06,1.4186539374350104e-05,0.707109808921814,0.7071036100387573,1
afi_pilot_t0_root00_s8100_mid,0,alphabet_soup_1,8100,0.5265899957280025,40,P4B,approach,40,2.0,0.0,1.3514395331981621e-11,3.0,0.0,0.0,0.0,0.0,0.0,0.0,0.0,0.0,0.0,0.0,0.0,0.03999999910593033,0.024776902049779892,0.9996890425682068,0.0028146104887127876,0.9996129274368286,-0.024739162996411324,-0.012725287117064,0.0,0.0,0.0,0.0,0.0,0.0,0,0,none,completed,0.4788401126861572,-0.2048611342906952,0.1598397195339203,-0.12022105604410172,-0.23874922096729279,0.028499972075223923,1.0644280337146483e-05,1.1278581951046363e-05,0.70711350440979,0.7070999145507812,1
afi_pilot_t0_root00_s8100_mid,0,alphabet_soup_1,8100,0.5265899957280025,41,P4B,approach,41,2.0500000000000003,0.0,6.919370892227716e-12,3.0,0.0,0.0,0.0,0.0,0.0,0.0,0.0,0.0,0.0,0.0,0.0,0.03999999910593033,0.024776902049779892,0.9996890425682068,0.0028146104887127876,0.9996129274368286,-0.024739162996411324,-0.012725287117064,0.0,0.0,0.0,0.0,0.0,0.0,0,0,none,completed,0.4790032207965851,-0.21004143357276917,0.15655776858329773,-0.12022051215171814,-0.23874986171722412,0.028499912470579147,7.766154340060893e-06,1.4143090083962306e-05,0.707109808921814,0.7071036100387573,1
afi_pilot_t0_root00_s8100_mid,0,alphabet_soup_1,8100,0.5265899957280025,42,P4B,approach,42,2.1,0.0,3.5427182021319226e-12,3.0,0.0,0.0,0.0,0.0,0.0,0.0,0.0,0.0,0.0,0.0,0.0,0.03999999910593033,0.024776902049779892,0.9996890425682068,0.0028146104887127876,0.9996129274368286,-0.024739162996411324,-0.012725287117064,0.0,0.0,0.0,0.0,0.0,0.0,0,0,none,completed,0.4791666567325592,-0.21522186696529388,0.15327543020248413,-0.12022105604410172,-0.23874922096729279,0.028499972075223923,1.0645130714692641e-05,1.1269082278886344e-05,0.70711350440979,0.7070999145507812,1
afi_pilot_t0_root00_s8100_mid,0,alphabet_soup_1,8100,0.5265899957280025,43,P4B,approach,43,2.15,0.0,1.8138718608715076e-12,3.0,0.0,0.0,0.0,0.0,0.0,0.0,0.0,0.0,0.0,0.0,0.0,0.03999999910593033,0.024776902049779892,0.9996890425682068,0.0028146104887127876,0.9996129274368286,-0.024739162996411324,-0.012725287117064,0.0,0.0,0.0,0.0,0.0,0.0,0,0,none,completed,0.4793297052383423,-0.22040309011936188,0.14999336004257202,-0.12022051215171814,-0.23874986171722412,0.028499912470579147,7.766979251755401e-06,1.4133610420685727e-05,0.707109808921814,0.7071036100387573,1
afi_pilot_t0_root00_s8100_mid,0,alphabet_soup_1,8100,0.5265899957280025,44,P4B,approach,44,2.2,0.0,9.287024274606814e-13,3.0,0.0,0.0,0.0,0.0,0.0,0.0,0.0,0.0,0.0,0.0,0.0,0.03999999910593033,0.024776902049779892,0.9996890425682068,0.0028146104887127876,0.9996129274368286,-0.024739162996411324,-0.012725287117064,0.0,0.0,0.0,0.0,0.0,0.0,0,0,none,completed,0.47949305176734924,-0.22558417916297913,0.14671140909194946,-0.12022105604410172,-0.23874922096729279,0.028499972075223923,1.0645928341546096e-05,1.1259622624493204e-05,0.70711350440979,0.7070999145507812,1
afi_pilot_t0_root00_s8100_mid,0,alphabet_soup_1,8100,0.5265899957280025,45,P4B,approach,45,2.25,0.0,4.754956736512106e-13,3.0,0.0,0.0,0.0,0.0,0.0,0.0,0.0,0.0,0.0,0.0,0.0,0.03999999910593033,0.024776902049779892,0.9996890425682068,0.0028146104887127876,0.9996129274368286,-0.024739162996411324,-0.012725287117064,0.0,0.0,0.0,0.0,0.0,0.0,0,0,none,completed,0.4796563386917114,-0.23076550662517548,0.14342930912971497,-0.12022051215171814,-0.23874986171722412,0.028499912470579147,7.767828719806857e-06,1.4124109839031007e-05,0.707109808921814,0.7071036100387573,1
afi_pilot_t0_root00_s8100_mid,0,alphabet_soup_1,8100,0.5265899957280025,46,P4B,descend,46,2.3000000000000003,0.0,2.43453776018962e-13,3.0,0.0,0.0,0.0,0.0,0.0,0.0,0.0,0.0,0.0,0.0,0.0,0.03999999910593033,0.024776902049779892,0.9996890425682068,0.0028146104887127876,0.9996129274368286,-0.024739162996411324,-0.012725287117064,0.0,0.0,0.0,0.0,0.0,0.0,0,0,none,completed,0.4794415235519409,-0.234601691365242,0.14053115248680115,-0.12022105604410172,-0.23874922096729279,0.028499972075223923,1.064683874574257e-05,1.1250065654166974e-05,0.70711350440979,0.7070999145507812,1
afi_pilot_t0_root00_s8100_mid,0,alphabet_soup_1,8100,0.5265899957280025,47,P4B,descend,47,2.35,0.0,1.2464833852587898e-13,3.0,0.0,0.0,0.0,0.0,0.0,0.0,0.0,0.0,0.0,0.0,0.0,0.03999999910593033,0.024776902049779892,0.9996890425682068,0.0028146104887127876,0.9996129274368286,-0.024739162996411324,-0.012725287117064,0.0,0.0,0.0,0.0,0.0,0.0,0,0,none,completed,0.47936731576919556,-0.2368035912513733,0.1378515660762787,-0.12022051215171814,-0.23874986171722412,0.028499912470579147,7.768713658151682e-06,1.4114568330114707e-05,0.707109808921814,0.7071036100387573,1
afi_pilot_t0_root00_s8100_mid,0,alphabet_soup_1,8100,0.5265899957280025,48,P4B,descend,48,2.4000000000000004,0.0,6.381995490889122e-14,3.0,0.0,0.0,0.0,0.0,0.0,0.0,0.0,0.0,0.0,0.0,0.0,0.03999999910593033,0.024776902049779892,0.9996890425682068,0.0028146104887127876,0.9996129274368286,-0.024739162996411324,-0.012725287117064,0.0,0.0,0.0,0.0,0.0,0.0,0,0,none,completed,0.4794483780860901,-0.23787479102611542,0.1352989375591278,-0.12022105604410172,-0.23874922096729279,0.028499973937869072,1.0755922630778514e-05,1.1301445738354232e-05,0.7071133852005005,0.7071000337600708,1
afi_pilot_t0_root00_s8100_mid,0,alphabet_soup_1,8100,0.5265899957280025,49,P4B,descend,49,2.45,0.0,3.2675817211507904e-14,3.0,0.0,0.0,0.0,0.0,0.0,0.0,0.0,0.0,0.0,0.0,0.0,0.03999999910593033,0.024776902049779892,0.9996890425682068,0.0028146104887127876,0.9996129274368286,-0.024739162996411324,-0.012725287117064,0.0,0.0,0.0,0.0,0.0,0.0,0,0,none,completed,0.4795895218849182,-0.23833505809307098,0.13282394409179688,-0.12022050470113754,-0.23874986171722412,0.028499916195869446,7.762992026982829e-06,1.4153114534565248e-05,0.707109808921814,0.7071036100387573,1
afi_pilot_t0_root00_s8100_mid,0,alphabet_soup_1,8100,0.5265899957280025,50,P4B,descend,50,2.5,0.0,1.6730018791762807e-14,3.0,0.0,0.0,0.0,0.0,0.0,0.0,0.0,0.0,0.0,0.0,0.0,0.03999999910593033,0.024776902049779892,0.9996890425682068,0.0028146104887127876,0.9996129274368286,-0.024739162996411324,-0.012725287117064,0.0,0.0,0.0,0.0,0.0,0.0,0,0,none,completed,0.479724645614624,-0.2385164350271225,0.13039880990982056,-0.12022106349468231,-0.23874922096729279,0.028499970212578773,1.0724652383942157e-05,1.1323171747790184e-05,0.7071133852005005,0.7071000337600708,1
afi_pilot_t0_root00_s8100_mid,0,alphabet_soup_1,8100,0.5265899957280025,51,P4B,descend,51,2.5500000000000003,0.0,8.565769756907829e-15,3.0,0.0,0.0,0.0,0.0,0.0,0.0,0.0,0.0,0.0,0.0,0.0,0.03999999910593033,0.024776902049779892,0.9996890425682068,0.0028146104887127876,0.9996129274368286,-0.024739162996411324,-0.012725287117064,0.0,0.0,0.0,0.0,0.0,0.0,0,0,none,completed,0.47982728481292725,-0.23858587443828583,0.12800461053848267,-0.12022050470113754,-0.23874986171722412,0.028499916195869446,7.76380784373032e-06,1.4143639418762177e-05,0.707109808921814,0.7071036100387573,1
afi_pilot_t0_root00_s8100_mid,0,alphabet_soup_1,8100,0.5265899957280025,52,P4B,descend,52,2.6,0.0,4.385674444185592e-15,3.0,0.0,0.0,0.0,0.0,0.0,0.0,0.0,0.0,0.0,0.0,0.0,0.03999999910593033,0.024776902049779892,0.9996890425682068,0.0028146104887127876,0.9996129274368286,-0.024739162996411324,-0.012725287117064,0.0,0.0,0.0,0.0,0.0,0.0,0,0,none,completed,0.47989726066589355,-0.2386152744293213,0.12563103437423706,-0.12022106349468231,-0.23874922096729279,0.028499970212578773,1.0725436368375085e-05,1.1313728464301676e-05,0.7071133852005005,0.7071000337600708,1
afi_pilot_t0_root00_s8100_mid,0,alphabet_soup_1,8100,0.5265899957280025,53,P4B,descend,53,2.6500000000000004,0.0,2.2454654966880738e-15,3.0,0.0,0.0,0.0,0.0,0.0,0.0,0.0,0.0,0.0,0.0,0.0,0.03999999910593033,0.024776902049779892,0.9996890425682068,0.0028146104887127876,0.9996129274368286,-0.024739162996411324,-0.012725287117064,0.0,0.0,0.0,0.0,0.0,0.0,0,0,none,completed,0.47994130849838257,-0.2386302351951599,0.1232692152261734,-0.12022050470113754,-0.23874986171722412,0.028499916195869446,7.764591828163248e-06,1.4134197954263072e-05,0.707109808921814,0.7071036100387573,1
afi_pilot_t0_root00_s8100_mid,0,alphabet_soup_1,8100,0.5265899957280025,54,P4B,descend,54,2.7,0.0,1.1496784545829723e-15,3.0,0.0,0.0,0.0,0.0,0.0,0.0,0.0,0.0,0.0,0.0,0.0,0.03999999910593033,0.024776902049779892,0.9996890425682068,0.0028146104887127876,0.9996129274368286,-0.024739162996411324,-0.012725287117064,0.0,0.0,0.0,0.0,0.0,0.0,0,0,none,completed,0.47996872663497925,-0.23863984644412994,0.12091533839702606,-0.12022106349468231,-0.23874922096729279,0.028499970212578773,1.0726233085733838e-05,1.1304279723844957e-05,0.7071133852005005,0.7071000337600708,1
afi_pilot_t0_root00_s8100_mid,0,alphabet_soup_1,8100,0.5265899957280025,55,P4B,descend,55,2.75,0.0,5.88635382299009e-16,3.0,0.0,0.0,0.0,0.0,0.0,0.0,0.0,0.0,0.0,0.0,0.0,0.03999999910593033,0.024776902049779892,0.9996890425682068,0.0028146104887127876,0.9996129274368286,-0.024739162996411324,-0.012725287117064,0.0,0.0,0.0,0.0,0.0,0.0,0,0,none,completed,0.47998520731925964,-0.23864664137363434,0.11856578290462494,-0.12022051215171814,-0.23874986171722412,0.028499916195869446,7.809451744833495e-06,1.4122599168331362e-05,0.7071096897125244,0.7071037292480469,1
afi_pilot_t0_root00_s8100_mid,0,alphabet_soup_1,8100,0.5265899957280025,56,P4B,descend,56,2.8000000000000003,0.0,3.013813371246745e-16,3.0,0.0,0.0,0.0,0.0,0.0,0.0,0.0,0.0,0.0,0.0,0.0,0.03999999910593033,0.024776902049779892,0.9996890425682068,0.0028146104887127876,0.9996129274368286,-0.024739162996411324,-0.012725287117064,0.0,0.0,0.0,0.0,0.0,0.0,0,0,none,completed,0.4799949824810028,-0.23865094780921936,0.11621913313865662,-0.12022105604410172,-0.23874922096729279,0.028499970212578773,1.0641664630384184e-05,1.1254558557993732e-05,0.70711350440979,0.7070999145507812,1
afi_pilot_t0_root00_s8100_mid,0,alphabet_soup_1,8100,0.5265899957280025,57,P4B,descend,57,2.85,0.0,1.543072477842069e-16,3.0,0.0,0.0,0.0,0.0,0.0,0.0,0.0,0.0,0.0,0.0,0.0,0.03999999910593033,0.024776902049779892,0.9996890425682068,0.0028146104887127876,0.9996129274368286,-0.024739162996411324,-0.012725287117064,0.0,0.0,0.0,0.0,0.0,0.0,0,0,none,completed,0.4800005555152893,-0.2386537492275238,0.11387340724468231,-0.12022050470113754,-0.23874986171722412,0.028499912470579147,7.752843885100447e-06,1.4129695045994595e-05,0.707109808921814,0.7071036100387573,1
afi_pilot_t0_root00_s8100_mid,0,alphabet_soup_1,8100,0.5265899957280025,58,P4B,descend,58,2.9000000000000004,0.0,7.900531732414016e-17,3.0,0.0,0.0,0.0,0.0,0.0,0.0,0.0,0.0,0.0,0.0,0.0,0.03999999910593033,0.024776902049779892,0.9996890425682068,0.0028146104887127876,0.9996129274368286,-0.024739162996411324,-0.012725287117064,0.0,0.0,0.0,0.0,0.0,0.0,0,0,none,completed,0.4800039231777191,-0.23865556716918945,0.11152918636798859,-0.12022106349468231,-0.23874922096729279,0.028499972075223923,1.0723259038059041e-05,1.1290982001810335e-05,0.7071133852005005,0.7071000337600708,1
afi_pilot_t0_root00_s8100_mid,0,alphabet_soup_1,8100,0.5265899957280025,59,P4B,descend,59,2.95,0.0,4.0450723449341605e-17,3.0,0.0,0.0,0.0,0.0,0.0,0.0,0.0,0.0,0.0,0.0,0.0,0.03999999910593033,0.024776902049779892,0.9996890425682068,0.0028146104887127876,0.9996129274368286,-0.024739162996411324,-0.012725287117064,0.0,0.0,0.0,0.0,0.0,0.0,0,0,none,completed,0.48000583052635193,-0.23865677416324615,0.10918553173542023,-0.12022051215171814,-0.23874986171722412,0.028499914333224297,7.8360781117226e-06,1.4122017091722228e-05,0.7071096897125244,0.7071037292480469,1
afi_pilot_t0_root00_s8100_mid,0,alphabet_soup_1,8100,0.5265899957280025,60,P4B,descend,60,3.0,0.0,2.071077116045162e-17,3.0,0.0,0.0,0.0,0.0,0.0,0.0,0.0,0.0,0.0,0.0,0.0,0.03999999910593033,0.024776902049779892,0.9996890425682068,0.0028146104887127876,0.9996129274368286,-0.024739162996411324,-0.012725287117064,0.0,0.0,0.0,0.0,0.0,0.0,0,0,none,completed,0.48000699281692505,-0.23865744471549988,0.10684207081794739,-0.12022105604410172,-0.23874922096729279,0.028499966487288475,1.0674154509615619e-05,1.1289770554867573e-05,0.70711350440979,0.7070999145507812,1
afi_pilot_t0_root00_s8100_mid,0,alphabet_soup_1,8100,0.5265899957280025,61,P4B,descend,61,3.0500000000000003,0.0,1.0603915303989818e-17,3.0,0.0,0.0,0.0,0.0,0.0,0.0,0.0,0.0,0.0,0.0,0.0,0.03999999910593033,0.024776902049779892,0.9996890425682068,0.0028146104887127876,0.9996129274368286,-0.024739162996411324,-0.012725287117064,0.0,0.0,0.0,0.0,0.0,0.0,0,0,none,completed,0.48000726103782654,-0.23865769803524017,0.10449880361557007,-0.12022051215171814,-0.23874986171722412,0.028499912470579147,7.78275807533646e-06,1.4209579603630118e-05,0.707109808921814,0.7071036100387573,1
afi_pilot_t0_root00_s8100_mid,0,alphabet_soup_1,8100,0.5265899957280025,62,P4B,descend,62,3.1,0.0,5.4292049135754725e-18,3.0,0.0,0.0,0.0,0.0,0.0,0.0,0.0,0.0,0.0,0.0,0.0,0.03999999910593033,0.024776902049779892,0.9996890425682068,0.0028146104887127876,0.9996129274368286,-0.024739162996411324,-0.012725287117064,0.0,0.0,0.0,0.0,0.0,0.0,0,0,none,completed,0.48000797629356384,-0.23865799605846405,0.10215599834918976,-0.12022106349468231,-0.23874922096729279,0.028499973937869072,1.0732371265476104e-05,1.1307368367852177e-05,0.7071133852005005,0.7071000337600708,1
afi_pilot_t0_root00_s8100_mid,0,alphabet_soup_1,8100,0.5265899957280025,63,P4B,descend,63,3.1500000000000004,0.0,2.779753062988791e-18,3.0,0.0,0.0,0.0,0.0,0.0,0.0,0.0,0.0,0.0,0.0,0.0,0.03999999910593033,0.024776902049779892,0.9996890425682068,0.0028146104887127876,0.9996129274368286,-0.024739162996411324,-0.012725287117064,0.0,0.0,0.0,0.0,0.0,0.0,0,0,none,completed,0.4800081253051758,-0.2386581003665924,0.09981302917003632,-0.12022051215171814,-0.23874986171722412,0.028499914333224297,7.808201189618558e-06,1.41330838232534e-05,0.7071096897125244,0.7071037292480469,1
afi_pilot_t0_root00_s8100_mid,0,alphabet_soup_1,8100,0.5265899957280025,64,P4B,descend,64,3.2,0.0,1.423233623671362e-18,3.0,0.0,0.0,0.0,0.0,0.0,0.0,0.0,0.0,0.0,0.0,0.0,0.03999999910593033,0.024776902049779892,0.9996890425682068,0.0028146104887127876,0.9996129274368286,-0.024739162996411324,-0.012725287117064,0.0,0.0,0.0,0.0,0.0,0.0,0,0,none,completed,0.4800085127353668,-0.2386581003665924,0.09747077524662018,-0.12022105604410172,-0.23874922096729279,0.028499968349933624,1.0640452273946721e-05,1.1265010471106507e-05,0.70711350440979,0.7070999145507812,1
afi_pilot_t0_root00_s8100_mid,0,alphabet_soup_1,8100,0.5265899957280025,65,P4B,descend,65,3.25,0.0,7.286956616418516e-19,3.0,0.0,0.0,0.0,0.0,0.0,0.0,0.0,0.0,0.0,0.0,0.0,0.03999999910593033,0.024776902049779892,0.9996890425682068,0.0028146104887127876,0.9996129274368286,-0.024739162996411324,-0.012725287117064,0.0,0.0,0.0,0.0,0.0,0.0,0,0,none,completed,0.4800085127353668,-0.23865821957588196,0.09512798488140106,-0.12022050470113754,-0.23874986171722412,0.028499912470579147,7.758867468510289e-06,1.4132932847132906e-05,0.707109808921814,0.7071036100387573,1
afi_pilot_t0_root00_s8100_mid,0,alphabet_soup_1,8100,0.5265899957280025,66,P4B,descend,66,3.3000000000000003,0.0,3.73092163871377e-19,3.0,0.0,0.0,0.0,0.0,0.0,0.0,0.0,0.0,0.0,0.0,0.0,0.03999999910593033,0.024776902049779892,0.9996890425682068,0.0028146104887127876,0.9996129274368286,-0.024739162996411324,-0.012725287117064,0.0,0.0,0.0,0.0,0.0,0.0,0,0,none,completed,0.48000848293304443,-0.23865820467472076,0.09278504550457001,-0.12022106349468231,-0.23874922096729279,0.028499972075223923,1.0729180758062284e-05,1.1294319847365841e-05,0.7071133852005005,0.7071000337600708,1
afi_pilot_t0_root00_s8100_mid,0,alphabet_soup_1,8100,0.5265899957280025,67,P4B,descend,67,3.35,0.0,1.9102319700113177e-19,3.0,0.0,0.0,0.0,0.0,0.0,0.0,0.0,0.0,0.0,0.0,0.0,0.03999999910593033,0.024776902049779892,0.9996890425682068,0.0028146104887127876,0.9996129274368286,-0.024739162996411324,-0.012725287117064,0.0,0.0,0.0,0.0,0.0,0.0,0,0,none,completed,0.4800081253051758,-0.23865820467472076,0.0904424637556076,-0.12022051215171814,-0.23874986171722412,0.028499916195869446,7.805126188031863e-06,1.411987886967836e-05,0.7071096897125244,0.7071037292480469,1
afi_pilot_t0_root00_s8100_mid,0,alphabet_soup_1,8100,0.5265899957280025,68,P4B,descend,68,3.4000000000000004,0.0,9.780388399901225e-20,3.0,0.0,0.0,0.0,0.0,0.0,0.0,0.0,0.0,0.0,0.0,0.0,0.03999999910593033,0.024776902049779892,0.9996890425682068,0.0028146104887127876,0.9996129274368286,-0.024739162996411324,-0.012725287117064,0.0,0.0,0.0,0.0,0.0,0.0,0,0,none,completed,0.48000794649124146,-0.23865824937820435,0.08809961378574371,-0.12022106349468231,-0.23874922096729279,0.028499968349933624,1.0647989256540313e-05,1.1241238098591566e-05,0.70711350440979,0.7070999145507812,1
afi_pilot_t0_root00_s8100_mid,0,alphabet_soup_1,8100,0.5265899957280025,69,P4B,descend,69,3.45,0.0,5.0075591735270963e-20,3.0,0.0,0.0,0.0,0.0,0.0,0.0,0.0,0.0,0.0,0.0,0.0,0.03999999910593033,0.024776902049779892,0.9996890425682068,0.0028146104887127876,0.9996129274368286,-0.024739162996411324,-0.012725287117064,0.0,0.0,0.0,0.0,0.0,0.0,0,0,none,completed,0.4800083339214325,-0.23865820467472076,0.08575741946697235,-0.12022050470113754,-0.23874986171722412,0.028499914333224297,7.771606760798022e-06,1.418791725882329e-05,0.707109808921814,0.7071036100387573,1
afi_pilot_t0_root00_s8100_mid,0,alphabet_soup_1,8100,0.5265899957280025,70,P4B,descend,70,3.5,0.0,2.5638703808564043e-20,3.0,0.0,0.0,0.0,0.0,0.0,0.0,0.0,0.0,0.0,0.0,0.0,0.03999999910593033,0.024776902049779892,0.9996890425682068,0.0028146104887127876,0.9996129274368286,-0.024739162996411324,-0.012725287117064,0.0,0.0,0.0,0.0,0.0,0.0,0,0,none,completed,0.4800078272819519,-0.23865802586078644,0.08341415226459503,-0.12022106349468231,-0.23874922096729279,0.028499972075223923,1.0738556738942862e-05,1.1225511116208509e-05,0.7071132659912109,0.7071001529693604,1
afi_pilot_t0_root00_s8100_mid,0,alphabet_soup_1,8100,0.5265899957280025,71,P4B,descend,71,3.5500000000000003,0.0,1.3127016240124865e-20,3.0,0.0,0.0,0.0,0.0,0.0,0.0,0.0,0.0,0.0,0.0,0.0,0.03999999910593033,0.024776902049779892,0.9996890425682068,0.0028146104887127876,0.9996129274368286,-0.024739162996411324,-0.012725287117064,0.0,0.0,0.0,0.0,0.0,0.0,0,0,none,completed,0.48000800609588623,-0.23865805566310883,0.08107201755046844,-0.12022051215171814,-0.23874986171722412,0.028499914333224297,7.785922207403928e-06,1.4079639186093118e-05,0.7071096301078796,0.7071039080619812,1
afi_pilot_t0_root00_s8100_mid,0,alphabet_soup_1,8100,0.5265899957280025,72,P4B,descend,72,3.6,0.0,6.721032712378366e-21,3.0,0.0,0.0,0.0,0.0,0.0,0.0,0.0,0.0,0.0,0.0,0.0,0.03999999910593033,0.024776902049779892,0.9996890425682068,0.0028146104887127876,0.9996129274368286,-0.024739162996411324,-0.012725287117064,0.0,0.0,0.0,0.0,0.0,0.0,0,0,none,completed,0.480008065700531,-0.23865796625614166,0.07872907817363739,-0.12022106349468231,-0.23874922096729279,0.02849997580051422,1.0695930541260168e-05,1.126211918744957e-05,0.7071134448051453,0.7071000933647156,1
afi_pilot_t0_root00_s8100_mid,0,alphabet_soup_1,8100,0.5265899957280025,73,P4B,descend,73,3.6500000000000004,0.0,3.441169091242196e-21,3.0,0.0,0.0,0.0,0.0,0.0,0.0,0.0,0.0,0.0,0.0,0.0,0.03999999910593033,0.024776902049779892,0.9996890425682068,0.0028146104887127876,0.9996129274368286,-0.024739162996411324,-0.012725287117064,0.0,0.0,0.0,0.0,0.0,0.0,0,0,none,completed,0.480007529258728,-0.2386578917503357,0.0763862282037735,-0.12022050470113754,-0.23874984681606293,0.028499919921159744,7.75994521973189e-06,1.418436204403406e-05,0.7071098685264587,0.7071036696434021,1
afi_pilot_t0_root00_s8100_mid,0,alphabet_soup_1,8100,0.5265899957280025,74,P4B,descend,74,3.7,0.0,1.76187854886661e-21,3.0,0.0,0.0,0.0,0.0,0.0,0.0,0.0,0.0,0.0,0.0,0.0,0.03999999910593033,0.024776902049779892,0.9996890425682068,0.0028146104887127876,0.9996129274368286,-0.024739162996411324,-0.012725287117064,0.0,0.0,0.0,0.0,0.0,0.0,0,0,none,completed,0.4800075590610504,-0.23865778744220734,0.074043408036232,-0.12022106349468231,-0.2387492060661316,0.02849998138844967,1.0735152500274125e-05,1.1342131074343342e-05,0.7071134448051453,0.7071000933647156,1
afi_pilot_t0_root00_s8100_mid,0,alphabet_soup_1,8100,0.5265899957280025,75,P4B,descend,75,3.75,0.0,9.020818574093827e-22,3.0,0.0,0.0,0.0,0.0,0.0,0.0,0.0,0.0,0.0,0.0,0.0,0.03999999910593033,0.024776902049779892,0.9996890425682068,0.0028146104887127876,0.9996129274368286,-0.024739162996411324,-0.012725287117064,0.0,0.0,0.0,0.0,0.0,0.0,0,0,none,completed,0.48000746965408325,-0.2386578470468521,0.07170097529888153,-0.12022050470113754,-0.23874984681606293,0.028499923646450043,7.758158972137608e-06,1.4178480341797695e-05,0.7071098685264587,0.7071036696434021,1
afi_pilot_t0_root00_s8100_mid,0,alphabet_soup_1,8100,0.5265899957280025,76,P4B,descend,76,3.8000000000000003,0.0,4.618659683469472e-22,3.0,0.0,0.0,0.0,0.0,0.0,0.0,0.0,0.0,0.0,0.0,0.0,0.03999999910593033,0.024776902049779892,0.9996890425682068,0.0028146104887127876,0.9996129274368286,-0.024739162996411324,-0.012725287117064,0.0,0.0,0.0,0.0,0.0,0.0,0,0,none,completed,0.4800076484680176,-0.2386578917503357,0.06935839354991913,-0.12022106349468231,-0.23874922096729279,0.02849997580051422,1.0737722732301336e-05,1.1289596841379534e-05,0.7071135640144348,0.707099974155426,1
afi_pilot_t0_root00_s8100_mid,0,alphabet_soup_1,8100,0.5265899957280025,77,P4B,descend,77,3.85,0.0,2.364753820540371e-22,3.0,0.0,0.0,0.0,0.0,0.0,0.0,0.0,0.0,0.0,0.0,0.0,0.03999999910593033,0.024776902049779892,0.9996890425682068,0.0028146104887127876,0.9996129274368286,-0.024739162996411324,-0.012725287117064,0.0,0.0,0.0,0.0,0.0,0.0,0,0,none,completed,0.48000723123550415,-0.23865747451782227,0.06701536476612091,-0.12022050470113754,-0.23874986171722412,0.028499919921159744,7.797604666848201e-06,1.4089610886003356e-05,0.7071098685264587,0.7071036696434021,1
afi_pilot_t0_root00_s8100_mid,0,alphabet_soup_1,8100,0.5265899957280025,78,P4B,descend,78,3.9000000000000004,0.0,1.2107540671882854e-22,3.0,0.0,0.0,0.0,0.0,0.0,0.0,0.0,0.0,0.0,0.0,0.0,0.03999999910593033,0.024776902049779892,0.9996890425682068,0.0028146104887127876,0.9996129274368286,-0.024739162996411324,-0.012725287117064,0.0,0.0,0.0,0.0,0.0,0.0,0,0,none,completed,0.4800072908401489,-0.23865777254104614,0.06467308104038239,-0.12022106349468231,-0.2387492060661316,0.02849997580051422,1.0754969480331056e-05,1.1307140084682032e-05,0.7071135640144348,0.707099974155426,1
afi_pilot_t0_root00_s8100_mid,0,alphabet_soup_1,8100,0.5265899957280025,79,P4B,descend,79,3.95,0.0,6.19906084419886e-23,3.0,0.0,0.0,0.0,0.0,0.0,0.0,0.0,0.0,0.0,0.0,0.0,0.03999999910593033,0.024776902049779892,0.9996890425682068,0.0028146104887127876,0.9996129274368286,-0.024739162996411324,-0.012725287117064,0.0,0.0,0.0,0.0,0.0,0.0,0,0,none,completed,0.4800069034099579,-0.23865769803524017,0.06232987344264984,-0.12022051215171814,-0.23874984681606293,0.028499919921159744,7.702255061303731e-06,1.4220867342373822e-05,0.7071099877357483,0.7071035504341125,1
afi_pilot_t0_root00_s8100_mid,0,alphabet_soup_1,8100,0.5265899957280025,80,P4B,descend,80,4.0,0.0,3.1739193743730475e-23,3.0,0.0,0.0,0.0,0.0,0.0,0.0,0.0,0.0,0.0,0.0,0.0,0.03999999910593033,0.024776902049779892,0.9996890425682068,0.0028146104887127876,0.9996129274368286,-0.024739162996411324,-0.012725287117064,0.0,0.0,0.0,0.0,0.0,0.0,0,0,none,completed,0.4800066649913788,-0.23865774273872375,0.05998736619949341,-0.12022106349468231,-0.2387492060661316,0.02849997766315937,1.0740538527898025e-05,1.1313988579786383e-05,0.7071134448051453,0.7071000933647156,1
afi_pilot_t0_root00_s8100_mid,0,alphabet_soup_1,8100,0.5265899957280025,81,P4B,close,81,4.05,3.0,1.6250468383236805e-23,3.0,0.0,0.0,0.0,0.0,0.0,0.0,0.0,0.0,0.0,0.0,0.0,0.03924769163131714,0.024776902049779892,0.9996890425682068,0.0028146104887127876,0.9996129274368286,-0.024739162996411324,-0.012725287117064,0.0,0.0,0.0,0.0,0.0,0.0,0,0,none,completed,0.4799908995628357,-0.23864324390888214,0.058520734310150146,-0.12022051215171814,-0.23874984681606293,0.028499921783804893,7.815065146132838e-06,1.4142292457108852e-05,0.7071098685264587,0.7071036696434021,1
afi_pilot_t0_root00_s8100_mid,0,alphabet_soup_1,8100,0.5265899957280025,82,P4B,close,82,4.1000000000000005,3.0,8.320240607389036e-24,3.0,0.0,0.0,0.0,0.0,0.0,0.0,0.0,0.0,0.0,0.0,0.0,0.03858976811170578,0.024776902049779892,0.9996890425682068,0.0028146104887127876,0.9996129274368286,-0.024739162996411324,-0.012725287117064,0.0,0.0,0.0,0.0,0.0,0.0,0,0,none,completed,0.4800003468990326,-0.2386457920074463,0.057651400566101074,-0.12022107094526291,-0.2387492060661316,0.02849997766315937,1.0726380423875526e-05,1.1278644706180785e-05,0.7071135640144348,0.707099974155426,1
afi_pilot_t0_root00_s8100_mid,0,alphabet_soup_1,8100,0.5265899957280025,83,P4B,close,83,4.15,3.0,4.2599636674551734e-24,3.0,0.0,0.0,0.0,0.0,0.0,0.0,0.0,0.0,0.0,0.0,0.0,0.03796843811869621,0.024776902049779892,0.9996890425682068,0.0028146104887127876,0.9996129274368286,-0.024739162996411324,-0.012725287117064,0.0,0.0,0.0,0.0,0.0,0.0,0,0,none,completed,0.480014443397522,-0.23865343630313873,0.057137057185173035,-0.12022051215171814,-0.23874984681606293,0.028499919921159744,7.843719686206896e-06,1.4230581655283459e-05,0.7071097493171692,0.7071037888526917,1
afi_pilot_t0_root00_s8100_mid,0,alphabet_soup_1,8100,0.5265899957280025,84,P4B,close,84,4.2,3.0,2.1811015981077187e-24,3.0,0.0,0.0,0.0,0.0,0.0,0.0,0.0,0.0,0.0,0.0,0.0,0.03736059367656708,0.024776902049779892,0.9996890425682068,0.0028146104887127876,0.9996129274368286,-0.024739162996411324,-0.012725287117064,0.0,0.0,0.0,0.0,0.0,0.0,0,0,none,completed,0.48002535104751587,-0.2386610507965088,0.056831568479537964,-0.12022106349468231,-0.2387492060661316,0.02849997766315937,1.0713589290389791e-05,1.1325148989271838e-05,0.7071135640144348,0.707099974155426,1
afi_pilot_t0_root00_s8100_mid,0,alphabet_soup_1,8100,0.5265899957280025,85,P4B,close,85,4.25,3.0,1.1167240205977347e-24,3.0,0.0,0.0,0.0,0.0,0.0,0.0,0.0,0.0,0.0,0.0,0.0,0.036757711321115494,0.024776902049779892,0.9996890425682068,0.0028146104887127876,0.9996129274368286,-0.024739162996411324,-0.012725287117064,0.0,0.0,0.0,0.0,0.0,0.0,0,0,none,completed,0.480032742023468,-0.23866663873195648,0.056650638580322266,-0.12022051215171814,-0.23874984681606293,0.028499919921159744,7.83226641942747e-06,1.4233524780138396e-05,0.7071097493171692,0.7071037888526917,1
afi_pilot_t0_root00_s8100_mid,0,alphabet_soup_1,8100,0.5265899957280025,86,P4B,close,86,4.3,3.0,5.717627356225027e-25,3.0,0.0,0.0,0.0,0.0,0.0,0.0,0.0,0.0,0.0,0.0,0.0,0.036156635731458664,0.024776902049779892,0.9996890425682068,0.0028146104887127876,0.9996129274368286,-0.024739162996411324,-0.012725287117064,0.0,0.0,0.0,0.0,0.0,0.0,0,0,none,completed,0.4800361692905426,-0.23867037892341614,0.05654290318489075,-0.12022106349468231,-0.2387492060661316,0.02849997766315937,1.0699669473979156e-05,1.1288923815300222e-05,0.7071135640144348,0.707099974155426,1
afi_pilot_t0_root00_s8100_mid,0,alphabet_soup_1,8100,0.5265899957280025,87,P4B,close,87,4.3500000000000005,3.0,2.927425348382177e-25,3.0,0.0,0.0,0.0,0.0,0.0,0.0,0.0,0.0,0.0,0.0,0.0,0.035556238144636154,0.024776902049779892,0.9996890425682068,0.0028146104887127876,0.9996129274368286,-0.024739162996411324,-0.012725287117064,0.0,0.0,0.0,0.0,0.0,0.0,0,0,none,completed,0.4800378680229187,-0.23867268860340118,0.05647929012775421,-0.12022050470113754,-0.23874986171722412,0.028499919921159744,7.720661415078212e-06,1.4170052054396365e-05,0.7071100473403931,0.7071035504341125,1
afi_pilot_t0_root00_s8100_mid,0,alphabet_soup_1,8100,0.5265899957280025,88,P4B,close,88,4.4,3.0,1.498842006155261e-25,3.0,0.0,0.0,0.0,0.0,0.0,0.0,0.0,0.0,0.0,0.0,0.0,0.03495609387755394,0.024776902049779892,0.9996890425682068,0.0028146104887127876,0.9996129274368286,-0.024739162996411324,-0.012725287117064,0.0,0.0,0.0,0.0,0.0,0.0,0,0,none,completed,0.48003825545310974,-0.23867389559745789,0.056441739201545715,-0.12022107094526291,-0.2387492060661316,0.02849997580051422,1.0715413736761548e-05,1.1263733540545218e-05,0.7071134448051453,0.7071000337600708,1
afi_pilot_t0_root00_s8100_mid,0,alphabet_soup_1,8100,0.5265899957280025,89,P4B,close,89,4.45,3.0,7.67407154976186e-26,3.0,0.0,0.0,0.0,0.0,0.0,0.0,0.0,0.0,0.0,0.0,0.0,0.03435603156685829,0.024776902049779892,0.9996890425682068,0.0028146104887127876,0.9996129274368286,-0.024739162996411324,-0.012725287117064,0.0,0.0,0.0,0.0,0.0,0.0,0,0,none,completed,0.4800379276275635,-0.23867450654506683,0.05641908943653107,-0.12022049725055695,-0.23874986171722412,0.028499918058514595,7.807067959220149e-06,1.4158023986965418e-05,0.7071097493171692,0.7071037292480469,1
afi_pilot_t0_root00_s8100_mid,0,alphabet_soup_1,8100,0.5265899957280025,90,P4B,close,90,4.5,3.0,3.9291248085065855e-26,3.0,0.0,0.0,0.0,0.0,0.0,0.0,0.0,0.0,0.0,0.0,0.0,0.033755991607904434,0.024776902049779892,0.9996890425682068,0.0028146104887127876,0.9996129274368286,-0.024739162996411324,-0.012725287117064,0.0,0.0,0.0,0.0,0.0,0.0,0,0,none,completed,0.4800364673137665,-0.23867423832416534,0.05640512704849243,-0.12022105604410172,-0.23874922096729279,0.02849997766315937,1.0758704775071237e-05,1.1296277079964057e-05,0.7071133255958557,0.7071001529693604,1
afi_pilot_t0_root00_s8100_mid,0,alphabet_soup_1,8100,0.5265899957280025,91,P4B,close,91,4.55,3.0,2.0117119426310122e-26,3.0,0.0,0.0,0.0,0.0,0.0,0.0,0.0,0.0,0.0,0.0,0.0,0.033155981451272964,0.024776902049779892,0.9996890425682068,0.0028146104887127876,0.9996129274368286,-0.024739162996411324,-0.012725287117064,0.0,0.0,0.0,0.0,0.0,0.0,0,0,none,completed,0.4800356328487396,-0.23867426812648773,0.05639664828777313,-0.12022050470113754,-0.23874986171722412,0.028499916195869446,7.808680493326392e-06,1.4065654795558657e-05,0.7071098685264587,0.7071036100387573,1
afi_pilot_t0_root00_s8100_mid,0,alphabet_soup_1,8100,0.5265899957280025,92,P4B,close,92,4.6000000000000005,3.0,1.0299965787220268e-26,3.0,0.0,0.0,0.0,0.0,0.0,0.0,0.0,0.0,0.0,0.0,0.0,0.03255598247051239,0.024776902049779892,0.9996890425682068,0.0028146104887127876,0.9996129274368286,-0.024739162996411324,-0.012725287117064,0.0,0.0,0.0,0.0,0.0,0.0,0,0,none,completed,0.4800352156162262,-0.2386746108531952,0.05639249086380005,-0.12022106349468231,-0.23874922096729279,0.028499972075223923,1.0620275133987889e-05,1.1258382983214688e-05,0.70711350440979,0.707099974155426,1
afi_pilot_t0_root00_s8100_mid,0,alphabet_soup_1,8100,0.5265899957280025,93,P4B,close,93,4.65,3.0,5.273582529279096e-27,3.0,0.0,0.0,0.0,0.0,0.0,0.0,0.0,0.0,0.0,0.0,0.0,0.031955983489751816,0.024776902049779892,0.9996890425682068,0.0028146104887127876,0.9996129274368286,-0.024739162996411324,-0.012725287117064,0.0,0.0,0.28657928109169006,0.0020663621835410595,5.731585621833801,0.0,0,0,none,completed,0.4800353944301605,-0.23867470026016235,0.056389808654785156,-0.12022049725055695,-0.23874984681606293,0.028499919921159744,7.74477666709572e-06,1.4203671526047401e-05,0.707109808921814,0.7071036696434021,1
afi_pilot_t0_root00_s8100_mid,0,alphabet_soup_1,8100,0.5265899957280025,94,P4B,close,94,4.7,3.0,2.7000746263101904e-27,3.0,0.0,0.0,0.0,0.0,0.0,0.0,0.0,0.0,0.0,0.0,0.0,0.03135598823428154,0.024776902049779892,0.9996890425682068,0.0028146104887127876,0.9996129274368286,-0.024739162996411324,-0.012725287117064,0.0,0.0,2.135132312774658,0.11304047703742981,36.97106063365936,0.0,0,0,none,completed,0.4800354838371277,-0.23867487907409668,0.056388601660728455,-0.12022106349468231,-0.2387492060661316,0.02849997580051422,1.0732593182183336e-05,1.1305987754894886e-05,0.70711350440979,0.707099974155426,1
afi_pilot_t0_root00_s8100_mid,0,alphabet_soup_1,8100,0.5265899957280025,95,P4B,close,95,4.75,3.0,1.3824381955744938e-27,3.0,0.0,0.0,0.0,0.0,0.0,0.0,0.0,0.0,0.0,0.0,0.0,0.030755992978811264,0.024776902049779892,0.9996890425682068,0.0028146104887127876,0.9996129274368286,-0.024739162996411324,-0.012725287117064,0.0,0.0,2.461845874786377,0.23096932470798492,6.534271240234375,0.0,0,0,none,completed,0.4800357222557068,-0.23867499828338623,0.056388095021247864,-0.12022050470113754,-0.23874984681606293,0.028499918058514595,7.766811904730275e-06,1.4129705050436314e-05,0.7071096897125244,0.7071037888526917,1
afi_pilot_t0_root00_s8100_mid,0,alphabet_soup_1,8100,0.5265899957280025,96,P4B,close,96,4.800000000000001,3.0,7.07808384252718e-28,3.0,0.0,0.0,0.0,0.0,0.0,0.0,0.0,0.0,0.0,0.0,0.0,0.03015599586069584,0.024776902049779892,0.9996890425682068,0.0028146104887127876,0.9996129274368286,-0.024739162996411324,-0.012725287117064,0.0,0.0,2.409075975418091,0.2231827825307846,-1.0553979873657227,0.0,0,0,none,completed,0.48003581166267395,-0.2386753410100937,0.056388139724731445,-0.12022106349468231,-0.2387492060661316,0.028499973937869072,1.0721674698288552e-05,1.1307385648251511e-05,0.70711350440979,0.707099974155426,1
afi_pilot_t0_root00_s8100_mid,0,alphabet_soup_1,8100,0.5265899957280025,97,P4B,close,97,4.8500000000000005,3.0,3.62397880218847e-28,3.0,0.0,0.0,0.0,0.0,0.0,0.0,0.0,0.0,0.0,0.0,0.0,0.029555995017290115,0.024776902049779892,0.9996890425682068,0.0028146104887127876,0.9996129274368286,-0.024739162996411324,-0.012725287117064,0.0,0.0,2.4463376998901367,0.35804253816604614,0.745234489440918,0.0,0,0,none,completed,0.48003602027893066,-0.23867520689964294,0.056388095021247864,-0.12022050470113754,-0.23874984681606293,0.028499918058514595,7.714984349149745e-06,1.4089499018155038e-05,0.707109808921814,0.7071036696434021,1
afi_pilot_t0_root00_s8100_mid,0,alphabet_soup_1,8100,0.5265899957280025,98,P4B,close,98,4.9,3.0,1.8554771399797418e-28,3.0,0.0,0.0,0.0,0.0,0.0,0.0,0.0,0.0,0.0,0.0,0.0,0.028955990448594093,0.024776902049779892,0.9996890425682068,0.0028146104887127876,0.9996129274368286,-0.024739162996411324,-0.012725287117064,0.0,0.0,2.517737865447998,0.5687158703804016,1.4280033111572266,0.0,0,0,none,completed,0.4800361096858978,-0.23867519199848175,0.05638808012008667,-0.12022105604410172,-0.23874922096729279,0.02849997580051422,1.0719068995967973e-05,1.1259320672252215e-05,0.7071133852005005,0.7071000933647156,1
afi_pilot_t0_root00_s8100_mid,0,alphabet_soup_1,8100,0.5265899957280025,99,P4B,close,99,4.95,3.0,9.500043664475533e-29,3.0,0.0,0.0,0.0,0.0,0.0,0.0,0.0,0.0,0.0,0.0,0.0,0.028355997055768967,0.024776902049779892,0.9996890425682068,0.0028146104887127876,0.9996129274368286,-0.024739162996411324,-0.012725287117064,0.0,0.0,2.46871018409729,0.5683619976043701,-0.9805536270141602,0.0,0,0,none,completed,0.48003607988357544,-0.2386753112077713,0.056388139724731445,-0.12022051215171814,-0.23874984681606293,0.028499918058514595,7.812386684236117e-06,1.419604268448893e-05,0.7071099281311035,0.7071035504341125,1
afi_pilot_t0_root00_s8100_mid,0,alphabet_soup_1,8100,0.5265899957280025,100,P4B,close,100,5.0,3.0,4.864022440470908e-29,3.0,0.0,0.0,0.0,0.0,0.0,0.0,0.0,0.0,0.0,0.0,0.0,0.027760593220591545,0.024776902049779892,0.9996890425682068,0.0028146104887127876,0.9996129274368286,-0.024739162996411324,-0.012725287117064,0.0,0.0,2.4204604625701904,0.5681213736534119,-0.9649944305419922,0.0,0,0,none,completed,0.4800356328487396,-0.23867671191692352,0.05638816952705383,-0.12022068351507187,-0.23874835669994354,0.02849997766315937,8.445666935585905e-06,1.1378408999007661e-05,0.7071179151535034,0.7070955634117126,1
afi_pilot_t0_root00_s8100_mid,0,alphabet_soup_1,8100,0.5265899957280025,101,P4B,close,101,5.050000000000001,3.0,2.4903795364656472e-29,3.0,0.0,0.0,0.0,0.0,0.0,0.0,0.0,0.0,0.0,0.0,0.0,0.027172300964593887,0.024776902049779892,0.9996890425682068,0.0028146104887127876,0.9996129274368286,-0.024739162996411324,-0.012725287117064,0.0,0.0,2.372551441192627,0.5674853324890137,-0.9581804275512695,0.0,0,0,none,completed,0.4800336956977844,-0.23868156969547272,0.05638870596885681,-0.1202198788523674,-0.23874792456626892,0.02849980816245079,3.25824908031791e-06,1.4645009287050925e-05,0.7071192860603333,0.7070941925048828,1
afi_pilot_t0_root00_s8100_mid,0,alphabet_soup_1,8100,0.5265899957280025,102,P4B,close,102,5.1000000000000005,3.0,1.2750744081335526e-29,3.0,0.0,0.0,0.0,0.0,0.0,0.0,0.0,0.0,0.0,0.0,0.0,0.026585323736071587,0.024776902049779892,0.9996890425682068,0.0028146104887127876,0.9996129274368286,-0.024739162996411324,-0.012725287117064,0.0,0.0,2.325151205062866,0.5665665864944458,-0.9480047225952148,0.0,0,0,none,completed,0.4800325036048889,-0.23868414759635925,0.05638888478279114,-0.1202203705906868,-0.23874887824058533,0.028499923646450043,4.63964715891052e-06,1.128518306359183e-05,0.7071139812469482,0.7070994973182678,1
afi_pilot_t0_root00_s8100_mid,0,alphabet_soup_1,8100,0.5265899957280025,103,P4B,close,103,5.15,3.0,6.528381156218253e-30,3.0,0.0,0.0,0.0,0.0,0.0,0.0,0.0,0.0,0.0,0.0,0.0,0.02599688433110714,0.024776902049779892,0.9996890425682068,0.0028146104887127876,0.9996129274368286,-0.024739162996411324,-0.012725287117064,0.0,0.0,2.308696985244751,0.5691810846328735,-0.3290843963623047,0.0,0,0,none,completed,0.48003286123275757,-0.23868367075920105,0.056389302015304565,-0.12022073566913605,-0.23874899744987488,0.028499901294708252,5.29431963514071e-06,8.464767233817838e-06,0.7071134448051453,0.7071000337600708,1
afi_pilot_t0_root00_s8100_mid,0,alphabet_soup_1,8100,0.5265899957280025,104,P4B,close,104,5.2,3.0,3.3425311640208076e-30,3.0,0.0,0.0,0.0,0.0,0.0,0.0,0.0,0.0,0.0,0.0,0.0,0.025407882407307625,0.024776902049779892,0.9996890425682068,0.0028146104887127876,0.9996129274368286,-0.024739162996411324,-0.012725287117064,0.0,0.0,4.265107154846191,1.646782398223877,39.12820339202881,0.0,0,0,none,completed,0.48003292083740234,-0.2386833131313324,0.05638931691646576,-0.12022083252668381,-0.23874908685684204,0.028499901294708252,4.136482857575174e-06,6.361832674883772e-06,0.7071132063865662,0.7071002721786499,1
afi_pilot_t0_root00_s8100_mid,0,alphabet_soup_1,8100,0.5265899957280025,105,P4B,close,105,5.25,3.0,1.71137589428871e-30,3.0,0.0,0.0,0.0,0.0,0.0,0.0,0.0,0.0,0.0,0.0,0.0,0.02481866255402565,0.024776902049779892,0.9996890425682068,0.0028146104887127876,0.9996129274368286,-0.024739162996411324,-0.012725287117064,0.0,0.0,4.576194763183594,1.6501787900924683,6.221752166748047,0.0,0,0,none,completed,0.48003289103507996,-0.23868323862552643,0.05638965964317322,-0.12022095173597336,-0.2387491762638092,0.028499942272901535,7.969230182425235e-07,2.3420736852131085e-06,0.7071127891540527,0.7071006894111633,1
afi_pilot_t0_root00_s8100_mid,0,alphabet_soup_1,8100,0.5265899957280025,106,P4B,close,106,5.300000000000001,3.0,0.13237182796001434,3.0,1.7046362161636353,0.04493850842118263,0.026362521220110458,0.00198519229888916,0.02386760711669922,-0.9603877067565918,-0.0017648041248321533,0.021070361137390137,-0.8523181080818176,0.10810589790344238,0.05961941604189607,0.024482276290655136,0.024776902049779892,0.9996890425682068,0.0028146104887127876,0.9996129274368286,-0.024739162996411324,-0.012725287117064,0.0,0.0,4.723271369934082,1.6361504793167114,2.9415321350097656,0.0,1,1,bilateral,completed,0.48002344369888306,-0.23872719705104828,0.056394025683403015,-0.12021604180335999,-0.23866330087184906,0.028500275686383247,0.00022684817668050528,0.0002151891530957073,0.7071271538734436,0.7070862650871277,1
afi_pilot_t0_root00_s8100_mid,0,alphabet_soup_1,8100,0.5265899957280025,107,P4B,close,107,5.3500000000000005,3.0,2.4178152084350586,3.0,4.9993133544921875,0.12598396837711334,0.025200254403719077,0.0054367780685424805,0.06421971321105957,-2.6031436920166016,-0.005188703536987305,0.06176400184631348,-2.4996566772460938,0.1035163402557373,0.020279959180287563,0.024350862950086594,0.024776902049779892,0.9996890425682068,0.0028146104887127876,0.9996129274368286,-0.024739162996411324,-0.012725287117064,0.0,0.0,4.761543273925781,1.661940097808838,0.7654380798339844,0.0,1,1,bilateral,completed,0.4800249934196472,-0.23872153460979462,0.05639229714870453,-0.12022008001804352,-0.23864559829235077,0.02849956601858139,0.00034256200888194144,0.0003887751081492752,0.7071404457092285,0.7070727944374084,1
afi_pilot_t0_root00_s8100_mid,0,alphabet_soup_1,8100,0.5265899957280025,108,P4B,close,108,5.4,3.0,3.824608564376831,3.0,4.871947765350342,0.12313730269670486,0.02527475839795874,0.005321621894836426,0.06294631958007812,-2.5514516830444336,-0.0050487518310546875,0.060190677642822266,-2.435973882675171,0.11551117897033691,0.023153374878137366,0.024344544857740402,0.024776902049779892,0.9996890425682068,0.0028146104887127876,0.9996129274368286,-0.024739162996411324,-0.012725287117064,0.0,0.0,4.764651775360107,1.6623036861419678,0.06217002868652344,0.0,1,1,bilateral,completed,0.4800303876399994,-0.23871952295303345,0.05639311671257019,-0.12022613734006882,-0.23864111304283142,0.02849903516471386,0.0004487386322580278,0.0004542932438198477,0.7071381211280823,0.7070751190185547,1
afi_pilot_t0_root00_s8100_mid,0,alphabet_soup_1,8100,0.5265899957280025,109,P4B,close,109,5.45,3.0,3.586411237716675,3.0,2.840118885040283,0.0727093517780304,0.025600812755061524,0.0031796693801879883,0.037610411643981934,-1.524096965789795,-0.002943754196166992,0.03509855270385742,-1.4200594425201416,0.10406792163848877,0.035336432090791826,0.024414831772446632,0.024776902049779892,0.9996890425682068,0.0028146104887127876,0.9996129274368286,-0.024739162996411324,-0.012725287117064,0.0,0.0,4.758078098297119,1.6626935005187988,-0.13147354125976562,0.0,1,1,bilateral,completed,0.48002752661705017,-0.2387251853942871,0.05639316141605377,-0.12022651731967926,-0.23864272236824036,0.028499292209744453,0.0004363594634924084,0.0004400787584017962,0.7071291208267212,0.7070841193199158,1
afi_pilot_t0_root00_s8100_mid,0,alphabet_soup_1,8100,0.5265899957280025,110,P4B,close,110,5.5,3.0,2.7565925121307373,3.0,1.8795890808105469,0.04902293533086777,0.026081730220377373,0.002181410789489746,0.02580130100250244,-1.045863151550293,-0.0019475221633911133,0.023221075534820557,-0.9397945404052734,0.10610020160675049,0.05341688865362323,0.024450363591313362,0.024776902049779892,0.9996890425682068,0.0028146104887127876,0.9996129274368286,-0.024739162996411324,-0.012725287117064,0.0,0.0,4.754982948303223,1.663116693496704,-0.06190299987792969,0.0,1,1,bilateral,completed,0.4800269901752472,-0.2387266457080841,0.056394606828689575,-0.12022947520017624,-0.23864272236824036,0.028499003499746323,0.0004594828642439097,0.00043339101830497384,0.7071301937103271,0.7070829272270203,1
afi_pilot_t0_root00_s8100_mid,0,alphabet_soup_1,8100,0.5265899957280025,111,P4B,close,111,5.550000000000001,3.0,2.4645912647247314,3.0,2.3913049697875977,0.06224197521805763,0.02602845559409603,0.002763807773590088,0.03270125389099121,-1.3257038593292236,-0.0024771690368652344,0.029540061950683594,-1.1956524848937988,0.1300901174545288,0.05157946529685459,0.024434570223093033,0.024776902049779892,0.9996890425682068,0.0028146104887127876,0.9996129274368286,-0.024739162996411324,-0.012725287117064,0.0,0.0,4.757021427154541,1.6630823612213135,0.04076957702636719,0.0,1,1,bilateral,completed,0.4800289571285248,-0.23872210085391998,0.05639500916004181,-0.12022896856069565,-0.23864147067070007,0.028498804196715355,0.0004608203307725489,0.000438216287875548,0.7071369290351868,0.7070763111114502,1
afi_pilot_t0_root00_s8100_mid,0,alphabet_soup_1,8100,0.5265899957280025,112,P4B,close,112,5.6000000000000005,3.0,3.0172574520111084,3.0,3.829380512237549,0.09812231361865997,0.02562354754381043,0.004294157028198242,0.05081820487976074,-2.0601792335510254,-0.003965497016906738,0.04730355739593506,-1.9146902561187744,0.1455317735671997,0.03660173943327445,0.024382440373301506,0.024776902049779892,0.9996890425682068,0.0028146104887127876,0.9996129274368286,-0.024739162996411324,-0.012725287117064,0.0,0.0,4.762370586395264,1.6627261638641357,0.10698318481445312,0.0,1,1,bilateral,completed,0.4800305664539337,-0.23871777951717377,0.05639424920082092,-0.12022850662469864,-0.23864048719406128,0.028498675674200058,0.0004695549141615629,0.00045109601342119277,0.7071424126625061,0.7070708274841309,1
afi_pilot_t0_root00_s8100_mid,0,alphabet_soup_1,8100,0.5265899957280025,113,P4B,close,113,5.65,3.0,3.288181781768799,3.0,3.358086585998535,0.0860980898141861,0.025639032112265987,0.003769814968109131,0.04460728168487549,-1.8080390691757202,-0.003478705883026123,0.04149031639099121,-1.6790432929992676,0.12903368473052979,0.03699198489279699,0.0243985615670681,0.024776902049779892,0.9996890425682068,0.0028146104887127876,0.9996129274368286,-0.024739162996411324,-0.012725287117064,0.0,0.0,4.760964870452881,1.6627802848815918,-0.02811431884765625,0.0,1,1,bilateral,completed,0.48003074526786804,-0.2387198507785797,0.05639438331127167,-0.12022822350263596,-0.23864144086837769,0.028498895466327667,0.00046400283463299274,0.000449644576292485,0.7071369886398315,0.7070762515068054,1
afi_pilot_t0_root00_s8100_mid,0,alphabet_soup_1,8100,0.5265899957280025,114,P4B,close,114,5.7,3.0,3.309384822845459,3.0,3.31107759475708,0.08493389934301376,0.025651437307752073,0.003721177577972412,0.044025421142578125,-1.7845125198364258,-0.003430485725402832,0.040907979011535645,-1.65553879737854,0.12901175022125244,0.03749134798258164,0.024399593472480774,0.024776902049779892,0.9996890425682068,0.0028146104887127876,0.9996129274368286,-0.024739162996411324,-0.012725287117064,0.0,0.0,4.7608466148376465,1.6627981662750244,-0.0023651123046875,0.0,1,1,bilateral,completed,0.4800308644771576,-0.23872004449367523,0.0563945472240448,-0.12022829055786133,-0.2386414259672165,0.028498893603682518,0.00046401965664699674,0.00044885618262924254,0.7071372270584106,0.7070760130882263,1
afi_pilot_t0_root00_s8100_mid,0,alphabet_soup_1,8100,0.5265899957280025,115,P4B,close,115,5.75,3.0,3.3097851276397705,3.0,3.308579921722412,0.08488550037145615,0.025656173458027166,0.003719508647918701,0.04400742053985596,-1.7837671041488647,-0.003427565097808838,0.040877580642700195,-1.654289960861206,0.12951529026031494,0.03765951304853722,0.02439967915415764,0.024776902049779892,0.9996890425682068,0.0028146104887127876,0.9996129274368286,-0.024739162996411324,-0.012725287117064,0.0,0.0,4.760855197906494,1.6627929210662842,0.000171661376953125,0.0,1,1,bilateral,completed,0.4800308644771576,-0.23872010409832,0.056394487619400024,-0.12022817134857178,-0.2386414259672165,0.02849891036748886,0.0004634276847355068,0.00044948834693059325,0.7071372270584106,0.7070760130882263,1
afi_pilot_t0_root00_s8100_mid,0,alphabet_soup_1,8100,0.5265899957280025,116,P4B,close,116,5.800000000000001,3.0,3.3097472190856934,3.0,3.3098161220550537,0.08488751947879791,0.025647201037286488,0.0037189722061157227,0.04399454593658447,-1.7832695245742798,-0.0034290552139282227,0.04089248180389404,-1.6549080610275269,0.12839925289154053,0.037333690209098144,0.02439963072538376,0.024776902049779892,0.9996890425682068,0.0028146104887127876,0.9996129274368286,-0.024739162996411324,-0.012725287117064,0.0,0.0,4.7609333992004395,1.6628096103668213,0.00156402587890625,0.0,1,1,bilateral,completed,0.48003125190734863,-0.23872010409832,0.05639477074146271,-0.12022818624973297,-0.2386413812637329,0.028498873114585876,0.0004634309734683484,0.0004494171298574656,0.7071374654769897,0.7070756554603577,1
afi_pilot_t0_root00_s8100_mid,0,alphabet_soup_1,8100,0.5265899957280025,117,P4B,close,117,5.8500000000000005,3.0,3.310230016708374,3.0,3.3069281578063965,0.0848795548081398,0.02566719044312213,0.0037196874618530273,0.0440216064453125,-1.7843167781829834,-0.0034251809120178223,0.04085743427276611,-1.6534640789031982,0.13089120388031006,0.038062646826115445,0.024399705231189728,0.024776902049779892,0.9996890425682068,0.0028146104887127876,0.9996129274368286,-0.024739162996411324,-0.012725287117064,0.0,0.0,4.760958671569824,1.6628048419952393,0.0005054473876953125,0.0,1,1,bilateral,completed,0.48003122210502625,-0.2387201488018036,0.05639451742172241,-0.12022814899682999,-0.23864135146141052,0.02849889174103737,0.0004633123753592372,0.00044938307837583125,0.7071376442909241,0.7070755958557129,1
afi_pilot_t0_root00_s8100_mid,0,alphabet_soup_1,8100,0.5265899957280025,118,P4B,close,118,5.9,3.0,3.3099541664123535,3.0,3.3101770877838135,0.08488275110721588,0.025642963761810543,0.003719031810760498,0.04398500919342041,-1.7828717231750488,-0.0034302473068237305,0.040897250175476074,-1.6550885438919067,0.12782073020935059,0.03716782734883886,0.024399546906352043,0.024776902049779892,0.9996890425682068,0.0028146104887127876,0.9996129274368286,-0.024739162996411324,-0.012725287117064,0.0,0.0,4.760917663574219,1.662802815437317,-0.000820159912109375,0.0,1,1,bilateral,completed,0.4800313115119934,-0.23872017860412598,0.056394755840301514,-0.12022816389799118,-0.2386414259672165,0.028498897328972816,0.00046343894791789353,0.00044949413859285414,0.7071369886398315,0.7070762515068054,1
afi_pilot_t0_root00_s8100_mid,0,alphabet_soup_1,8100,0.5265899957280025,119,P4B,close,119,5.95,3.0,3.309703826904297,3.0,3.3114004135131836,0.0848928764462471,0.025636548240984606,0.0037181973457336426,0.04398143291473389,-1.782762050628662,-0.003430962562561035,0.040910959243774414,-1.6557002067565918,0.12709927558898926,0.036952646893725676,0.024399541318416595,0.024776902049779892,0.9996890425682068,0.0028146104887127876,0.9996129274368286,-0.024739162996411324,-0.012725287117064,0.0,0.0,4.760890483856201,1.6628096103668213,-0.0005435943603515625,0.0,1,1,bilateral,completed,0.48003143072128296,-0.23872004449367523,0.05639477074146271,-0.120228111743927,-0.23864144086837769,0.028498902916908264,0.00046310367179103196,0.00044984265696257353,0.7071372866630554,0.7070759534835815,1
afi_pilot_t0_root00_s8100_mid,0,alphabet_soup_1,8100,0.5265899957280025,120,P4B,close,120,6.0,3.0,3.3098790645599365,3.0,3.3104331493377686,0.08489073812961578,0.025643392964028785,0.003718078136444092,0.04398930072784424,-1.7830183506011963,-0.003429591655731201,0.04090094566345215,-1.6552165746688843,0.12783944606781006,0.03717030094358379,0.024399543181061745,0.024776902049779892,0.9996890425682068,0.0028146104887127876,0.9996129274368286,-0.024739162996411324,-0.012725287117064,0.0,0.0,4.7608962059021,1.662796974182129,0.00011444091796875,0.0,1,1,bilateral,completed,0.48003116250038147,-0.23872028291225433,0.056394562125205994,-0.12022815644741058,-0.23864147067070007,0.028498917818069458,0.0004632702621165663,0.00044956037891097367,0.7071369290351868,0.7070763111114502,1
afi_pilot_t0_root00_s8100_mid,0,alphabet_soup_1,8100,0.5265899957280025,121,P4B,close,121,6.050000000000001,3.0,3.30971097946167,3.0,3.3117871284484863,0.08488596230745316,0.025631466943716496,0.0037168264389038086,0.0439683198928833,-1.7821871042251587,-0.0034312009811401367,0.040917158126831055,-1.6558935642242432,0.12633061408996582,0.03673324399171121,0.024399476125836372,0.024776902049779892,0.9996890425682068,0.0028146104887127876,0.9996129274368286,-0.024739162996411324,-0.012725287117064,0.0,0.0,4.76090669631958,1.6627962589263916,0.000209808349609375,0.0,1,1,bilateral,completed,0.4800310730934143,-0.2387203872203827,0.05639459192752838,-0.12022817134857178,-0.23864145576953888,0.02849888987839222,0.000463214295450598,0.0004495632601901889,0.7071370482444763,0.7070760726928711,1
afi_pilot_t0_root00_s8100_mid,0,alphabet_soup_1,8100,0.5265899957280025,122,P4B,close,122,6.1000000000000005,3.0,3.310072183609009,3.0,3.308222770690918,0.08487977832555771,0.025657213618607275,0.0037189722061157227,0.04400491714477539,-1.7836542129516602,-0.0034269094467163086,0.040874361991882324,-1.654111385345459,0.12958085536956787,0.03768176983885975,0.02439962886273861,0.024776902049779892,0.9996890425682068,0.0028146104887127876,0.9996129274368286,-0.024739162996411324,-0.012725287117064,0.0,0.0,4.760900497436523,1.6627953052520752,-0.0001239776611328125,0.0,1,1,bilateral,completed,0.4800311326980591,-0.23872023820877075,0.05639459192752838,-0.12022814899682999,-0.23864145576953888,0.028498927131295204,0.000463291653431952,0.0004496004548855126,0.7071369886398315,0.7070762515068054,1
afi_pilot_t0_root00_s8100_mid,0,alphabet_soup_1,8100,0.5265899957280025,123,P4B,close,123,6.15,3.0,3.3100764751434326,3.0,3.3088436126708984,0.08487524092197418,0.025651028231419765,0.003719151020050049,0.043993473052978516,-1.7831881046295166,-0.0034284591674804688,0.04088127613067627,-1.6544218063354492,0.12880420684814453,0.03745762093728502,0.024399572983384132,0.024776902049779892,0.9996890425682068,0.0028146104887127876,0.9996129274368286,-0.024739162996411324,-0.012725287117064,0.0,0.0,4.760901927947998,1.6628074645996094,2.86102294921875e-05,0.0,1,1,bilateral,completed,0.4800313115119934,-0.23872005939483643,0.05639450252056122,-0.12022815644741058,-0.2386413961648941,0.028498880565166473,0.00046335317892953753,0.00044948660070076585,0.7071372866630554,0.707075834274292,1
afi_pilot_t0_root00_s8100_mid,0,alphabet_soup_1,8100,0.5265899957280025,124,P4B,close,124,6.2,3.0,3.3101747035980225,3.0,3.3104686737060547,0.08487774431705475,0.025639192719511372,0.00371706485748291,0.043976664543151855,-1.7825207710266113,-0.0034294724464416504,0.040900588035583496,-1.6552343368530273,0.12732398509979248,0.037025590886375324,0.024399451911449432,0.024776902049779892,0.9996890425682068,0.0028146104887127876,0.9996129274368286,-0.024739162996411324,-0.012725287117064,0.0,0.0,4.760927677154541,1.662805438041687,0.000514984130859375,0.0,1,1,bilateral,completed,0.4800313115119934,-0.23872028291225433,0.05639466643333435,-0.12022813409566879,-0.2386414110660553,0.028498897328972816,0.0004631195333786309,0.0004497288027778268,0.7071372866630554,0.707075834274292,1
afi_pilot_t0_root00_s8100_mid,0,alphabet_soup_1,8100,0.5265899957280025,125,P4B,close,125,6.25,3.0,3.310072183609009,3.0,3.3107314109802246,0.08487499505281448,0.02563632760160545,0.0037178993225097656,0.043970584869384766,-1.7823243141174316,-0.0034314393997192383,0.04090392589569092,-1.6553657054901123,0.12699592113494873,0.036930892034481806,0.02439945936203003,0.024776902049779892,0.9996890425682068,0.0028146104887127876,0.9996129274368286,-0.024739162996411324,-0.012725287117064,0.0,0.0,4.760858535766602,1.6628036499023438,-0.0013828277587890625,0.0,1,1,bilateral,completed,0.48003125190734863,-0.23872016370296478,0.05639471113681793,-0.1202281266450882,-0.23864144086837769,0.028498897328972816,0.0004631907504517585,0.0004498523485381156,0.7071369886398315,0.7070761322975159,1
afi_pilot_t0_root00_s8100_mid,0,alphabet_soup_1,8100,0.5265899957280025,126,P4B,close,126,6.300000000000001,3.0,3.310354709625244,3.0,3.308020830154419,0.08487966656684875,0.025658746097704153,0.0037198662757873535,0.04400813579559326,-1.783785104751587,-0.0034273266792297363,0.0408710241317749,-1.6540104150772095,0.12981295585632324,0.037748936897449556,0.02439955435693264,0.024776902049779892,0.9996890425682068,0.0028146104887127876,0.9996129274368286,-0.024739162996411324,-0.012725287117064,0.0,0.0,4.7609381675720215,1.6628068685531616,0.0015926361083984375,0.0,1,1,bilateral,completed,0.4800313711166382,-0.23872020840644836,0.05639462172985077,-0.12022801488637924,-0.23864135146141052,0.028498897328972816,0.0004625977308023721,0.0004500799113884568,0.7071375846862793,0.7070755362510681,1
afi_pilot_t0_root00_s8100_mid,0,alphabet_soup_1,8100,0.5265899957280025,127,P4B,close,127,6.3500000000000005,3.0,3.309910535812378,3.0,3.311774253845215,0.084884412586689,0.025631098643916297,0.0037176012992858887,0.043967485427856445,-1.7821910381317139,-0.003431975841522217,0.04091644287109375,-1.6558871269226074,0.12634098529815674,0.0367362876496471,0.02439942955970764,0.024776902049779892,0.9996890425682068,0.0028146104887127876,0.9996129274368286,-0.024739162996411324,-0.012725287117064,0.0,0.0,4.760873317718506,1.6628023386001587,-0.0012969970703125,0.0,1,1,bilateral,completed,0.4800313413143158,-0.23872022330760956,0.05639459192752838,-0.1202281266450882,-0.23864148557186127,0.02849891036748886,0.0004631168849300593,0.00044977208017371595,0.7071366906166077,0.7070764303207397,1
afi_pilot_t0_root00_s8100_mid,0,alphabet_soup_1,8100,0.5265899957280025,128,P4B,close,128,6.4,3.0,3.3099441528320312,3.0,3.3110783100128174,0.08488572388887405,0.025636881988618826,0.0037169456481933594,0.04397714138031006,-1.7825822830200195,-0.003429889678955078,0.040908098220825195,-1.6555391550064087,0.12708055973052979,0.036950868190064,0.02439948543906212,0.024776902049779892,0.9996890425682068,0.0028146104887127876,0.9996129274368286,-0.024739162996411324,-0.012725287117064,0.0,0.0,4.7609968185424805,1.6628034114837646,0.0024700164794921875,0.0,1,1,bilateral,completed,0.48003146052360535,-0.23872052133083344,0.05639481544494629,-0.12022806704044342,-0.23864144086837769,0.028498901054263115,0.00046281577670015395,0.00045012717600911856,0.7071371078491211,0.7070760130882263,1
afi_pilot_t0_root00_s8100_mid,0,alphabet_soup_1,8100,0.5265899957280025,129,P4B,close,129,6.45,3.0,3.310269594192505,3.0,3.307593584060669,0.08486476540565491,0.025657555334071023,0.003718733787536621,0.04399871826171875,-1.7834224700927734,-0.00342637300491333,0.040865540504455566,-1.6537967920303345,0.12966382503509521,0.03771188991072013,0.024399569258093834,0.024776902049779892,0.9996890425682068,0.0028146104887127876,0.9996129274368286,-0.024739162996411324,-0.012725287117064,0.0,0.0,4.760909557342529,1.6628036499023438,-0.0017452239990234375,0.0,1,1,bilateral,completed,0.48003116250038147,-0.23872016370296478,0.05639450252056122,-0.12022816389799118,-0.23864136636257172,0.028498880565166473,0.0004633612697944045,0.0004494636377785355,0.7071374654769897,0.7070756554603577,1
afi_pilot_t0_root00_s8100_mid,0,alphabet_soup_1,8100,0.5265899957280025,130,P4B,close,130,6.5,3.0,3.309705972671509,3.0,3.3110404014587402,0.08488954603672028,0.02563832987338983,0.0037169456481933594,0.043982505798339844,-1.7828333377838135,-0.003429234027862549,0.040906548500061035,-1.6555202007293701,0.1273505687713623,0.03702687785865531,0.024399539455771446,0.024776902049779892,0.9996890425682068,0.0028146104887127876,0.9996129274368286,-0.024739162996411324,-0.012725287117064,0.0,0.0,4.760937690734863,1.662797212600708,0.0005626678466796875,0.0,1,1,bilateral,completed,0.48003119230270386,-0.2387203723192215,0.05639451742172241,-0.12022816389799118,-0.23864144086837769,0.02849889174103737,0.0004632420896086842,0.00044951573363505304,0.7071371078491211,0.7070761322975159,1
afi_pilot_t0_root00_s8100_mid,0,alphabet_soup_1,8100,0.5265899957280025,131,P4B,close,131,6.550000000000001,3.0,3.3101112842559814,3.0,3.3104171752929688,0.08487487584352493,0.02563872507579459,0.0037175416946411133,0.043973445892333984,-1.7823857069015503,-0.003430187702178955,0.04090094566345215,-1.6552085876464844,0.1272144317626953,0.03699546431569422,0.024399474263191223,0.024776902049779892,0.9996890425682068,0.0028146104887127876,0.9996129274368286,-0.024739162996411324,-0.012725287117064,0.0,0.0,4.760931015014648,1.6628057956695557,-0.000133514404296875,0.0,1,1,bilateral,completed,0.4800313711166382,-0.23872031271457672,0.05639462172985077,-0.1202281266450882,-0.23864144086837769,0.02849889174103737,0.0004632568161468953,0.00044975028140470386,0.7071371078491211,0.7070760130882263,1
afi_pilot_t0_root00_s8100_mid,0,alphabet_soup_1,8100,0.5265899957280025,132,P4B,close,132,6.6000000000000005,3.0,3.3100602626800537,3.0,3.3112058639526367,0.08487522602081299,0.025632724000885933,0.0037161707878112793,0.04396712779998779,-1.7822456359863281,-0.003430306911468506,0.04090762138366699,-1.6556029319763184,0.1266798973083496,0.03683729267869433,0.024399409070611,0.024776902049779892,0.9996890425682068,0.0028146104887127876,0.9996129274368286,-0.024739162996411324,-0.012725287117064,0.0,0.0,4.7608795166015625,1.6628096103668213,-0.00102996826171875,0.0,1,1,bilateral,completed,0.48003149032592773,-0.23872010409832,0.056394562125205994,-0.12022814154624939,-0.23864145576953888,0.028498906642198563,0.0004632289637811482,0.00044982213876210153,0.7071371078491211,0.7070761322975159,1
afi_pilot_t0_root00_s8100_mid,0,alphabet_soup_1,8100,0.5265899957280025,133,P4B,close,133,6.65,3.0,3.3101227283477783,3.0,3.3090426921844482,0.08487524092197418,0.025649485007382667,0.0037181973457336426,0.04399144649505615,-1.7831159830093384,-0.003427863121032715,0.04088330268859863,-1.6545213460922241,0.1286325454711914,0.03740740173228433,0.02439953200519085,0.024776902049779892,0.9996890425682068,0.0028146104887127876,0.9996129274368286,-0.024739162996411324,-0.012725287117064,0.0,0.0,4.7608771324157715,1.662792444229126,-4.76837158203125e-05,0.0,1,1,bilateral,completed,0.48003089427948,-0.23872031271457672,0.056394368410110474,-0.12022818624973297,-0.2386414110660553,0.02849889174103737,0.0004634868528228253,0.0004494154709391296,0.7071372866630554,0.7070759534835815,1
afi_pilot_t0_root00_s8100_mid,0,alphabet_soup_1,8100,0.5265899957280025,134,P4B,close,134,6.7,3.0,3.3098552227020264,3.0,3.309807777404785,0.08488096296787262,0.02564528476467224,0.003717958927154541,0.043988704681396484,-1.7830560207366943,-0.0034284591674804688,0.04089176654815674,-1.6549038887023926,0.12818992137908936,0.037275186258941,0.02439955249428749,0.024776902049779892,0.9996890425682068,0.0028146104887127876,0.9996129274368286,-0.024739162996411324,-0.012725287117064,0.0,0.0,4.760876178741455,1.66279935836792,-1.9073486328125e-05,0.0,1,1,bilateral,completed,0.48003116250038147,-0.2387201189994812,0.05639474093914032,-0.12022813409566879,-0.2386413961648941,0.028498897328972816,0.0004632681084331125,0.00044972560135647655,0.707137405872345,0.707075834274292,1
afi_pilot_t0_root00_s8100_mid,0,alphabet_soup_1,8100,0.5265899957280025,135,P4B,close,135,6.75,3.0,3.3099827766418457,3.0,3.3106541633605957,0.0848846510052681,0.02563984240477204,0.0037177205085754395,0.043981313705444336,-1.7827317714691162,-0.0034304261207580566,0.04090285301208496,-1.6553270816802979,0.1274421215057373,0.03705667158185028,0.02439950592815876,0.024776902049779892,0.9996890425682068,0.0028146104887127876,0.9996129274368286,-0.024739162996411324,-0.012725287117064,0.0,0.0,4.760830879211426,1.662797451019287,-0.0009059906005859375,0.0,1,1,bilateral,completed,0.4800311028957367,-0.2387200891971588,0.05639435350894928,-0.12022819370031357,-0.23864144086837769,0.02849889174103737,0.0004634752112906426,0.0004493302258197218,0.7071369886398315,0.7070762515068054,1
afi_pilot_t0_root00_s8100_mid,0,alphabet_soup_1,8100,0.5265899957280025,136,P4B,close,136,6.800000000000001,3.0,3.309974431991577,3.0,3.31077241897583,0.08487916737794876,0.025637270291204637,0.0037180185317993164,0.043974995613098145,-1.7825064659118652,-0.0034307241439819336,0.040903687477111816,-1.655386209487915,0.12715768814086914,0.0369757553942071,0.024399492889642715,0.024776902049779892,0.9996890425682068,0.0028146104887127876,0.9996129274368286,-0.024739162996411324,-0.012725287117064,0.0,0.0,4.760924816131592,1.6628111600875854,0.0018787384033203125,0.0,1,1,bilateral,completed,0.4800313711166382,-0.23872016370296478,0.05639463663101196,-0.12022814899682999,-0.2386413961648941,0.028498873114585876,0.0004631415649782866,0.0004496233013924211,0.7071374654769897,0.7070756554603577,1
afi_pilot_t0_root00_s8100_mid,0,alphabet_soup_1,8100,0.5265899957280025,137,P4B,close,137,6.8500000000000005,3.0,3.3095920085906982,3.0,3.3126583099365234,0.08489501476287842,0.02562745892271188,0.0037170052528381348,0.0439678430557251,-1.7822388410568237,-0.00343245267868042,0.04092669486999512,-1.6563291549682617,0.12594664096832275,0.036616404744882904,0.024399491026997566,0.024776902049779892,0.9996890425682068,0.0028146104887127876,0.9996129274368286,-0.024739162996411324,-0.012725287117064,0.0,0.0,4.7608771324157715,1.6628104448318481,-0.00095367431640625,0.0,1,1,bilateral,completed,0.48003125190734863,-0.23872005939483643,0.056394368410110474,-0.12022820115089417,-0.2386414259672165,0.028498871251940727,0.00046332221245393157,0.0004494398017413914,0.7071375846862793,0.7070756554603577,1
afi_pilot_t0_root00_s8100_mid,0,alphabet_soup_1,8100,0.5265899957280025,138,P4B,close,138,6.9,3.0,3.3098723888397217,3.0,3.31075382232666,0.08488501608371735,0.025639180875146942,0.003718256950378418,0.043981313705444336,-1.782777190208435,-0.003430664539337158,0.04090321063995361,-1.65537691116333,0.12743759155273438,0.03705432943949254,0.0243995264172554,0.024776902049779892,0.9996890425682068,0.0028146104887127876,0.9996129274368286,-0.024739162996411324,-0.012725287117064,0.0,0.0,4.760847568511963,1.6628048419952393,-0.000591278076171875,0.0,1,1,bilateral,completed,0.4800313413143158,-0.23871998488903046,0.05639445781707764,-0.12022817879915237,-0.23864147067070007,0.028498921543359756,0.00046349046169780195,0.0004496041510719806,0.7071366906166077,0.7070765495300293,1
afi_pilot_t0_root00_s8100_mid,0,alphabet_soup_1,8100,0.5265899957280025,139,P4B,close,139,6.95,3.0,3.3101906776428223,3.0,3.3101983070373535,0.08487749844789505,0.025641212572506237,0.0037176012992858887,0.04397988319396973,-1.782667875289917,-0.0034293532371520996,0.04089713096618652,-1.6550991535186768,0.12760627269744873,0.03710755098670458,0.024399498477578163,0.024776902049779892,0.9996890425682068,0.0028146104887127876,0.9996129274368286,-0.024739162996411324,-0.012725287117064,0.0,0.0,4.760958194732666,1.6628113985061646,0.0022125244140625,0.0,1,1,bilateral,completed,0.48003140091896057,-0.23872026801109314,0.056394606828689575,-0.12022820115089417,-0.2386414110660553,0.02849888987839222,0.0004634908982552588,0.0004494188178796321,0.707137405872345,0.707075834274292,1
afi_pilot_t0_root00_s8100_mid,0,alphabet_soup_1,8100,0.5265899957280025,140,P4B,close,140,7.0,3.0,3.309793710708618,3.0,3.3100852966308594,0.08488143980503082,0.025643278706874,0.0037183165550231934,0.043985962867736816,-1.782928228378296,-0.0034292936325073242,0.04089498519897461,-1.6550426483154297,0.1279231309890747,0.0371974900723223,0.02439955063164234,0.024776902049779892,0.9996890425682068,0.0028146104887127876,0.9996129274368286,-0.024739162996411324,-0.012725287117064,0.0,0.0,4.760878562927246,1.6628044843673706,-0.0015926361083984375,0.0,1,1,bilateral,completed,0.48003119230270386,-0.23872002959251404,0.05639451742172241,-0.12022824585437775,-0.2386414259672165,0.028498901054263115,0.0004636922967620194,0.0004491976578719914,0.7071371674537659,0.7070760726928711,1
afi_pilot_t0_root00_s8100_mid,0,alphabet_soup_1,8100,0.5265899957280025,141,P4B,close,141,7.050000000000001,3.0,3.310062885284424,3.0,3.310465097427368,0.08488370478153229,0.02564102090896448,0.003717660903930664,0.043982744216918945,-1.7827644348144531,-0.0034295320510864258,0.040900468826293945,-1.655232548713684,0.12756943702697754,0.03709436005443543,0.024399500340223312,0.024776902049779892,0.9996890425682068,0.0028146104887127876,0.9996129274368286,-0.024739162996411324,-0.012725287117064,0.0,0.0,4.760942459106445,1.662804126739502,0.001277923583984375,0.0,1,1,bilateral,completed,0.4800313413143158,-0.23872032761573792,0.056394562125205994,-0.12022818624973297,-0.23864145576953888,0.02849891036748886,0.000463445350760594,0.00044940822408534586,0.7071370482444763,0.7070761919021606,1
afi_pilot_t0_root00_s8100_mid,0,alphabet_soup_1,8100,0.5265899957280025,142,P4B,close,142,7.1000000000000005,3.0,3.3103208541870117,3.0,3.30795955657959,0.08486822247505188,0.025655761814332795,0.0037189126014709473,0.043997883796691895,-1.7833707332611084,-0.003426849842071533,0.040869832038879395,-1.653979778289795,0.12942898273468018,0.03764215192669833,0.024399572983384132,0.024776902049779892,0.9996890425682068,0.0028146104887127876,0.9996129274368286,-0.024739162996411324,-0.012725287117064,0.0,0.0,4.760900497436523,1.6628072261810303,-0.0008392333984375,0.0,1,1,bilateral,completed,0.48003119230270386,-0.23872007429599762,0.056394532322883606,-0.12022818624973297,-0.23864136636257172,0.028498874977231026,0.0004634303040802479,0.0004494100285228342,0.7071376442909241,0.7070754766464233,1
afi_pilot_t0_root00_s8100_mid,0,alphabet_soup_1,8100,0.5265899957280025,143,P4B,close,143,7.15,3.0,3.310112237930298,3.0,3.3087334632873535,0.08488347381353378,0.025654370397426574,0.0037187933921813965,0.04400336742401123,-1.7836041450500488,-0.003427267074584961,0.04087960720062256,-1.6543667316436768,0.12927544116973877,0.037590714848256275,0.02439957670867443,0.024776902049779892,0.9996890425682068,0.0028146104887127876,0.9996129274368286,-0.024739162996411324,-0.012725287117064,0.0,0.0,4.760969161987305,1.6628057956695557,0.001373291015625,0.0,1,1,bilateral,completed,0.48003149032592773,-0.23872023820877075,0.05639484524726868,-0.12022802233695984,-0.2386413812637329,0.028498897328972816,0.00046265358105301857,0.0004501570947468281,0.7071372866630554,0.707075834274292,1
afi_pilot_t0_root00_s8100_mid,0,alphabet_soup_1,8100,0.5265899957280025,144,P4B,close,144,7.2,3.0,3.310231924057007,3.0,3.3100318908691406,0.08487142622470856,0.025640667227052973,0.0037177205085754395,0.043975830078125,-1.7825334072113037,-0.0034293532371520996,0.04089510440826416,-1.6550159454345703,0.12755489349365234,0.03709496072539728,0.024399466812610626,0.024776902049779892,0.9996890425682068,0.0028146104887127876,0.9996129274368286,-0.024739162996411324,-0.012725287117064,0.0,0.0,4.760895729064941,1.6628031730651855,-0.001468658447265625,0.0,1,1,bilateral,completed,0.4800313115119934,-0.23872023820877075,0.056394606828689575,-0.12022817879915237,-0.23864145576953888,0.02849891223013401,0.0004635176155716181,0.0004495557805057615,0.707136869430542,0.707076370716095,1
afi_pilot_t0_root00_s8100_mid,0,alphabet_soup_1,8100,0.5265899957280025,145,P4B,close,145,7.25,3.0,3.309945583343506,3.0,3.3097286224365234,0.08488096296787262,0.02564589809341703,0.0037181973457336426,0.04398810863494873,-1.7829842567443848,-0.0034291744232177734,0.04089236259460449,-1.6548643112182617,0.12815773487091064,0.03726703100873223,0.02439955249428749,0.024776902049779892,0.9996890425682068,0.0028146104887127876,0.9996129274368286,-0.024739162996411324,-0.012725287117064,0.0,0.0,4.760953426361084,1.6628024578094482,0.0011539459228515625,0.0,1,1,bilateral,completed,0.4800313115119934,-0.23872032761573792,0.05639488995075226,-0.1202281042933464,-0.2386414110660553,0.028498893603682518,0.0004630626062862575,0.0004499398928601295,0.7071371078491211,0.7070760130882263,1
afi_pilot_t0_root00_s8100_mid,0,alphabet_soup_1,8100,0.5265899957280025,146,P4B,close,146,7.300000000000001,3.0,3.3101048469543457,3.0,3.3105342388153076,0.0848766639828682,0.025638358603184773,0.003717482089996338,0.04397463798522949,-1.782463550567627,-0.003430008888244629,0.0409015417098999,-1.6552671194076538,0.1272338628768921,0.0369996502883665,0.024399451911449432,0.024776902049779892,0.9996890425682068,0.0028146104887127876,0.9996129274368286,-0.024739162996411324,-0.012725287117064,0.0,0.0,4.7608418464660645,1.6627955436706543,-0.002231597900390625,0.0,1,1,bilateral,completed,0.48003116250038147,-0.23872020840644836,0.05639439821243286,-0.12022813409566879,-0.23864145576953888,0.028498901054263115,0.00046320498222485185,0.00044970933231525123,0.7071368098258972,0.7070764303207397,1
afi_pilot_t0_root00_s8100_mid,0,alphabet_soup_1,8100,0.5265899957280025,147,P4B,close,147,7.3500000000000005,3.0,3.310135841369629,3.0,3.3090600967407227,0.08487703651189804,0.025649892727997947,0.0037184953689575195,0.04399251937866211,-1.7831361293792725,-0.003428518772125244,0.04088401794433594,-1.6545300483703613,0.12864398956298828,0.03741041591642041,0.02439953200519085,0.024776902049779892,0.9996890425682068,0.0028146104887127876,0.9996129274368286,-0.024739162996411324,-0.012725287117064,0.0,0.0,4.760980606079102,1.662801742553711,0.0027751922607421875,0.0,1,1,bilateral,completed,0.4800313115119934,-0.23872041702270508,0.05639481544494629,-0.12022814154624939,-0.2386414110660553,0.028498895466327667,0.00046313193161040545,0.00044963567052036524,0.7071372866630554,0.7070759534835815,1
afi_pilot_t0_root00_s8100_mid,0,alphabet_soup_1,8100,0.5265899957280025,148,P4B,close,148,7.4,3.0,3.310150146484375,3.0,3.3082079887390137,0.08487727493047714,0.025656571539454425,0.003719329833984375,0.04400277137756348,-1.7835618257522583,-0.0034275054931640625,0.04087400436401367,-1.6541039943695068,0.12949585914611816,0.03765814712722511,0.024399584159255028,0.024776902049779892,0.9996890425682068,0.0028146104887127876,0.9996129274368286,-0.024739162996411324,-0.012725287117064,0.0,0.0,4.760899543762207,1.662796974182129,-0.001621246337890625,0.0,1,1,bilateral,completed,0.48003116250038147,-0.23872022330760956,0.056394338607788086,-0.1202281042933464,-0.2386414110660553,0.028498902916908264,0.0004630694747902453,0.0004497254267334938,0.7071371674537659,0.7070759534835815,1
afi_pilot_t0_root00_s8100_mid,0,alphabet_soup_1,8100,0.5265899957280025,149,P4B,close,149,7.45,3.0,3.309800148010254,3.0,3.311145305633545,0.08488751202821732,0.025636903304663394,0.003718852996826172,0.04397881031036377,-1.7826234102249146,-0.0034314990043640137,0.040908217430114746,-1.6555726528167725,0.12708830833435059,0.036952319420128506,0.02439950779080391,0.024776902049779892,0.9996890425682068,0.0028146104887127876,0.9996129274368286,-0.024739162996411324,-0.012725287117064,0.0,0.0,4.760855674743652,1.6628000736236572,-0.00087738037109375,0.0,1,1,bilateral,completed,0.4800310730934143,-0.2387201189994812,0.05639432370662689,-0.12022813409566879,-0.2386413961648941,0.02849888615310192,0.00046313795610331,0.00044976911158300936,0.707137405872345,0.707075834274292,1
afi_pilot_t0_root00_s8100_mid,0,alphabet_soup_1,8100,0.5265899957280025,150,P4B,close,150,7.5,3.0,3.310011386871338,3.0,3.3104629516601562,0.084877148270607,0.02563905698689126,0.003717958927154541,0.04397618770599365,-1.7825419902801514,-0.0034303665161132812,0.040900468826293945,-1.6552314758300781,0.1273479461669922,0.03703236359128566,0.024399498477578163,0.024776902049779892,0.9996890425682068,0.0028146104887127876,0.9996129274368286,-0.024739162996411324,-0.012725287117064,0.0,0.0,4.760862827301025,1.662804126739502,0.0001430511474609375,0.0,1,1,bilateral,completed,0.4800311028957367,-0.23872010409832,0.05639445781707764,-0.12022818624973297,-0.2386413961648941,0.028498876839876175,0.00046340827248059213,0.00044945027912035584,0.707137405872345,0.7070757150650024,1
afi_pilot_t0_root00_s8100_mid,0,alphabet_soup_1,8100,0.5265899957280025,151,P4B,hold,151,7.550000000000001,3.0,3.309983491897583,3.0,3.309211254119873,0.08488371223211288,0.025650738412797035,0.0037183165550231934,0.04399764537811279,-1.7833545207977295,-0.003427863121032715,0.0408855676651001,-1.6546056270599365,0.12878680229187012,0.03744874266133011,0.024399586021900177,0.024776902049779892,0.9996890425682068,0.0028146104887127876,0.9996129274368286,-0.024739162996411324,-0.012725287117064,0.0,0.0,4.760920524597168,1.6628015041351318,0.0011539459228515625,0.0,1,1,bilateral,completed,0.48003125190734863,-0.23872017860412598,0.05639466643333435,-0.12022815644741058,-0.2386414110660553,0.028498908504843712,0.00046333641512319446,0.0004495664907153696,0.7071372866630554,0.7070759534835815,1
afi_pilot_t0_root00_s8100_mid,0,alphabet_soup_1,8100,0.5265899957280025,152,P4B,hold,152,7.6000000000000005,3.0,3.310051679611206,3.0,3.309393882751465,0.08488084375858307,0.025648456111852194,0.003718554973602295,0.04399287700653076,-1.7831755876541138,-0.003428637981414795,0.04088747501373291,-1.6546969413757324,0.1285165548324585,0.037371113293290556,0.02439958043396473,0.024776902049779892,0.9996890425682068,0.0028146104887127876,0.9996129274368286,-0.024739162996411324,-0.012725287117064,0.0,0.0,4.7609333992004395,1.662809133529663,0.0002574920654296875,0.0,1,1,bilateral,completed,0.48003143072128296,-0.2387201339006424,0.05639477074146271,-0.12022808194160461,-0.2386413961648941,0.02849888801574707,0.0004628169408533722,0.0004499690548982471,0.7071374654769897,0.7070756554603577,1
afi_pilot_t0_root00_s8100_mid,0,alphabet_soup_1,8100,0.5265899957280025,153,P4B,hold,153,7.65,3.0,3.3099563121795654,3.0,3.3112587928771973,0.08488214761018753,0.02563440459343629,0.0037169456481933594,0.04397284984588623,-1.7824465036392212,-0.003430604934692383,0.0409088134765625,-1.6556293964385986,0.12685441970825195,0.036885602472027094,0.024399466812610626,0.024776902049779892,0.9996890425682068,0.0028146104887127876,0.9996129274368286,-0.024739162996411324,-0.012725287117064,0.0,0.0,4.760869979858398,1.6627988815307617,-0.0012683868408203125,0.0,1,1,bilateral,completed,0.48003140091896057,-0.23872016370296478,0.056394562125205994,-0.12022807449102402,-0.23864147067070007,0.028498925268650055,0.00046292549814097583,0.00045007982407696545,0.7071366310119629,0.7070766091346741,1
afi_pilot_t0_root00_s8100_mid,0,alphabet_soup_1,8100,0.5265899957280025,154,P4B,hold,154,7.7,3.0,3.3103437423706055,3.0,3.3099141120910645,0.0848691537976265,0.025640893063539262,0.003717780113220215,0.04397618770599365,-1.7825572490692139,-0.003429591655731201,0.04089248180389404,-1.6549570560455322,0.12763774394989014,0.03711943584439876,0.024399440735578537,0.024776902049779892,0.9996890425682068,0.0028146104887127876,0.9996129274368286,-0.024739162996411324,-0.012725287117064,0.0,0.0,4.7607879638671875,1.6628001928329468,-0.00164031982421875,0.0,1,1,bilateral,completed,0.4800311028957367,-0.23871998488903046,0.05639442801475525,-0.12022820860147476,-0.23864144086837769,0.028498893603682518,0.0004636302182916552,0.00044938086648471653,0.707136869430542,0.7070762515068054,1
afi_pilot_t0_root00_s8100_mid,0,alphabet_soup_1,8100,0.5265899957280025,155,P4B,hold,155,7.75,3.0,3.3100664615631104,3.0,3.3102874755859375,0.08488287031650543,0.02564214466040619,0.0037186741828918457,0.043984174728393555,-1.782839059829712,-0.003430306911468506,0.04089820384979248,-1.6551437377929688,0.12773287296295166,0.037142038092478215,0.02439947985112667,0.024776902049779892,0.9996890425682068,0.0028146104887127876,0.9996129274368286,-0.024739162996411324,-0.012725287117064,0.0,0.0,4.7608723640441895,1.662804365158081,0.0016880035400390625,0.0,1,1,bilateral,completed,0.48003122210502625,-0.2387201488018036,0.056394413113594055,-0.12022815644741058,-0.2386414259672165,0.02849888801574707,0.00046344639849849045,0.00044966163113713264,0.7071371078491211,0.7070760130882263,1
afi_pilot_t0_root00_s8100_mid,0,alphabet_soup_1,8100,0.5265899957280025,156,P4B,hold,156,7.800000000000001,3.0,3.3100779056549072,3.0,3.310431480407715,0.08488334715366364,0.025641173259749617,0.0037186145782470703,0.04398179054260254,-1.782729148864746,-0.003430306911468506,0.0409010648727417,-1.6552157402038574,0.12755095958709717,0.03708954776871,0.02439948357641697,0.024776902049779892,0.9996890425682068,0.0028146104887127876,0.9996129274368286,-0.024739162996411324,-0.012725287117064,0.0,0.0,4.760919570922852,1.662804365158081,0.0009441375732421875,0.0,1,1,bilateral,completed,0.48003125190734863,-0.23872026801109314,0.05639465153217316,-0.12022809684276581,-0.23864136636257172,0.02849888987839222,0.0004629706381820142,0.0004499737115111202,0.7071375846862793,0.7070756554603577,1
afi_pilot_t0_root00_s8100_mid,0,alphabet_soup_1,8100,0.5265899957280025,157,P4B,hold,157,7.8500000000000005,3.0,3.309760570526123,3.0,3.3108973503112793,0.08488286286592484,0.02563741906946902,0.003717362880706787,0.04397749900817871,-1.7826111316680908,-0.0034300684928894043,0.040904879570007324,-1.6554486751556396,0.12719988822937012,0.0369862291003351,0.024399511516094208,0.024776902049779892,0.9996890425682068,0.0028146104887127876,0.9996129274368286,-0.024739162996411324,-0.012725287117064,0.0,0.0,4.760902404785156,1.6628048419952393,-0.00034332275390625,0.0,1,1,bilateral,completed,0.4800313711166382,-0.2387201189994812,0.05639462172985077,-0.12022816389799118,-0.23864144086837769,0.028498901054263115,0.00046326176379807293,0.0004496749024838209,0.707136869430542,0.707076370716095,1
afi_pilot_t0_root00_s8100_mid,0,alphabet_soup_1,8100,0.5265899957280025,158,P4B,hold,158,7.9,3.0,3.3100340366363525,3.0,3.309292793273926,0.08488716930150986,0.025651151047752983,0.0037192106246948242,0.043999433517456055,-1.7833962440490723,-0.003428637981414795,0.04088723659515381,-1.654646396636963,0.12878775596618652,0.0374481216908145,0.024399591609835625,0.024776902049779892,0.9996890425682068,0.0028146104887127876,0.9996129274368286,-0.024739162996411324,-0.012725287117064,0.0,0.0,4.760934352874756,1.662804365158081,0.0006389617919921875,0.0,1,1,bilateral,completed,0.48003122210502625,-0.23872023820877075,0.05639457702636719,-0.12022814154624939,-0.2386413812637329,0.02849888987839222,0.00046315076178871095,0.00044954297482036054,0.7071375846862793,0.7070756554603577,1
afi_pilot_t0_root00_s8100_mid,0,alphabet_soup_1,8100,0.5265899957280025,159,P4B,hold,159,7.95,3.0,3.310187339782715,3.0,3.3105976581573486,0.08487118035554886,0.025636211077001564,0.0037164688110351562,0.04397094249725342,-1.7823759317398071,-0.003429710865020752,0.04089975357055664,-1.6552988290786743,0.1271144151687622,0.03696551457324158,0.024399463087320328,0.024776902049779892,0.9996890425682068,0.0028146104887127876,0.9996129274368286,-0.024739162996411324,-0.012725287117064,0.0,0.0,4.760836601257324,1.6628059148788452,-0.0019550323486328125,0.0,1,1,bilateral,completed,0.480031281709671,-0.23872005939483643,0.056394532322883606,-0.1202281191945076,-0.2386414259672165,0.028498902916908264,0.0004631452902685851,0.00044979952508583665,0.707137405872345,0.707075834274292,1
afi_pilot_t0_root00_s8100_mid,0,alphabet_soup_1,8100,0.5265899957280025,160,P4B,hold,160,8.0,3.0,3.3098833560943604,3.0,3.3115859031677246,0.08488596230745316,0.02563302441475391,0.0037174224853515625,0.043970465660095215,-1.782271146774292,-0.0034313201904296875,0.04091501235961914,-1.6557929515838623,0.12651538848876953,0.0367871469461574,0.02439945563673973,0.024776902049779892,0.9996890425682068,0.0028146104887127876,0.9996129274368286,-0.024739162996411324,-0.012725287117064,0.0,0.0,4.760916233062744,1.6627968549728394,0.0015926361083984375,0.0,1,1,bilateral,completed,0.48003122210502625,-0.23872040212154388,0.05639457702636719,-0.12022813409566879,-0.23864145576953888,0.02849891036748886,0.000463295029476285,0.00044981425162404776,0.707136869430542,0.707076370716095,1
afi_pilot_t0_root00_s8100_mid,0,alphabet_soup_1,8100,0.5265899957280025,161,P4B,hold,161,8.05,3.0,3.3099913597106934,3.0,3.3098201751708984,0.08487381041049957,0.025643027692922083,0.003718256950378418,0.04398036003112793,-1.78268563747406,-0.0034298300743103027,0.040892958641052246,-1.6549100875854492,0.1278132200241089,0.03716958615231801,0.024399522691965103,0.024776902049779892,0.9996890425682068,0.0028146104887127876,0.9996129274368286,-0.024739162996411324,-0.012725287117064,0.0,0.0,4.76090669631958,1.6628015041351318,-0.00019073486328125,0.0,1,1,bilateral,completed,0.48003122210502625,-0.23872023820877075,0.05639445781707764,-0.12022817879915237,-0.23864144086837769,0.02849891036748886,0.00046340172411873937,0.00044949300354346633,0.7071369886398315,0.7070762515068054,1
afi_pilot_t0_root00_s8100_mid,0,alphabet_soup_1,8100,0.5265899957280025,162,P4B,hold,162,8.1,3.0,3.3102149963378906,3.0,3.308124542236328,0.08487584441900253,0.025656786295483767,0.003718733787536621,0.04400289058685303,-1.7835553884506226,-0.0034265518188476562,0.04087245464324951,-1.654062271118164,0.12953126430511475,0.03766897333243291,0.024399589747190475,0.024776902049779892,0.9996890425682068,0.0028146104887127876,0.9996129274368286,-0.024739162996411324,-0.012725287117064,0.0,0.0,4.760969161987305,1.6628026962280273,0.0012493133544921875,0.0,1,1,bilateral,completed,0.4800313115119934,-0.2387203574180603,0.05639474093914032,-0.12022809684276581,-0.2386414110660553,0.02849891595542431,0.00046307648881338537,0.00044981256360188127,0.7071372866630554,0.7070759534835815,1
afi_pilot_t0_root00_s8100_mid,0,alphabet_soup_1,8100,0.5265899957280025,163,P4B,hold,163,8.15,3.0,3.3099849224090576,3.0,3.308943748474121,0.08487942069768906,0.025651515150969296,0.0037186145782470703,0.04399609565734863,-1.7832823991775513,-0.0034276247024536133,0.04088282585144043,-1.6544718742370605,0.12884843349456787,0.03746890818899162,0.024399572983384132,0.024776902049779892,0.9996890425682068,0.0028146104887127876,0.9996129274368286,-0.024739162996411324,-0.012725287117064,0.0,0.0,4.76096248626709,1.6627943515777588,-0.000133514404296875,0.0,1,1,bilateral,completed,0.48003116250038147,-0.23872043192386627,0.056394681334495544,-0.12022809684276581,-0.2386414110660553,0.028498897328972816,0.0004630049515981227,0.00044980295933783054,0.7071369886398315,0.7070761322975159,1
afi_pilot_t0_root00_s8100_mid,0,alphabet_soup_1,8100,0.5265899957280025,164,P4B,hold,164,8.200000000000001,3.0,3.310387134552002,3.0,3.3082404136657715,0.08487441390752792,0.02565545525558733,0.0037195682525634766,0.044000983238220215,-1.7835235595703125,-0.003427863121032715,0.040872931480407715,-1.6541202068328857,0.129441499710083,0.037642581807824586,0.02439957670867443,0.024776902049779892,0.9996890425682068,0.0028146104887127876,0.9996129274368286,-0.024739162996411324,-0.012725287117064,0.0,0.0,4.760936260223389,1.6628128290176392,-0.0005245208740234375,0.0,1,1,bilateral,completed,0.4800313711166382,-0.23872010409832,0.056394338607788086,-0.12022814154624939,-0.23864130675792694,0.028498854488134384,0.0004632003547158092,0.00044961905223317444,0.7071375846862793,0.7070755362510681,1
afi_pilot_t0_root00_s8100_mid,0,alphabet_soup_1,8100,0.5265899957280025,165,P4B,hold,165,8.25,3.0,3.310072183609009,3.0,3.30918025970459,0.08488859981298447,0.025652455638836207,0.003720998764038086,0.04400348663330078,-1.7836167812347412,-0.0034299492835998535,0.04088461399078369,-1.654590129852295,0.129064679145813,0.03752685384230911,0.02439958229660988,0.024776902049779892,0.9996890425682068,0.0028146104887127876,0.9996129274368286,-0.024739162996411324,-0.012725287117064,0.0,0.0,4.760862350463867,1.6628150939941406,-0.0014781951904296875,0.0,1,1,bilateral,completed,0.480031281709671,-0.23871982097625732,0.05639447271823883,-0.12022815644741058,-0.23864132165908813,0.028498854488134384,0.0004632089112419635,0.0004495291505008936,0.7071377038955688,0.7070754170417786,1
afi_pilot_t0_root00_s8100_mid,0,alphabet_soup_1,8100,0.5265899957280025,166,P4B,hold,166,8.3,3.0,3.3097352981567383,3.0,3.3123908042907715,0.08489799499511719,0.025630428295218933,0.0037169456481933594,0.043973684310913086,-1.7824242115020752,-0.0034319162368774414,0.0409238338470459,-1.6561954021453857,0.1262660026550293,0.03670870300370651,0.02439948357641697,0.024776902049779892,0.9996890425682068,0.0028146104887127876,0.9996129274368286,-0.024739162996411324,-0.012725287117064,0.0,0.0,4.760909557342529,1.662797451019287,0.0009441375732421875,0.0,1,1,bilateral,completed,0.4800311028957367,-0.2387203574180603,0.05639439821243286,-0.12022817879915237,-0.23864145576953888,0.028498899191617966,0.0004633595235645771,0.0004496044712141156,0.7071371674537659,0.7070760726928711,1
afi_pilot_t0_root00_s8100_mid,0,alphabet_soup_1,8100,0.5265899957280025,167,P4B,hold,167,8.35,3.0,3.3100533485412598,3.0,3.308929920196533,0.08487095683813095,0.025649064466463544,0.003718137741088867,0.04398977756500244,-1.7830851078033447,-0.0034281015396118164,0.040880680084228516,-1.6544649600982666,0.12865805625915527,0.03741576995199533,0.02439957670867443,0.024776902049779892,0.9996890425682068,0.0028146104887127876,0.9996129274368286,-0.024739162996411324,-0.012725287117064,0.0,0.0,4.760922908782959,1.66280198097229,0.00026702880859375,0.0,1,1,bilateral,completed,0.4800311326980591,-0.23872022330760956,0.05639466643333435,-0.12022818624973297,-0.23864136636257172,0.028498873114585876,0.00046346994349732995,0.0004494784225244075,0.707137405872345,0.7070757150650024,1
afi_pilot_t0_root00_s8100_mid,0,alphabet_soup_1,8100,0.5265899957280025,168,P4B,hold,168,8.4,3.0,3.309770107269287,3.0,3.3113226890563965,0.08488167077302933,0.025633765943003713,0.003717660903930664,0.04397094249725342,-1.7823166847229004,-0.0034310221672058105,0.04091024398803711,-1.6556613445281982,0.126692533493042,0.03683958029304613,0.024399498477578163,0.024776902049779892,0.9996890425682068,0.0028146104887127876,0.9996129274368286,-0.024739162996411324,-0.012725287117064,0.0,0.0,4.760835647583008,1.6628007888793945,-0.0017452239990234375,0.0,1,1,bilateral,completed,0.48003116250038147,-0.23872007429599762,0.05639427900314331,-0.12022817879915237,-0.23864147067070007,0.028498902916908264,0.00046330815530382097,0.0004495171015150845,0.7071369290351868,0.7070761919021606,1
afi_pilot_t0_root00_s8100_mid,0,alphabet_soup_1,8100,0.5265899957280025,169,P4B,hold,169,8.450000000000001,3.0,3.310122013092041,3.0,3.3096811771392822,0.08488322794437408,0.02564695008409927,0.0037184953689575195,0.04399073123931885,-1.7830488681793213,-0.003429114818572998,0.04089200496673584,-1.6548405885696411,0.12824606895446777,0.03729227559191538,0.024399541318416595,0.024776902049779892,0.9996890425682068,0.0028146104887127876,0.9996129274368286,-0.024739162996411324,-0.012725287117064,0.0,0.0,4.7609333992004395,1.6628005504608154,0.0019550323486328125,0.0,1,1,bilateral,completed,0.480031281709671,-0.23872032761573792,0.05639469623565674,-0.12022805958986282,-0.2386413961648941,0.028498906642198563,0.00046278611989691854,0.00045008884626440704,0.7071372866630554,0.707075834274292,1
afi_pilot_t0_root00_s8100_mid,0,alphabet_soup_1,8100,0.5265899957280025,170,P4B,hold,170,8.5,3.0,3.3103206157684326,3.0,3.30812668800354,0.08487691730260849,0.025657093971159808,0.003719151020050049,0.04400372505187988,-1.7835910320281982,-0.0034273266792297363,0.04087269306182861,-1.65406334400177,0.12956583499908447,0.03767862451840783,0.024399589747190475,0.024776902049779892,0.9996890425682068,0.0028146104887127876,0.9996129274368286,-0.024739162996411324,-0.012725287117064,0.0,0.0,4.760948181152344,1.6628023386001587,0.0002956390380859375,0.0,1,1,bilateral,completed,0.48003125190734863,-0.23872028291225433,0.056394726037979126,-0.12022809684276581,-0.23864136636257172,0.028498899191617966,0.00046308914897963405,0.0004497750196605921,0.7071375846862793,0.7070756554603577,1
afi_pilot_t0_root00_s8100_mid,0,alphabet_soup_1,8100,0.5265899957280025,171,P4B,hold,171,8.55,3.0,3.3100831508636475,3.0,3.309793472290039,0.08488442003726959,0.025646440102058164,0.003718078136444092,0.0439910888671875,-1.7830774784088135,-0.0034290552139282227,0.040892839431762695,-1.6548967361450195,0.12821853160858154,0.03728335048259421,0.024399546906352043,0.024776902049779892,0.9996890425682068,0.0028146104887127876,0.9996129274368286,-0.024739162996411324,-0.012725287117064,0.0,0.0,4.760981559753418,1.6628104448318481,0.000667572021484375,0.0,1,1,bilateral,completed,0.48003143072128296,-0.23872031271457672,0.05639471113681793,-0.12022808939218521,-0.2386413812637329,0.028498897328972816,0.0004629456379916519,0.0004499831120483577,0.7071375846862793,0.7070756554603577,1
afi_pilot_t0_root00_s8100_mid,0,alphabet_soup_1,8100,0.5265899957280025,172,P4B,hold,172,8.6,3.0,3.310123920440674,3.0,3.308107852935791,0.08487393707036972,0.02565633916531714,0.0037190914154052734,0.044000864028930664,-1.783481478691101,-0.0034270882606506348,0.04087257385253906,-1.6540539264678955,0.12946569919586182,0.037650804361575745,0.024399572983384132,0.024776902049779892,0.9996890425682068,0.0028146104887127876,0.9996129274368286,-0.024739162996411324,-0.012725287117064,0.0,0.0,4.760922431945801,1.6628057956695557,-0.00118255615234375,0.0,1,1,bilateral,completed,0.480031281709671,-0.2387201488018036,0.056394681334495544,-0.12022809684276581,-0.2386413812637329,0.028498901054263115,0.0004630472685676068,0.00044973951298743486,0.707137405872345,0.7070757150650024,1
afi_pilot_t0_root00_s8100_mid,0,alphabet_soup_1,8100,0.5265899957280025,173,P4B,hold,173,8.65,3.0,3.309952974319458,3.0,3.310821056365967,0.08488620817661285,0.025639020270635197,0.0037173032760620117,0.04398059844970703,-1.7826907634735107,-0.003429412841796875,0.040905117988586426,-1.6554105281829834,0.1273176670074463,0.03702002680371148,0.024399492889642715,0.024776902049779892,0.9996890425682068,0.0028146104887127876,0.9996129274368286,-0.024739162996411324,-0.012725287117064,0.0,0.0,4.760963439941406,1.6627980470657349,0.000820159912109375,0.0,1,1,bilateral,completed,0.4800311028957367,-0.23872053623199463,0.05639459192752838,-0.12022817879915237,-0.2386414259672165,0.028498882427811623,0.0004633019561879337,0.0004495143366511911,0.707137405872345,0.707075834274292,1
afi_pilot_t0_root00_s8100_mid,0,alphabet_soup_1,8100,0.5265899957280025,174,P4B,hold,174,8.700000000000001,3.0,3.309889316558838,3.0,3.3107051849365234,0.08487821370363235,0.02563750287697687,0.0037178397178649902,0.04397404193878174,-1.782442569732666,-0.0034314393997192383,0.040903687477111816,-1.6553525924682617,0.1271275281906128,0.036968030969279204,0.024399498477578163,0.024776902049779892,0.9996890425682068,0.0028146104887127876,0.9996129274368286,-0.024739162996411324,-0.012725287117064,0.0,0.0,4.7608771324157715,1.6628074645996094,-0.0017261505126953125,0.0,1,1,bilateral,completed,0.4800313711166382,-0.23872007429599762,0.056394487619400024,-0.12022808939218521,-0.2386414110660553,0.02849888615310192,0.0004629199393093586,0.000449977203970775,0.7071372866630554,0.707075834274292,1
afi_pilot_t0_root00_s8100_mid,0,alphabet_soup_1,8100,0.5265899957280025,175,P4B,hold,175,8.75,3.0,3.310094118118286,3.0,3.311697006225586,0.08488118648529053,0.02563072235344123,0.003716409206390381,0.04396498203277588,-1.7820675373077393,-0.003431260585784912,0.040915727615356445,-1.655848503112793,0.12625622749328613,0.03671337325266273,0.0243994053453207,0.024776902049779892,0.9996890425682068,0.0028146104887127876,0.9996129274368286,-0.024739162996411324,-0.012725287117064,0.0,0.0,4.760897159576416,1.662796139717102,0.000400543212890625,0.0,1,1,bilateral,completed,0.48003119230270386,-0.23872044682502747,0.056394681334495544,-0.12022808194160461,-0.23864145576953888,0.028498904779553413,0.0004629516915883869,0.0004500433278735727,0.7071371078491211,0.7070761322975159,1
afi_pilot_t0_root00_s8100_mid,0,alphabet_soup_1,8100,0.5265899957280025,176,P4B,hold,176,8.8,3.0,3.3098080158233643,3.0,3.3102641105651855,0.08488358557224274,0.02564254172388376,0.003718435764312744,0.04398524761199951,-1.7828984260559082,-0.0034298300743103027,0.04089784622192383,-1.6551320552825928,0.12780404090881348,0.03716221439098605,0.0243995264172554,0.024776902049779892,0.9996890425682068,0.0028146104887127876,0.9996129274368286,-0.024739162996411324,-0.012725287117064,0.0,0.0,4.760844707489014,1.6628026962280273,-0.001049041748046875,0.0,1,1,bilateral,completed,0.48003125190734863,-0.23872002959251404,0.056394681334495544,-0.12022819370031357,-0.23864147067070007,0.028498906642198563,0.00046349241165444255,0.00044938447535969317,0.707136869430542,0.707076370716095,1
afi_pilot_t0_root00_s8100_mid,0,alphabet_soup_1,8100,0.5265899957280025,177,P4B,hold,177,8.85,3.0,3.3101115226745605,3.0,3.309847116470337,0.08487869799137115,0.025644295644049832,0.003717362880706787,0.043985843658447266,-1.7829163074493408,-0.0034284591674804688,0.04089236259460449,-1.6549235582351685,0.1280304193496704,0.03723010696925977,0.02439950592815876,0.024776902049779892,0.9996890425682068,0.0028146104887127876,0.9996129274368286,-0.024739162996411324,-0.012725287117064,0.0,0.0,4.760952472686768,1.6628098487854004,0.002155303955078125,0.0,1,1,bilateral,completed,0.48003140091896057,-0.23872023820877075,0.056394755840301514,-0.12022818624973297,-0.2386414110660553,0.028498884290456772,0.000463357224361971,0.0004494418972171843,0.7071372270584106,0.7070758938789368,1
afi_pilot_t0_root00_s8100_mid,0,alphabet_soup_1,8100,0.5265899957280025,178,P4B,hold,178,8.9,3.0,3.3099780082702637,3.0,3.3093791007995605,0.08488359302282333,0.025649401424670593,0.003719031810760498,0.04399549961090088,-1.7832822799682617,-0.003428816795349121,0.04088759422302246,-1.6546895503997803,0.1286306381225586,0.03740320604257045,0.02439957857131958,0.024776902049779892,0.9996890425682068,0.0028146104887127876,0.9996129274368286,-0.024739162996411324,-0.012725287117064,0.0,0.0,4.760890960693359,1.662804126739502,-0.0012302398681640625,0.0,1,1,bilateral,completed,0.4800311028957367,-0.2387201339006424,0.05639447271823883,-0.12022823095321655,-0.2386414110660553,0.028498893603682518,0.00046358720283024013,0.00044927161070518196,0.707137405872345,0.707075834274292,1
afi_pilot_t0_root00_s8100_mid,0,alphabet_soup_1,8100,0.5265899957280025,179,P4B,hold,179,8.950000000000001,3.0,3.3098959922790527,3.0,3.3099889755249023,0.08488692343235016,0.025645681620099257,0.003719031810760498,0.043991804122924805,-1.7831575870513916,-0.0034296512603759766,0.04089462757110596,-1.6549944877624512,0.12820076942443848,0.037276255155863594,0.02439958229660988,0.024776902049779892,0.9996890425682068,0.0028146104887127876,0.9996129274368286,-0.024739162996411324,-0.012725287117064,0.0,0.0,4.7609357833862305,1.6627999544143677,0.000896453857421875,0.0,1,1,bilateral,completed,0.4800311326980591,-0.23872029781341553,0.05639445781707764,-0.12022817879915237,-0.2386414110660553,0.028498884290456772,0.00046336842933669686,0.0004495417233556509,0.7071371078491211,0.7070760130882263,1
afi_pilot_t0_root00_s8100_mid,0,alphabet_soup_1,8100,0.5265899957280025,180,P4B,hold,180,9.0,3.0,3.310133934020996,3.0,3.3094136714935303,0.08487667143344879,0.025647042001595455,0.0037186741828918457,0.043988823890686035,-1.7830256223678589,-0.003428816795349121,0.04088735580444336,-1.6547068357467651,0.12835657596588135,0.03732611493054304,0.024399539455771446,0.024776902049779892,0.9996890425682068,0.0028146104887127876,0.9996129274368286,-0.024739162996411324,-0.012725287117064,0.0,0.0,4.760919570922852,1.6628117561340332,-0.000324249267578125,0.0,1,1,bilateral,completed,0.48003146052360535,-0.23872007429599762,0.05639465153217316,-0.1202281191945076,-0.2386413961648941,0.028498897328972816,0.00046294406638480723,0.00044973797048442066,0.707137405872345,0.7070757150650024,1
afi_pilot_t0_root00_s8100_mid,0,alphabet_soup_1,8100,0.5265899957280025,181,P4B,hold,181,9.05,3.0,3.310159921646118,3.0,3.310235023498535,0.08487845957279205,0.025641218514776437,0.0037190914154052734,0.043981075286865234,-1.7827343940734863,-0.003430664539337158,0.04089689254760742,-1.6551175117492676,0.12765443325042725,0.03712063973057904,0.024399476125836372,0.024776902049779892,0.9996890425682068,0.0028146104887127876,0.9996129274368286,-0.024739162996411324,-0.012725287117064,0.0,0.0,4.7609124183654785,1.662811279296875,-0.0001430511474609375,0.0,1,1,bilateral,completed,0.4800315201282501,-0.2387201189994812,0.056394755840301514,-0.1202281191945076,-0.2386414259672165,0.028498908504843712,0.00046307191951200366,0.0004497803747653961,0.7071369886398315,0.7070761322975159,1
afi_pilot_t0_root00_s8100_mid,0,alphabet_soup_1,8100,0.5265899957280025,182,P4B,hold,182,9.1,3.0,3.3101019859313965,3.0,3.3093957901000977,0.08487977087497711,0.02564811713633376,0.0037186145782470703,0.04399120807647705,-1.7830839157104492,-0.003428936004638672,0.040888071060180664,-1.6546978950500488,0.128423810005188,0.037345128043568813,0.02439953200519085,0.024776902049779892,0.9996890425682068,0.0028146104887127876,0.9996129274368286,-0.024739162996411324,-0.012725287117064,0.0,0.0,4.760940074920654,1.6628057956695557,0.000553131103515625,0.0,1,1,bilateral,completed,0.4800313115119934,-0.23872023820877075,0.056394726037979126,-0.1202281266450882,-0.2386413961648941,0.028498897328972816,0.000463124510133639,0.00044973744661547244,0.7071372866630554,0.707075834274292,1
afi_pilot_t0_root00_s8100_mid,0,alphabet_soup_1,8100,0.5265899957280025,183,P4B,hold,183,9.15,3.0,3.3097546100616455,3.0,3.3106889724731445,0.08488918840885162,0.025640943354892642,0.0037180185317993164,0.04398548603057861,-1.7829153537750244,-0.003429710865020752,0.04090321063995361,-1.6553444862365723,0.12760841846466064,0.03710285525651945,0.024399537593126297,0.024776902049779892,0.9996890425682068,0.0028146104887127876,0.9996129274368286,-0.024739162996411324,-0.012725287117064,0.0,0.0,4.760945796966553,1.6627978086471558,0.00011444091796875,0.0,1,1,bilateral,completed,0.4800313711166382,-0.2387203723192215,0.05639493465423584,-0.12022808194160461,-0.23864148557186127,0.028498930856585503,0.0004629603063222021,0.00044990601600147784,0.7071368098258972,0.7070764303207397,1
afi_pilot_t0_root00_s8100_mid,0,alphabet_soup_1,8100,0.5265899957280025,184,P4B,hold,184,9.200000000000001,3.0,3.309927463531494,3.0,3.310469150543213,0.08487631380558014,0.025638756909017815,0.0037177205085754395,0.04397571086883545,-1.7825353145599365,-0.003430008888244629,0.04090011119842529,-1.6552345752716064,0.12733817100524902,0.037029559516058436,0.02439950406551361,0.024776902049779892,0.9996890425682068,0.0028146104887127876,0.9996129274368286,-0.024739162996411324,-0.012725287117064,0.0,0.0,4.760890960693359,1.6628061532974243,-0.0010967254638671875,0.0,1,1,bilateral,completed,0.4800315797328949,-0.23872010409832,0.05639488995075226,-0.12022808194160461,-0.23864148557186127,0.028498928993940353,0.0004629671748261899,0.0004500354116316885,0.7071366310119629,0.7070766091346741,1
afi_pilot_t0_root00_s8100_mid,0,alphabet_soup_1,8100,0.5265899957280025,185,P4B,hold,185,9.25,3.0,3.3103513717651367,3.0,3.3087844848632812,0.08486868441104889,0.025649505067283238,0.0037187933921813965,0.04398846626281738,-1.783012866973877,-0.0034284591674804688,0.04087972640991211,-1.6543922424316406,0.12865853309631348,0.03741748600241008,0.024399492889642715,0.024776902049779892,0.9996890425682068,0.0028146104887127876,0.9996129274368286,-0.024739162996411324,-0.012725287117064,0.0,0.0,4.7608561515808105,1.6628059148788452,-0.0006961822509765625,0.0,1,1,bilateral,completed,0.4800310730934143,-0.23872007429599762,0.05639450252056122,-0.12022829800844193,-0.2386414110660553,0.02849889174103737,0.00046396214747801423,0.0004489418934099376,0.7071372270584106,0.7070760130882263,1
afi_pilot_t0_root00_s8100_mid,0,alphabet_soup_1,8100,0.5265899957280025,186,P4B,hold,186,9.3,3.0,3.3097641468048096,3.0,3.310415267944336,0.08488942682743073,0.025643135364145538,0.003719031810760498,0.04398989677429199,-1.7831058502197266,-0.0034301280975341797,0.040899038314819336,-1.655207633972168,0.1279357671737671,0.03719745610594605,0.024399565532803535,0.024776902049779892,0.9996890425682068,0.0028146104887127876,0.9996129274368286,-0.024739162996411324,-0.012725287117064,0.0,0.0,4.7608323097229,1.6627975702285767,-0.000476837158203125,0.0,1,1,bilateral,completed,0.4800310730934143,-0.23872004449367523,0.05639439821243286,-0.1202281266450882,-0.2386414259672165,0.028498895466327667,0.0004630856856238097,0.00044983933912590146,0.7071370482444763,0.7070760726928711,1
afi_pilot_t0_root00_s8100_mid,0,alphabet_soup_1,8100,0.5265899957280025,187,P4B,hold,187,9.35,3.0,3.31009840965271,3.0,3.310368061065674,0.08488358557224274,0.02564173650978164,0.0037181973457336426,0.043982863426208496,-1.7827337980270386,-0.003430008888244629,0.040900230407714844,-1.655184030532837,0.1275871992111206,0.037100378824381254,0.024399494752287865,0.024776902049779892,0.9996890425682068,0.0028146104887127876,0.9996129274368286,-0.024739162996411324,-0.012725287117064,0.0,0.0,4.760924339294434,1.6628038883209229,0.0018405914306640625,0.0,1,1,bilateral,completed,0.48003119230270386,-0.23872029781341553,0.0563945472240448,-0.12022816389799118,-0.2386414110660553,0.028498880565166473,0.0004632481141015887,0.0004495354660321027,0.707137405872345,0.707075834274292,1
afi_pilot_t0_root00_s8100_mid,0,alphabet_soup_1,8100,0.5265899957280025,188,P4B,hold,188,9.4,3.0,3.310436725616455,3.0,3.308964729309082,0.08486808836460114,0.02564792776812757,0.003719031810760498,0.04398548603057861,-1.7828738689422607,-0.0034291744232177734,0.040882110595703125,-1.654482364654541,0.12842929363250732,0.03735134770820335,0.02439948543906212,0.024776902049779892,0.9996890425682068,0.0028146104887127876,0.9996129274368286,-0.024739162996411324,-0.012725287117064,0.0,0.0,4.760786056518555,1.6627991199493408,-0.002765655517578125,0.0,1,1,bilateral,completed,0.4800310432910919,-0.23871996998786926,0.05639442801475525,-0.1202281042933464,-0.23864135146141052,0.028498880565166473,0.0004631054471246898,0.0004498130874708295,0.7071373462677002,0.7070757746696472,1
afi_pilot_t0_root00_s8100_mid,0,alphabet_soup_1,8100,0.5265899957280025,189,P4B,hold,189,9.450000000000001,3.0,3.3095431327819824,3.0,3.3105106353759766,0.08490313589572906,0.025646537723956465,0.0037199854850769043,0.04400014877319336,-1.7834250926971436,-0.003430604934692383,0.04090249538421631,-1.6552553176879883,0.12820756435394287,0.03727250244640403,0.024399619549512863,0.024776902049779892,0.9996890425682068,0.0028146104887127876,0.9996129274368286,-0.024739162996411324,-0.012725287117064,0.0,0.0,4.760919570922852,1.6627962589263916,0.0026702880859375,0.0,1,1,bilateral,completed,0.4800310432910919,-0.23872028291225433,0.05639450252056122,-0.12022817134857178,-0.2386414259672165,0.028498899191617966,0.0004632633936125785,0.0004494651220738888,0.7071371674537659,0.7070760726928711,1
afi_pilot_t0_root00_s8100_mid,0,alphabet_soup_1,8100,0.5265899957280025,190,P4B,hold,190,9.5,3.0,3.309762716293335,3.0,3.3109254837036133,0.08488798886537552,0.025638749432203924,0.0037176012992858887,0.04398083686828613,-1.7827175855636597,-0.0034302473068237305,0.040906667709350586,-1.6554627418518066,0.12729227542877197,0.037011791864237586,0.02439955249428749,0.024776902049779892,0.9996890425682068,0.0028146104887127876,0.9996129274368286,-0.024739162996411324,-0.012725287117064,0.0,0.0,4.760950088500977,1.6628036499023438,0.0006103515625,0.0,1,1,bilateral,completed,0.480031281709671,-0.23872028291225433,0.056394726037979126,-0.12022822350263596,-0.23864144086837769,0.028498893603682518,0.00046364497393369675,0.0004492893349379301,0.7071369886398315,0.7070762515068054,1
afi_pilot_t0_root00_s8100_mid,0,alphabet_soup_1,8100,0.5265899957280025,191,P4B,probe_out,191,9.55,3.0,3.3233354091644287,3.0,3.293506622314453,0.08329305797815323,0.02529008364939024,0.003599107265472412,0.04259598255157471,-1.7263092994689941,-0.003411591053009033,0.04069685935974121,-1.6467533111572266,0.07957875728607178,0.023585192305762708,0.024390574544668198,0.02481141872704029,0.9996883869171143,0.0027443417347967625,0.9996164441108704,-0.02477581985294819,-0.012376680970191956,0.2,0.2,4.765140533447266,1.6629576683044434,0.08380889892578125,0.0,1,1,bilateral,completed,0.48009541630744934,-0.23873156309127808,0.05638745427131653,-0.1201876625418663,-0.23864342272281647,0.028497859835624695,0.000503484858199954,0.0006630750140175223,0.7071083784103394,0.7071045637130737,1
afi_pilot_t0_root00_s8100_mid,0,alphabet_soup_1,8100,0.5265899957280025,192,P4B,probe_out,192,9.600000000000001,3.0,3.3170762062072754,3.0,3.2806525230407715,0.08236788958311081,0.02510716663975301,0.0035358667373657227,0.04183769226074219,-1.6958855390548706,-0.0033982396125793457,0.04053008556365967,-1.6403262615203857,0.055574774742126465,0.01665293790695116,0.024375079199671745,0.02481141872704029,0.9996883869171143,0.0027443417347967625,0.9996164441108704,-0.02477581985294819,-0.012376680970191956,0.2,0.4,4.772762775421143,1.664267659187317,0.15244483947753906,0.007622241973876953,1,1,bilateral,completed,0.48020875453948975,-0.2387441247701645,0.05638106167316437,-0.12010595202445984,-0.23864997923374176,0.028496887534856796,0.0008927261806093156,0.001089249039068818,0.7071142792701721,0.7070977687835693,1
afi_pilot_t0_root00_s8100_mid,0,alphabet_soup_1,8100,0.5265899957280025,193,P4B,probe_out,193,9.65,3.0,3.3040552139282227,3.0,3.282058000564575,0.081774041056633,0.02491547713128968,0.00348740816116333,0.041222453117370605,-1.6708176136016846,-0.003403306007385254,0.04055154323577881,-1.6410290002822876,0.029796123504638672,0.008994070235272654,0.02435886859893799,0.02481141872704029,0.9996883869171143,0.0027443417347967625,0.9996164441108704,-0.02477581985294819,-0.012376680970191956,0.2,0.6000000000000001,4.814258575439453,1.6993062496185303,0.8299160003662109,0.0491180419921875,1,1,bilateral,completed,0.4803541898727417,-0.23875509202480316,0.056374698877334595,-0.12000972032546997,-0.23865465819835663,0.028500815853476524,0.0012473706156015396,0.0015041969018056989,0.7070872783660889,0.7071235179901123,1
afi_pilot_t0_root00_s8100_mid,0,alphabet_soup_1,8100,0.5265899957280025,194,P4B,probe_out,194,9.700000000000001,3.0,3.2779970169067383,3.0,3.215426445007324,0.08079409599304199,0.025127023545661594,0.0034731626510620117,0.04107236862182617,-1.6649831533432007,-0.0033320188522338867,0.03972160816192627,-1.607713222503662,0.05728602409362793,0.017498859324173697,0.024343745782971382,0.02481141872704029,0.9996883869171143,0.0027443417347967625,0.9996164441108704,-0.02477581985294819,-0.012376680970191956,0.2,0.8,4.863654136657715,1.7424867153167725,0.9879112243652344,0.09851360321044922,1,1,bilateral,completed,0.48052266240119934,-0.23876149952411652,0.05636894702911377,-0.11989062279462814,-0.23866206407546997,0.028496988117694855,0.0018401223933324218,0.0020654676482081413,0.7071066498756409,0.7071014046669006,1
afi_pilot_t0_root00_s8100_mid,0,alphabet_soup_1,8100,0.5265899957280025,195,P4B,probe_out,195,9.75,3.0,3.24294114112854,3.0,3.1893277168273926,0.08016753941774368,0.025136187477620187,0.0034445524215698242,0.04076802730560303,-1.6526696681976318,-0.0033025145530700684,0.03939938545227051,-1.5946638584136963,0.058022141456604004,0.017862144357173454,0.024325884878635406,0.02481141872704029,0.9996883869171143,0.0027443417347967625,0.9996164441108704,-0.02477581985294819,-0.012376680970191956,0.2,1.0,4.875738620758057,1.743321418762207,0.24168968200683594,0.11059808731079102,1,1,bilateral,completed,0.480705201625824,-0.23877105116844177,0.05636774003505707,-0.11976750195026398,-0.2386702299118042,0.028495870530605316,0.002427798928692937,0.002668614499270916,0.7070996761322021,0.7071046233177185,1
afi_pilot_t0_root00_s8100_mid,0,alphabet_soup_1,8100,0.5265899957280025,196,P4B,probe_out,196,9.8,3.0,3.2123594284057617,3.0,3.1487598419189453,0.07932093739509583,0.02519116775408167,0.003415346145629883,0.04042232036590576,-1.6386573314666748,-0.0032606124877929688,0.038898468017578125,-1.5743799209594727,0.06429564952850342,0.02000472531246778,0.02430727891623974,0.02481141872704029,0.9996883869171143,0.0027443417347967625,0.9996164441108704,-0.02477581985294819,-0.012376680970191956,0.2,1.2000000000000002,4.932004451751709,1.7918322086334229,1.1253166198730469,0.16686391830444336,1,1,bilateral,completed,0.4808937609195709,-0.23878049850463867,0.05636608600616455,-0.11963411420583725,-0.23867978155612946,0.02849673293530941,0.0030502830632030964,0.0033173873089253902,0.7070996165275574,0.7070995569229126,1
afi_pilot_t0_root00_s8100_mid,0,alphabet_soup_1,8100,0.5265899957280025,197,P4B,probe_out,197,9.850000000000001,3.0,3.1783368587493896,3.0,3.1217925548553467,0.07862212508916855,0.02518492939797905,0.0033843517303466797,0.04005765914916992,-1.6238996982574463,-0.0032326579093933105,0.038564324378967285,-1.5608962774276733,0.06302118301391602,0.01978206870311787,0.024287881329655647,0.02481141872704029,0.9996883869171143,0.0027443417347967625,0.9996164441108704,-0.02477581985294819,-0.012376680970191956,0.2,1.4000000000000001,4.996851921081543,1.8465367555618286,1.2969493865966797,0.23171138763427734,1,1,bilateral,completed,0.4810866713523865,-0.23878982663154602,0.056364864110946655,-0.11949944496154785,-0.23868797719478607,0.02849655970931053,0.0036809337325394154,0.003956349566578865,0.7070959806442261,0.7070968747138977,1
afi_pilot_t0_root00_s8100_mid,0,alphabet_soup_1,8100,0.5265899957280025,198,P4B,probe_out,198,9.9,3.0,3.140989303588867,3.0,3.089944362640381,0.07804638892412186,0.0252581858326506,0.0033720731735229492,0.03987467288970947,-1.6164824962615967,-0.0032026171684265137,0.03817152976989746,-1.5449721813201904,0.07153081893920898,0.02261897860032112,0.024269429966807365,0.02481141872704029,0.9996883869171143,0.0027443417347967625,0.9996164441108704,-0.02477581985294819,-0.012376680970191956,0.2,1.6000000000000003,5.011352062225342,1.845947504043579,0.29000282287597656,0.24621152877807617,1,1,bilateral,completed,0.48128002882003784,-0.2387969046831131,0.05635996162891388,-0.11936045438051224,-0.23869569599628448,0.028500784188508987,0.004332166165113449,0.004555335734039545,0.7070682048797607,0.7071173191070557,1
afi_pilot_t0_root00_s8100_mid,0,alphabet_soup_1,8100,0.5265899957280025,199,P4B,probe_out,199,9.950000000000001,3.0,3.114880323410034,3.0,3.069681167602539,0.07733407616615295,0.025192869208156842,0.0033321380615234375,0.03941917419433594,-1.5982768535614014,-0.003179788589477539,0.03791475296020508,-1.5348405838012695,0.063454270362854,0.020246547847827943,0.02425018511712551,0.02481141872704029,0.9996883869171143,0.0027443417347967625,0.9996164441108704,-0.02477581985294819,-0.012376680970191956,0.2,1.8000000000000005,5.082539081573486,1.8993816375732422,1.4237403869628906,0.3173985481262207,1,1,bilateral,completed,0.4814777970314026,-0.23880033195018768,0.05635593831539154,-0.1192176342010498,-0.23869770765304565,0.028498487547039986,0.004913304932415485,0.005187115631997585,0.7070930600166321,0.7070843577384949,1
afi_pilot_t0_root00_s8100_mid,0,alphabet_soup_1,8100,0.5265899957280025,200,P4B,probe_out,200,10.0,3.0,3.094822883605957,3.0,3.038376808166504,0.04932864010334015,0.01623519504584006,0.003967642784118652,0.017200231552124023,-1.6053870916366577,-0.0033025145530700684,0.03212392330169678,-1.519188404083252,0.0859525203704834,0.027504668021538586,0.024240171536803246,0.02481141872704029,0.9996883869171143,0.0027443417347967625,0.9996164441108704,-0.02477581985294819,-0.012376680970191956,0.19999999999999965,2.0,5.157320976257324,1.9618778228759766,1.4956378936767578,0.3921804428100586,1,1,bilateral,completed,0.4816747307777405,-0.23880890011787415,0.05635356903076172,-0.11907658725976944,-0.23870053887367249,0.028496677055954933,0.005527543369680643,0.005802477244287729,0.7070869207382202,0.707081139087677,1
afi_pilot_t0_root00_s8100_mid,0,alphabet_soup_1,8100,0.5265899957280025,201,P4B,probe_back,201,10.05,3.0,3.072002649307251,3.0,3.0276641845703125,0.04934174194931984,0.016296966552888176,0.003993570804595947,0.01732945442199707,-1.6177401542663574,-0.0032861828804016113,0.03200721740722656,-1.5138320922851562,0.10366392135620117,0.033098188954380166,0.024234138429164886,0.02481141872704029,0.9996883869171143,0.0027443417347967625,0.9996164441108704,-0.02477581985294819,-0.012376680970191956,0.0,1.7998875118792057,5.165227890014648,1.9616069793701172,0.15813827514648438,0.4000873565673828,1,1,bilateral,normalized_shear_impulse,0.48173001408576965,-0.23880162835121155,0.05635915696620941,-0.11904329061508179,-0.2386937290430069,0.028498459607362747,0.005755013320595026,0.0059000239707529545,0.7070878148078918,0.7070775628089905,1
afi_pilot_t0_root00_s8100_mid,0,alphabet_soup_1,8100,0.5265899957280025,202,P4B,probe_back,202,10.100000000000001,3.0,3.061450481414795,3.0,3.038421392440796,0.05011647567152977,0.016494247899982918,0.004150450229644775,0.017992615699768066,-1.680119276046753,-0.0033003687858581543,0.03211665153503418,-1.519210696220398,0.1606670618057251,0.050211998873988826,0.024240892380475998,0.02481141872704029,0.9996883869171143,0.0027443417347967625,0.9996164441108704,-0.02477581985294819,-0.012376680970191956,0.0,1.599926850758493,5.161989212036133,1.9618443250656128,-0.0647735595703125,0.3968486785888672,1,1,bilateral,normalized_shear_impulse,0.48169395327568054,-0.23878777027130127,0.056366607546806335,-0.11906644701957703,-0.23869092762470245,0.028498563915491104,0.0058561060577631,0.00578272482380271,0.707118570804596,0.7070469856262207,1
afi_pilot_t0_root00_s8100_mid,0,alphabet_soup_1,8100,0.5265899957280025,203,P4B,probe_back,203,10.15,3.0,3.0501322746276855,3.0,3.036137580871582,0.04960543289780617,0.016338334998496993,0.004044055938720703,0.01750969886779785,-1.635245442390442,-0.0033020973205566406,0.032090187072753906,-1.518068790435791,0.11693274974822998,0.03707730153366279,0.024231161922216415,0.02481141872704029,0.9996883869171143,0.0027443417347967625,0.9996164441108704,-0.02477581985294819,-0.012376680970191956,0.0,1.3999062357470393,5.155032157897949,1.9673709869384766,-0.13914108276367188,0.3898916244506836,1,1,bilateral,normalized_shear_impulse,0.4816039204597473,-0.23876085877418518,0.05637417733669281,-0.11912910640239716,-0.23865698277950287,0.028501473367214203,0.006288594100624323,0.006096081808209419,0.7071535587310791,0.7070056796073914,1
afi_pilot_t0_root00_s8100_mid,0,alphabet_soup_1,8100,0.5265899957280025,204,P4B,probe_back,204,10.200000000000001,3.0,3.0276906490325928,3.0,3.094332695007324,0.04989161714911461,0.016123546517675443,0.003966629505157471,0.01717662811279297,-1.6035840511322021,-0.003367185592651367,0.03271138668060303,-1.547166347503662,0.05616497993469238,0.0178233810698084,0.02421434596180916,0.02481141872704029,0.9996883869171143,0.0027443417347967625,0.9996164441108704,-0.02477581985294819,-0.012376680970191956,0.0,1.1999454582110047,5.1580915451049805,1.9665172100067139,0.061187744140625,0.39295101165771484,1,1,bilateral,normalized_shear_impulse,0.48147571086883545,-0.23873600363731384,0.0563834011554718,-0.1192607656121254,-0.23862186074256897,0.02849964238703251,0.006361265201121569,0.006385636515915394,0.7070960998535156,0.7070598602294922,1
afi_pilot_t0_root00_s8100_mid,0,alphabet_soup_1,8100,0.5265899957280025,205,P4B,probe_back,205,10.25,3.0,3.055992603302002,3.0,2.990131378173828,0.04886532574892044,0.016342200247657382,0.003979682922363281,0.01723778247833252,-1.608062505722046,-0.0032550692558288574,0.03162217140197754,-1.495065689086914,0.11275613307952881,0.036331185113212525,0.024208955466747284,0.02481141872704029,0.9996883869171143,0.0027443417347967625,0.9996164441108704,-0.02477581985294819,-0.012376680970191956,0.0,0.9999542962759733,5.155215263366699,1.9676785469055176,-0.057525634765625,0.3900747299194336,1,1,bilateral,normalized_shear_impulse,0.48131391406059265,-0.23871490359306335,0.056385695934295654,-0.11938881129026413,-0.23859919607639313,0.028505103662610054,0.006691231857985258,0.006339691579341888,0.707157552242279,0.7069957852363586,1
afi_pilot_t0_root00_s8100_mid,0,alphabet_soup_1,8100,0.5265899957280025,206,P4B,probe_back,206,10.3,3.0,3.0246543884277344,3.0,3.0925464630126953,0.0492713488638401,0.015932290574493413,0.003828763961791992,0.01657092571258545,-1.546419382095337,-0.0033684372901916504,0.03269827365875244,-1.5462732315063477,0.00010967254638671875,3.5456753513359605e-05,0.02419264428317547,0.02481141872704029,0.9996883869171143,0.0027443417347967625,0.9996164441108704,-0.02477581985294819,-0.012376680970191956,0.0,0.799963774625212,5.159815311431885,1.9668391942977905,0.09200096130371094,0.39467477798461914,1,1,bilateral,normalized_shear_impulse,0.48114168643951416,-0.2387004941701889,0.05639219284057617,-0.11957484483718872,-0.23857523500919342,0.028499267995357513,0.006815405562520027,0.006832609884440899,0.7070897221565247,0.7070579528808594,1
afi_pilot_t0_root00_s8100_mid,0,alphabet_soup_1,8100,0.5265899957280025,207,P4B,probe_back,207,10.350000000000001,3.0,3.0379273891448975,3.0,2.9772183895111084,0.048362232744693756,0.0162440998332794,0.0038906335830688477,0.016867637634277344,-1.5730658769607544,-0.003239154815673828,0.031490206718444824,-1.4886091947555542,0.08421540260314941,0.02750243763200839,0.02418629452586174,0.02481141872704029,0.9996883869171143,0.0027443417347967625,0.9996164441108704,-0.02477581985294819,-0.012376680970191956,0.0,0.5999428103677928,5.099575042724609,1.903141736984253,-1.2048053741455078,0.33443450927734375,1,1,bilateral,normalized_shear_impulse,0.4809570908546448,-0.23868855834007263,0.056396931409835815,-0.11971673369407654,-0.23856121301651,0.0285053588449955,0.007183772046118975,0.006783919408917427,0.7071393132209778,0.7070050835609436,1
afi_pilot_t0_root00_s8100_mid,0,alphabet_soup_1,8100,0.5265899957280025,208,P4B,probe_back,208,10.4,3.0,3.032240867614746,3.0,3.027365207672119,0.04874986410140991,0.01610306677828802,0.0038595199584960938,0.016727447509765625,-1.5601513385772705,-0.00329434871673584,0.03201913833618164,-1.5136826038360596,0.04622089862823486,0.015034752225496505,0.02417692355811596,0.02481141872704029,0.9996883869171143,0.0027443417347967625,0.9996164441108704,-0.02477581985294819,-0.012376680970191956,0.0,0.39998171268962324,5.0978922843933105,1.9029829502105713,-0.03365516662597656,0.3327517509460449,1,1,bilateral,normalized_shear_impulse,0.4807649850845337,-0.238676518201828,0.05639833211898804,-0.11989427357912064,-0.23854127526283264,0.028505805879831314,0.007315211463719606,0.0068646627478301525,0.7071458101272583,0.706996500492096,1
afi_pilot_t0_root00_s8100_mid,0,alphabet_soup_1,8100,0.5265899957280025,209,P4B,probe_back,209,10.450000000000001,3.0,3.0321741104125977,3.0,3.061494827270508,0.04880574718117714,0.01594180292138209,0.0037924647331237793,0.01643073558807373,-1.533052682876587,-0.003331422805786133,0.03237283229827881,-1.530747413635254,0.0020521879196166992,0.000669721983874075,0.02417227067053318,0.02481141872704029,0.9996883869171143,0.0027443417347967625,0.9996164441108704,-0.02477581985294819,-0.012376680970191956,0.0,0.1999607338802889,5.096297264099121,1.9024336338043213,-0.03190040588378906,0.33115673065185547,1,1,bilateral,normalized_shear_impulse,0.4805700182914734,-0.23866534233093262,0.05639904737472534,-0.12009162455797195,-0.23853203654289246,0.028506498783826828,0.007333870977163315,0.007131404709070921,0.7070747017860413,0.7070648074150085,1
afi_pilot_t0_root00_s8100_mid,0,alphabet_soup_1,8100,0.5265899957280025,210,P4B,probe_back,210,10.5,3.0,3.0319151878356934,3.0,3.047576427459717,0.048653971403837204,0.015964807630564442,0.0037881135940551758,0.01641559600830078,-1.53074312210083,-0.003317534923553467,0.03223609924316406,-1.5237882137298584,0.006703019142150879,0.002194137011796808,0.024166971445083618,0.02481141872704029,0.9996883869171143,0.0027443417347967625,0.9996164441108704,-0.02477581985294819,-0.012376680970191956,0.0,0.0,5.093928337097168,1.9022955894470215,-0.0473785400390625,0.32878780364990234,1,1,bilateral,normalized_shear_impulse,0.48036932945251465,-0.23865865170955658,0.05639787018299103,-0.12027629464864731,-0.23851919174194336,0.02850397303700447,0.007420136593282223,0.007069445680826902,0.7070796489715576,0.7070595622062683,1
afi_pilot_t0_root00_s8100_mid,0,alphabet_soup_1,8100,0.5265899957280025,211,P4B,probe_hold,211,10.55,3.0,3.035191297531128,3.0,3.071180820465088,0.04911356419324875,0.01599175270501044,0.0037983059883117676,0.016459345817565918,-1.535590410232544,-0.003359556198120117,0.03265225887298584,-1.5438807010650635,0.008546233177185059,0.0027748292859347957,0.024166474118828773,0.02481141872704029,0.9996883869171143,0.0027443417347967625,0.9996164441108704,-0.02477581985294819,-0.012376680970191956,0.0,0.0,5.097423076629639,1.9023720026016235,0.06989479064941406,0.33228254318237305,1,1,bilateral,normalized_shear_impulse,0.48024702072143555,-0.2386571764945984,0.0563979297876358,-0.12041784822940826,-0.23851758241653442,0.028499940410256386,0.007244201377034187,0.007269440218806267,0.7070709466934204,0.7070682048797607,1
afi_pilot_t0_root00_s8100_mid,0,alphabet_soup_1,8100,0.5265899957280025,212,P4B,probe_hold,212,10.600000000000001,3.0,3.042860984802246,3.0,3.0426933765411377,0.04862488806247711,0.01598087025047287,0.003795921802520752,0.016442298889160156,-1.5336471796035767,-0.0033130645751953125,0.032180190086364746,-1.5213466882705688,0.012049436569213867,0.003943613174925022,0.02416607365012169,0.02481141872704029,0.9996883869171143,0.0027443417347967625,0.9996164441108704,-0.02477581985294819,-0.012376680970191956,0.0,0.0,5.095907688140869,1.9023571014404297,-0.030307769775390625,0.3307671546936035,1,1,bilateral,normalized_shear_impulse,0.4801686406135559,-0.2386583685874939,0.05639560520648956,-0.12048833072185516,-0.23851755261421204,0.028499677777290344,0.0073366593569517136,0.007173382211476564,0.7070732116699219,0.7070658206939697,1
afi_pilot_t0_root00_s8100_mid,0,alphabet_soup_1,8100,0.5265899957280025,213,P4B,probe_hold,213,10.65,3.0,3.0400471687316895,3.0,3.0244688987731934,0.048545051366090775,0.01605076890880973,0.0038202404975891113,0.016560912132263184,-1.545250415802002,-0.0032886266708374023,0.03198122978210449,-1.5122344493865967,0.03276777267456055,0.01071570639472827,0.024167651310563087,0.02481141872704029,0.9996883869171143,0.0027443417347967625,0.9996164441108704,-0.02477581985294819,-0.012376680970191956,0.0,0.0,5.0951361656188965,1.9023364782333374,-0.015430450439453125,0.32999563217163086,1,1,bilateral,normalized_shear_impulse,0.48012834787368774,-0.23865631222724915,0.05639779567718506,-0.1205262541770935,-0.2385181337594986,0.02849610708653927,0.0072710877284407616,0.0071467687375843525,0.7070732116699219,0.7070667743682861,1
afi_pilot_t0_root00_s8100_mid,0,alphabet_soup_1,8100,0.5265899957280025,214,P4B,probe_hold,214,10.700000000000001,3.0,3.0385401248931885,3.0,3.03123140335083,0.04864589124917984,0.016048227527401884,0.003828287124633789,0.016590595245361328,-1.5481634140014648,-0.003296971321105957,0.03205239772796631,-1.515615701675415,0.032298922538757324,0.010540683537901923,0.02417095936834812,0.02481141872704029,0.9996883869171143,0.0027443417347967625,0.9996164441108704,-0.02477581985294819,-0.012376680970191956,0.0,0.0,5.094966888427734,1.9024659395217896,-0.0033855438232421875,0.32982635498046875,1,1,bilateral,normalized_shear_impulse,0.48010125756263733,-0.23865483701229095,0.056396856904029846,-0.12055303156375885,-0.238520085811615,0.02849689871072769,0.007329643703997135,0.007144899573177099,0.7070842385292053,0.7070551514625549,1
afi_pilot_t0_root00_s8100_mid,0,alphabet_soup_1,8100,0.5265899957280025,215,P4B,probe_hold,215,10.75,3.0,3.0361549854278564,3.0,3.028127908706665,0.04851141199469566,0.01602026514640038,0.0038045644760131836,0.016480565071105957,-1.537006139755249,-0.0032976269721984863,0.0320281982421875,-1.5140639543533325,0.02269303798675537,0.007436669374703003,0.02417040430009365,0.02481141872704029,0.9996883869171143,0.0027443417347967625,0.9996164441108704,-0.02477581985294819,-0.012376680970191956,0.0,0.0,5.095691204071045,1.9024158716201782,0.014486312866210938,0.3305506706237793,1,1,bilateral,normalized_shear_impulse,0.4800850450992584,-0.23865468800067902,0.056397005915641785,-0.1205718070268631,-0.23852024972438812,0.028497781604528427,0.007353463675826788,0.0072248452343046665,0.7070791721343994,0.7070591449737549,1
