trial_id,task_id,object_id,seed_idx,friction,timestamp,probe_variant,probe_phase,step,t_s,force_target,measured_squeeze,target_normal_force,measured_fn,measured_ft,ft_over_fn,left_fx,left_fy,left_fz,right_fx,right_fy,right_fz,force_imbalance,force_imbalance_ratio,gripper_opening,contact_normal_x,contact_normal_y,contact_normal_z,contact_tangent_x,contact_tangent_y,contact_tangent_z,commanded_tangent_increment_mm,accumulated_displacement_mm,marker_motion,marker_tangential,marker_velocity,marker_loading_unloading,contact_left,contact_right,contact_state,stop_trigger,eef_x,eef_y,eef_z,object_x_priv,object_y_priv,object_z_priv,object_qw_priv,object_qx_priv,object_qy_priv,object_qz_priv,tactile_ok
afi_pilot_t0_root00_s8100_low,0,alphabet_soup_1,8100,0.28402085651781045,1,P4B,approach,1,0.05,0.0,0.0,3.0,0.0,0.0,0.0,0.0,0.0,0.0,0.0,0.0,0.0,0.0,0.0,0.03999229520559311,0.024776902049779892,0.9996890425682068,0.0028146104887127876,0.9996129274368286,-0.024739162996411324,-0.012725287117064,0.0,0.0,0.0,0.0,0.0,0.0,0,0,none,completed,0.472784161567688,-0.006488933693617582,0.2848396599292755,-0.12016040086746216,-0.23872940242290497,0.028500989079475403,-0.0002244950010208413,0.0002393638715147972,0.7071488499641418,0.7070646286010742,1
afi_pilot_t0_root00_s8100_low,0,alphabet_soup_1,8100,0.28402085651781045,2,P4B,approach,2,0.1,0.0,0.0,3.0,0.0,0.0,0.0,0.0,0.0,0.0,0.0,0.0,0.0,0.0,0.0,0.03999069705605507,0.024776902049779892,0.9996890425682068,0.0028146104887127876,0.9996129274368286,-0.024739162996411324,-0.012725287117064,0.0,0.0,0.0,0.0,0.0,0.0,0,0,none,completed,0.47287818789482117,-0.009324637241661549,0.2827742397785187,-0.12022102624177933,-0.23874913156032562,0.02849993109703064,1.0523103810555767e-05,1.1446806638559792e-05,0.7071138024330139,0.7070996761322021,1
afi_pilot_t0_root00_s8100_low,0,alphabet_soup_1,8100,0.28402085651781045,3,P4B,approach,3,0.15000000000000002,0.0,0.0,3.0,0.0,0.0,0.0,0.0,0.0,0.0,0.0,0.0,0.0,0.0,0.0,0.03999314457178116,0.024776902049779892,0.9996890425682068,0.0028146104887127876,0.9996129274368286,-0.024739162996411324,-0.012725287117064,0.0,0.0,0.0,0.0,0.0,0.0,0,0,none,completed,0.4729875922203064,-0.013406006619334221,0.2802143096923828,-0.12022051215171814,-0.23874986171722412,0.02849988453090191,7.773864126647823e-06,1.4094697689870372e-05,0.7071096897125244,0.7071037888526917,1
afi_pilot_t0_root00_s8100_low,0,alphabet_soup_1,8100,0.28402085651781045,4,P4B,approach,4,0.2,0.0,0.0,3.0,0.0,0.0,0.0,0.0,0.0,0.0,0.0,0.0,0.0,0.0,0.0,0.03999640420079231,0.024776902049779892,0.9996890425682068,0.0028146104887127876,0.9996129274368286,-0.024739162996411324,-0.012725287117064,0.0,0.0,0.0,0.0,0.0,0.0,0,0,none,completed,0.47311094403266907,-0.018185144290328026,0.277361661195755,-0.12022105604410172,-0.23874923586845398,0.028499944135546684,1.0625876711856108e-05,1.124886784964474e-05,0.70711350440979,0.707099974155426,1
afi_pilot_t0_root00_s8100_low,0,alphabet_soup_1,8100,0.28402085651781045,5,P4B,approach,5,0.25,0.0,0.0,3.0,0.0,0.0,0.0,0.0,0.0,0.0,0.0,0.0,0.0,0.0,0.0,0.039998989552259445,0.024776902049779892,0.9996890425682068,0.0028146104887127876,0.9996129274368286,-0.024739162996411324,-0.012725287117064,0.0,0.0,0.0,0.0,0.0,0.0,0,0,none,completed,0.4732447862625122,-0.023284735158085823,0.27433499693870544,-0.12022051215171814,-0.23874984681606293,0.028499888256192207,7.812604962964542e-06,1.41320579132298e-05,0.7071096897125244,0.7071037888526917,1
afi_pilot_t0_root00_s8100_low,0,alphabet_soup_1,8100,0.28402085651781045,6,P4B,approach,6,0.30000000000000004,0.0,0.0,3.0,0.0,0.0,0.0,0.0,0.0,0.0,0.0,0.0,0.0,0.0,0.0,0.03999999910593033,0.024776902049779892,0.9996890425682068,0.0028146104887127876,0.9996129274368286,-0.024739162996411324,-0.012725287117064,0.0,0.0,0.0,0.0,0.0,0.0,0,0,none,completed,0.4733869731426239,-0.02849937230348587,0.2712046504020691,-0.12022105604410172,-0.23874922096729279,0.028499949723482132,1.0657157872628886e-05,1.1209241165488493e-05,0.7071133255958557,0.7071001529693604,1
afi_pilot_t0_root00_s8100_low,0,alphabet_soup_1,8100,0.28402085651781045,7,P4B,approach,7,0.35000000000000003,0.0,0.0,3.0,0.0,0.0,0.0,0.0,0.0,0.0,0.0,0.0,0.0,0.0,0.0,0.03999999910593033,0.024776902049779892,0.9996890425682068,0.0028146104887127876,0.9996129274368286,-0.024739162996411324,-0.012725287117064,0.0,0.0,0.0,0.0,0.0,0.0,0,0,none,completed,0.4735364317893982,-0.03373626619577408,0.2680130898952484,-0.12022050470113754,-0.23874986171722412,0.028499886393547058,7.696615284658037e-06,1.4156820725474972e-05,0.7071098685264587,0.7071036100387573,1
afi_pilot_t0_root00_s8100_low,0,alphabet_soup_1,8100,0.28402085651781045,8,P4B,approach,8,0.4,0.0,0.0,3.0,0.0,0.0,0.0,0.0,0.0,0.0,0.0,0.0,0.0,0.0,0.0,0.03999999910593033,0.024776902049779892,0.9996890425682068,0.0028146104887127876,0.9996129274368286,-0.024739162996411324,-0.012725287117064,0.0,0.0,0.0,0.0,0.0,0.0,0,0,none,completed,0.47369009256362915,-0.038962796330451965,0.264784038066864,-0.12022106349468231,-0.23874922096729279,0.028499949723482132,1.0740427569544408e-05,1.1286408152955119e-05,0.7071133255958557,0.7071001529693604,1
afi_pilot_t0_root00_s8100_low,0,alphabet_soup_1,8100,0.28402085651781045,9,P4B,approach,9,0.45,0.0,0.0,3.0,0.0,0.0,0.0,0.0,0.0,0.0,0.0,0.0,0.0,0.0,0.0,0.03999999910593033,0.024776902049779892,0.9996890425682068,0.0028146104887127876,0.9996129274368286,-0.024739162996411324,-0.012725287117064,0.0,0.0,0.0,0.0,0.0,0.0,0,0,none,completed,0.4738476276397705,-0.0441724918782711,0.2615336775779724,-0.12022050470113754,-0.23874986171722412,0.028499886393547058,7.677088433410972e-06,1.4168163943395484e-05,0.7071098685264587,0.7071036100387573,1
afi_pilot_t0_root00_s8100_low,0,alphabet_soup_1,8100,0.28402085651781045,10,P4B,approach,10,0.5,0.0,0.0,3.0,0.0,0.0,0.0,0.0,0.0,0.0,0.0,0.0,0.0,0.0,0.0,0.03999999910593033,0.024776902049779892,0.9996890425682068,0.0028146104887127876,0.9996129274368286,-0.024739162996411324,-0.012725287117064,0.0,0.0,0.0,0.0,0.0,0.0,0,0,none,completed,0.47400718927383423,-0.049369387328624725,0.25827062129974365,-0.12022106349468231,-0.23874922096729279,0.028499949723482132,1.0748045497166459e-05,1.127067571360385e-05,0.7071133255958557,0.7071001529693604,1
afi_pilot_t0_root00_s8100_low,0,alphabet_soup_1,8100,0.28402085651781045,11,P4B,approach,11,0.55,0.0,0.0,3.0,0.0,0.0,0.0,0.0,0.0,0.0,0.0,0.0,0.0,0.0,0.0,0.03999999910593033,0.024776902049779892,0.9996890425682068,0.0028146104887127876,0.9996129274368286,-0.024739162996411324,-0.012725287117064,0.0,0.0,0.0,0.0,0.0,0.0,0,0,none,completed,0.47416794300079346,-0.054558079689741135,0.2549991011619568,-0.12022050470113754,-0.23874986171722412,0.028499886393547058,7.69612415751908e-06,1.4183245184540283e-05,0.7071098685264587,0.7071036100387573,1
afi_pilot_t0_root00_s8100_low,0,alphabet_soup_1,8100,0.28402085651781045,12,P4B,approach,12,0.6000000000000001,0.0,0.0,3.0,0.0,0.0,0.0,0.0,0.0,0.0,0.0,0.0,0.0,0.0,0.0,0.03999999910593033,0.024776902049779892,0.9996890425682068,0.0028146104887127876,0.9996129274368286,-0.024739162996411324,-0.012725287117064,0.0,0.0,0.0,0.0,0.0,0.0,0,0,none,completed,0.47432947158813477,-0.059743139892816544,0.25172412395477295,-0.12022106349468231,-0.23874922096729279,0.028499944135546684,1.0613366612233222e-05,1.1270902177784592e-05,0.7071134448051453,0.7071000337600708,1
afi_pilot_t0_root00_s8100_low,0,alphabet_soup_1,8100,0.28402085651781045,13,P4B,approach,13,0.65,0.0,0.0,3.0,0.0,0.0,0.0,0.0,0.0,0.0,0.0,0.0,0.0,0.0,0.0,0.03999999910593033,0.024776902049779892,0.9996890425682068,0.0028146104887127876,0.9996129274368286,-0.024739162996411324,-0.012725287117064,0.0,0.0,0.0,0.0,0.0,0.0,0,0,none,completed,0.47449102997779846,-0.0649268701672554,0.24844613671302795,-0.12022050470113754,-0.23874986171722412,0.028499886393547058,7.781287422403693e-06,1.4215701412467752e-05,0.7071098685264587,0.7071036100387573,1
afi_pilot_t0_root00_s8100_low,0,alphabet_soup_1,8100,0.28402085651781045,14,P4B,approach,14,0.7000000000000001,0.0,0.0,3.0,0.0,0.0,0.0,0.0,0.0,0.0,0.0,0.0,0.0,0.0,0.0,0.03999999910593033,0.024776902049779892,0.9996890425682068,0.0028146104887127876,0.9996129274368286,-0.024739162996411324,-0.012725287117064,0.0,0.0,0.0,0.0,0.0,0.0,0,0,none,completed,0.4746527373790741,-0.07011040300130844,0.2451665699481964,-0.12022105604410172,-0.23874922096729279,0.028499944135546684,1.0629691132635344e-05,1.128766052715946e-05,0.7071134448051453,0.7071000337600708,1
afi_pilot_t0_root00_s8100_low,0,alphabet_soup_1,8100,0.28402085651781045,15,P4B,approach,15,0.75,0.0,0.0,3.0,0.0,0.0,0.0,0.0,0.0,0.0,0.0,0.0,0.0,0.0,0.0,0.03999999910593033,0.024776902049779892,0.9996890425682068,0.0028146104887127876,0.9996129274368286,-0.024739162996411324,-0.012725287117064,0.0,0.0,0.0,0.0,0.0,0.0,0,0,none,completed,0.4748140573501587,-0.07529458403587341,0.24188610911369324,-0.12022049725055695,-0.23874986171722412,0.028499886393547058,7.797851139912382e-06,1.4189661669661291e-05,0.7071097493171692,0.7071037292480469,1
afi_pilot_t0_root00_s8100_low,0,alphabet_soup_1,8100,0.28402085651781045,16,P4B,approach,16,0.8,0.0,0.0,3.0,0.0,0.0,0.0,0.0,0.0,0.0,0.0,0.0,0.0,0.0,0.0,0.03999999910593033,0.024776902049779892,0.9996890425682068,0.0028146104887127876,0.9996129274368286,-0.024739162996411324,-0.012725287117064,0.0,0.0,0.0,0.0,0.0,0.0,0,0,none,completed,0.4749752879142761,-0.08047913014888763,0.2386048436164856,-0.12022105604410172,-0.23874922096729279,0.028499947860836983,1.0633913916535676e-05,1.1274627468083054e-05,0.7071134448051453,0.7071000337600708,1
afi_pilot_t0_root00_s8100_low,0,alphabet_soup_1,8100,0.28402085651781045,17,P4B,approach,17,0.8500000000000001,0.0,0.0,3.0,0.0,0.0,0.0,0.0,0.0,0.0,0.0,0.0,0.0,0.0,0.0,0.03999999910593033,0.024776902049779892,0.9996890425682068,0.0028146104887127876,0.9996129274368286,-0.024739162996411324,-0.012725287117064,0.0,0.0,0.0,0.0,0.0,0.0,0,0,none,completed,0.47513625025749207,-0.08566445112228394,0.23532330989837646,-0.12022050470113754,-0.23874984681606293,0.028499888256192207,7.780006853863597e-06,1.415671704307897e-05,0.7071097493171692,0.7071037292480469,1
afi_pilot_t0_root00_s8100_low,0,alphabet_soup_1,8100,0.28402085651781045,18,P4B,approach,18,0.9,0.0,0.0,3.0,0.0,0.0,0.0,0.0,0.0,0.0,0.0,0.0,0.0,0.0,0.0,0.03999999910593033,0.024776902049779892,0.9996890425682068,0.0028146104887127876,0.9996129274368286,-0.024739162996411324,-0.012725287117064,0.0,0.0,0.0,0.0,0.0,0.0,0,0,none,completed,0.47529691457748413,-0.0908498615026474,0.23204144835472107,-0.12022105604410172,-0.23874922096729279,0.028499944135546684,1.0623599337122869e-05,1.1276789336989168e-05,0.7071134448051453,0.7071000337600708,1
afi_pilot_t0_root00_s8100_low,0,alphabet_soup_1,8100,0.28402085651781045,19,P4B,approach,19,0.9500000000000001,0.0,0.0,3.0,0.0,0.0,0.0,0.0,0.0,0.0,0.0,0.0,0.0,0.0,0.0,0.03999999910593033,0.024776902049779892,0.9996890425682068,0.0028146104887127876,0.9996129274368286,-0.024739162996411324,-0.012725287117064,0.0,0.0,0.0,0.0,0.0,0.0,0,0,none,completed,0.4754578471183777,-0.09603530913591385,0.22875964641571045,-0.12022050470113754,-0.23874986171722412,0.028499888256192207,7.731410732958466e-06,1.4154575183056295e-05,0.7071097493171692,0.7071037292480469,1
afi_pilot_t0_root00_s8100_low,0,alphabet_soup_1,8100,0.28402085651781045,20,P4B,approach,20,1.0,0.0,0.0,3.0,0.0,0.0,0.0,0.0,0.0,0.0,0.0,0.0,0.0,0.0,0.0,0.03999999910593033,0.024776902049779892,0.9996890425682068,0.0028146104887127876,0.9996129274368286,-0.024739162996411324,-0.012725287117064,0.0,0.0,0.0,0.0,0.0,0.0,0,0,none,completed,0.47561830282211304,-0.10122105479240417,0.2254771590232849,-0.12022105604410172,-0.23874922096729279,0.028499947860836983,1.0744372048065998e-05,1.1315044503135141e-05,0.7071133255958557,0.7071001529693604,1
afi_pilot_t0_root00_s8100_low,0,alphabet_soup_1,8100,0.28402085651781045,21,P4B,approach,21,1.05,0.0,0.0,3.0,0.0,0.0,0.0,0.0,0.0,0.0,0.0,0.0,0.0,0.0,0.0,0.03999999910593033,0.024776902049779892,0.9996890425682068,0.0028146104887127876,0.9996129274368286,-0.024739162996411324,-0.012725287117064,0.0,0.0,0.0,0.0,0.0,0.0,0,0,none,completed,0.4757791757583618,-0.10640641301870346,0.222195565700531,-0.12022050470113754,-0.23874986171722412,0.028499886393547058,7.693417501286604e-06,1.4142562577035278e-05,0.7071098685264587,0.7071036100387573,1
afi_pilot_t0_root00_s8100_low,0,alphabet_soup_1,8100,0.28402085651781045,22,P4B,approach,22,1.1,0.0,0.0,3.0,0.0,0.0,0.0,0.0,0.0,0.0,0.0,0.0,0.0,0.0,0.0,0.03999999910593033,0.024776902049779892,0.9996890425682068,0.0028146104887127876,0.9996129274368286,-0.024739162996411324,-0.012725287117064,0.0,0.0,0.0,0.0,0.0,0.0,0,0,none,completed,0.4759403169155121,-0.11159136146306992,0.21891388297080994,-0.12022106349468231,-0.23874922096729279,0.028499947860836983,1.0740072866610717e-05,1.1269082278886344e-05,0.7071133255958557,0.7071001529693604,1
afi_pilot_t0_root00_s8100_low,0,alphabet_soup_1,8100,0.28402085651781045,23,P4B,approach,23,1.1500000000000001,0.0,0.0,3.0,0.0,0.0,0.0,0.0,0.0,0.0,0.0,0.0,0.0,0.0,0.0,0.03999999910593033,0.024776902049779892,0.9996890425682068,0.0028146104887127876,0.9996129274368286,-0.024739162996411324,-0.012725287117064,0.0,0.0,0.0,0.0,0.0,0.0,0,0,none,completed,0.4761010408401489,-0.11677638441324234,0.21563220024108887,-0.12022050470113754,-0.23874986171722412,0.028499890118837357,7.693311999901198e-06,1.4176286640577018e-05,0.7071098685264587,0.7071036100387573,1
afi_pilot_t0_root00_s8100_low,0,alphabet_soup_1,8100,0.28402085651781045,24,P4B,approach,24,1.2000000000000002,0.0,0.0,3.0,0.0,0.0,0.0,0.0,0.0,0.0,0.0,0.0,0.0,0.0,0.0,0.03999999910593033,0.024776902049779892,0.9996890425682068,0.0028146104887127876,0.9996129274368286,-0.024739162996411324,-0.012725287117064,0.0,0.0,0.0,0.0,0.0,0.0,0,0,none,completed,0.4762621819972992,-0.1219610944390297,0.21235030889511108,-0.12022106349468231,-0.23874922096729279,0.028499947860836983,1.076204534911085e-05,1.1239103514526505e-05,0.7071133255958557,0.7071001529693604,1
afi_pilot_t0_root00_s8100_low,0,alphabet_soup_1,8100,0.28402085651781045,25,P4B,approach,25,1.25,0.0,0.0,3.0,0.0,0.0,0.0,0.0,0.0,0.0,0.0,0.0,0.0,0.0,0.0,0.03999999910593033,0.024776902049779892,0.9996890425682068,0.0028146104887127876,0.9996129274368286,-0.024739162996411324,-0.012725287117064,0.0,0.0,0.0,0.0,0.0,0.0,0,0,none,completed,0.47642242908477783,-0.12714557349681854,0.2090679407119751,-0.12022050470113754,-0.23874986171722412,0.028499890118837357,7.699839443375822e-06,1.4161610124574509e-05,0.7071098685264587,0.7071036100387573,1
afi_pilot_t0_root00_s8100_low,0,alphabet_soup_1,8100,0.28402085651781045,26,P4B,approach,26,1.3,0.0,0.0,3.0,0.0,0.0,0.0,0.0,0.0,0.0,0.0,0.0,0.0,0.0,0.0,0.03999999910593033,0.024776902049779892,0.9996890425682068,0.0028146104887127876,0.9996129274368286,-0.024739162996411324,-0.012725287117064,0.0,0.0,0.0,0.0,0.0,0.0,0,0,none,completed,0.47658368945121765,-0.13232985138893127,0.20578613877296448,-0.12022106349468231,-0.23874922096729279,0.028499945998191833,1.0744918654381763e-05,1.1289983376627788e-05,0.7071133255958557,0.7071001529693604,1
afi_pilot_t0_root00_s8100_low,0,alphabet_soup_1,8100,0.28402085651781045,27,P4B,approach,27,1.35,0.0,0.0,3.0,0.0,0.0,0.0,0.0,0.0,0.0,0.0,0.0,0.0,0.0,0.0,0.03999999910593033,0.024776902049779892,0.9996890425682068,0.0028146104887127876,0.9996129274368286,-0.024739162996411324,-0.012725287117064,0.0,0.0,0.0,0.0,0.0,0.0,0,0,none,completed,0.476745069026947,-0.13751359283924103,0.2025044858455658,-0.12022050470113754,-0.23874986171722412,0.028499890118837357,7.670370905543678e-06,1.418291049049003e-05,0.7071098685264587,0.7071036100387573,1
afi_pilot_t0_root00_s8100_low,0,alphabet_soup_1,8100,0.28402085651781045,28,P4B,approach,28,1.4000000000000001,0.0,0.0,3.0,0.0,0.0,0.0,0.0,0.0,0.0,0.0,0.0,0.0,0.0,0.0,0.03999999910593033,0.024776902049779892,0.9996890425682068,0.0028146104887127876,0.9996129274368286,-0.024739162996411324,-0.012725287117064,0.0,0.0,0.0,0.0,0.0,0.0,0,0,none,completed,0.47690603137016296,-0.14269666373729706,0.19922220706939697,-0.12022106349468231,-0.23874922096729279,0.028499947860836983,1.0638193089107517e-05,1.130408691096818e-05,0.7071134448051453,0.7071000337600708,1
afi_pilot_t0_root00_s8100_low,0,alphabet_soup_1,8100,0.28402085651781045,29,P4B,approach,29,1.4500000000000002,0.0,0.0,3.0,0.0,0.0,0.0,0.0,0.0,0.0,0.0,0.0,0.0,0.0,0.0,0.03999999910593033,0.024776902049779892,0.9996890425682068,0.0028146104887127876,0.9996129274368286,-0.024739162996411324,-0.012725287117064,0.0,0.0,0.0,0.0,0.0,0.0,0,0,none,completed,0.477067768573761,-0.14787966012954712,0.19594073295593262,-0.12022051215171814,-0.23874986171722412,0.02849988453090191,7.852429916965775e-06,1.4118529179540928e-05,0.7071096301078796,0.7071038484573364,1
afi_pilot_t0_root00_s8100_low,0,alphabet_soup_1,8100,0.28402085651781045,30,P4B,approach,30,1.5,0.0,0.0,3.0,0.0,0.0,0.0,0.0,0.0,0.0,0.0,0.0,0.0,0.0,0.0,0.03999999910593033,0.024776902049779892,0.9996890425682068,0.0028146104887127876,0.9996129274368286,-0.024739162996411324,-0.012725287117064,0.0,0.0,0.0,0.0,0.0,0.0,0,0,none,completed,0.477229505777359,-0.15306149423122406,0.19265824556350708,-0.12022106349468231,-0.23874922096729279,0.028499949723482132,1.0749218745331746e-05,1.1270012691966258e-05,0.7071133255958557,0.7071001529693604,1
afi_pilot_t0_root00_s8100_low,0,alphabet_soup_1,8100,0.28402085651781045,31,P4B,approach,31,1.55,0.0,0.0,3.0,0.0,0.0,0.0,0.0,0.0,0.0,0.0,0.0,0.0,0.0,0.0,0.03999999910593033,0.024776902049779892,0.9996890425682068,0.0028146104887127876,0.9996129274368286,-0.024739162996411324,-0.012725287117064,0.0,0.0,0.0,0.0,0.0,0.0,0,0,none,completed,0.4773915410041809,-0.15824270248413086,0.18937641382217407,-0.12022050470113754,-0.23874986171722412,0.028499886393547058,7.697290129726753e-06,1.4182591257849708e-05,0.7071098685264587,0.7071036100387573,1
afi_pilot_t0_root00_s8100_low,0,alphabet_soup_1,8100,0.28402085651781045,32,P4B,approach,32,1.6,0.0,0.0,3.0,0.0,0.0,0.0,0.0,0.0,0.0,0.0,0.0,0.0,0.0,0.0,0.03999999910593033,0.024776902049779892,0.9996890425682068,0.0028146104887127876,0.9996129274368286,-0.024739162996411324,-0.012725287117064,0.0,0.0,0.0,0.0,0.0,0.0,0,0,none,completed,0.47755372524261475,-0.16342344880104065,0.1860942244529724,-0.12022106349468231,-0.23874922096729279,0.028499944135546684,1.0614534403430298e-05,1.127025461755693e-05,0.7071134448051453,0.7071000337600708,1
afi_pilot_t0_root00_s8100_low,0,alphabet_soup_1,8100,0.28402085651781045,33,P4B,approach,33,1.6500000000000001,0.0,0.0,3.0,0.0,0.0,0.0,0.0,0.0,0.0,0.0,0.0,0.0,0.0,0.0,0.03999999910593033,0.024776902049779892,0.9996890425682068,0.0028146104887127876,0.9996129274368286,-0.024739162996411324,-0.012725287117064,0.0,0.0,0.0,0.0,0.0,0.0,0,0,none,completed,0.4777162969112396,-0.16860395669937134,0.18281200528144836,-0.12022050470113754,-0.23874986171722412,0.028499886393547058,7.782427019265015e-06,1.4215079318091739e-05,0.7071098685264587,0.7071036100387573,1
afi_pilot_t0_root00_s8100_low,0,alphabet_soup_1,8100,0.28402085651781045,34,P4B,approach,34,1.7000000000000002,0.0,0.0,3.0,0.0,0.0,0.0,0.0,0.0,0.0,0.0,0.0,0.0,0.0,0.0,0.03999999910593033,0.024776902049779892,0.9996890425682068,0.0028146104887127876,0.9996129274368286,-0.024739162996411324,-0.012725287117064,0.0,0.0,0.0,0.0,0.0,0.0,0,0,none,completed,0.4778788387775421,-0.17378373444080353,0.17952978610992432,-0.12022105604410172,-0.23874922096729279,0.028499944135546684,1.063067429640796e-05,1.1287186680419836e-05,0.7071134448051453,0.7071000337600708,1
afi_pilot_t0_root00_s8100_low,0,alphabet_soup_1,8100,0.28402085651781045,35,P4B,approach,35,1.75,0.0,0.0,3.0,0.0,0.0,0.0,0.0,0.0,0.0,0.0,0.0,0.0,0.0,0.0,0.03999999910593033,0.024776902049779892,0.9996890425682068,0.0028146104887127876,0.9996129274368286,-0.024739162996411324,-0.012725287117064,0.0,0.0,0.0,0.0,0.0,0.0,0,0,none,completed,0.4780423045158386,-0.1789637953042984,0.1762479841709137,-0.12022049725055695,-0.23874986171722412,0.028499886393547058,7.798877049935982e-06,1.4189135072228964e-05,0.7071097493171692,0.7071037292480469,1
afi_pilot_t0_root00_s8100_low,0,alphabet_soup_1,8100,0.28402085651781045,36,P4B,approach,36,1.8,0.0,0.0,3.0,0.0,0.0,0.0,0.0,0.0,0.0,0.0,0.0,0.0,0.0,0.0,0.03999999910593033,0.024776902049779892,0.9996890425682068,0.0028146104887127876,0.9996129274368286,-0.024739162996411324,-0.012725287117064,0.0,0.0,0.0,0.0,0.0,0.0,0,0,none,completed,0.47820526361465454,-0.1841437667608261,0.17296621203422546,-0.12022105604410172,-0.23874922096729279,0.028499947860836983,1.063492163666524e-05,1.1274126336502377e-05,0.7071134448051453,0.7071000337600708,1
afi_pilot_t0_root00_s8100_low,0,alphabet_soup_1,8100,0.28402085651781045,37,P4B,approach,37,1.85,0.0,0.0,3.0,0.0,0.0,0.0,0.0,0.0,0.0,0.0,0.0,0.0,0.0,0.0,0.03999999910593033,0.024776902049779892,0.9996890425682068,0.0028146104887127876,0.9996129274368286,-0.024739162996411324,-0.012725287117064,0.0,0.0,0.0,0.0,0.0,0.0,0,0,none,completed,0.4783681631088257,-0.18932361900806427,0.16968393325805664,-0.12022050470113754,-0.23874984681606293,0.028499888256192207,7.781059139233548e-06,1.4156154975353274e-05,0.7071097493171692,0.7071037292480469,1
afi_pilot_t0_root00_s8100_low,0,alphabet_soup_1,8100,0.28402085651781045,38,P4B,approach,38,1.9000000000000001,0.0,0.0,3.0,0.0,0.0,0.0,0.0,0.0,0.0,0.0,0.0,0.0,0.0,0.0,0.03999999910593033,0.024776902049779892,0.9996890425682068,0.0028146104887127876,0.9996129274368286,-0.024739162996411324,-0.012725287117064,0.0,0.0,0.0,0.0,0.0,0.0,0,0,none,completed,0.4785311818122864,-0.1945035755634308,0.1664014458656311,-0.12022106349468231,-0.23874923586845398,0.028499944135546684,1.0718701560108457e-05,1.1309146429994144e-05,0.7071134448051453,0.7071000337600708,1
afi_pilot_t0_root00_s8100_low,0,alphabet_soup_1,8100,0.28402085651781045,39,P4B,approach,39,1.9500000000000002,0.0,0.0,3.0,0.0,0.0,0.0,0.0,0.0,0.0,0.0,0.0,0.0,0.0,0.0,0.03999999910593033,0.024776902049779892,0.9996890425682068,0.0028146104887127876,0.9996129274368286,-0.024739162996411324,-0.012725287117064,0.0,0.0,0.0,0.0,0.0,0.0,0,0,none,completed,0.4786947965621948,-0.19968390464782715,0.163119375705719,-0.12022050470113754,-0.23874986171722412,0.028499888256192207,7.69653433962958e-06,1.414935013599461e-05,0.7071098685264587,0.7071036100387573,1
afi_pilot_t0_root00_s8100_low,0,alphabet_soup_1,8100,0.28402085651781045,40,P4B,approach,40,2.0,0.0,0.0,3.0,0.0,0.0,0.0,0.0,0.0,0.0,0.0,0.0,0.0,0.0,0.0,0.03999999910593033,0.024776902049779892,0.9996890425682068,0.0028146104887127876,0.9996129274368286,-0.024739162996411324,-0.012725287117064,0.0,0.0,0.0,0.0,0.0,0.0,0,0,none,completed,0.4788581132888794,-0.2048642784357071,0.15983733534812927,-0.12022105604410172,-0.23874922096729279,0.028499944135546684,1.0606743671814911e-05,1.1243798326177057e-05,0.7071134448051453,0.7071000337600708,1
afi_pilot_t0_root00_s8100_low,0,alphabet_soup_1,8100,0.28402085651781045,41,P4B,approach,41,2.0500000000000003,0.0,0.0,3.0,0.0,0.0,0.0,0.0,0.0,0.0,0.0,0.0,0.0,0.0,0.0,0.03999999910593033,0.024776902049779892,0.9996890425682068,0.0028146104887127876,0.9996129274368286,-0.024739162996411324,-0.012725287117064,0.0,0.0,0.0,0.0,0.0,0.0,0,0,none,completed,0.47902125120162964,-0.21004481613636017,0.15655517578125,-0.12022050470113754,-0.23874984681606293,0.02849988453090191,7.760649168631062e-06,1.415989754605107e-05,0.7071097493171692,0.7071037292480469,1
afi_pilot_t0_root00_s8100_low,0,alphabet_soup_1,8100,0.28402085651781045,42,P4B,approach,42,2.1,0.0,0.0,3.0,0.0,0.0,0.0,0.0,0.0,0.0,0.0,0.0,0.0,0.0,0.0,0.03999999910593033,0.024776902049779892,0.9996890425682068,0.0028146104887127876,0.9996129274368286,-0.024739162996411324,-0.012725287117064,0.0,0.0,0.0,0.0,0.0,0.0,0,0,none,completed,0.4791845381259918,-0.21522553265094757,0.15327301621437073,-0.12022106349468231,-0.23874922096729279,0.028499945998191833,1.0705748536565807e-05,1.1304499821562786e-05,0.7071134448051453,0.7071000337600708,1
afi_pilot_t0_root00_s8100_low,0,alphabet_soup_1,8100,0.28402085651781045,43,P4B,approach,43,2.15,0.0,0.0,3.0,0.0,0.0,0.0,0.0,0.0,0.0,0.0,0.0,0.0,0.0,0.0,0.03999999910593033,0.024776902049779892,0.9996890425682068,0.0028146104887127876,0.9996129274368286,-0.024739162996411324,-0.012725287117064,0.0,0.0,0.0,0.0,0.0,0.0,0,0,none,completed,0.47934794425964355,-0.22040632367134094,0.14999079704284668,-0.12022050470113754,-0.23874986171722412,0.028499888256192207,7.67939036450116e-06,1.4191618902259506e-05,0.7071098685264587,0.7071036100387573,1
afi_pilot_t0_root00_s8100_low,0,alphabet_soup_1,8100,0.28402085651781045,44,P4B,approach,44,2.2,0.0,0.0,3.0,0.0,0.0,0.0,0.0,0.0,0.0,0.0,0.0,0.0,0.0,0.0,0.03999999910593033,0.024776902049779892,0.9996890425682068,0.0028146104887127876,0.9996129274368286,-0.024739162996411324,-0.012725287117064,0.0,0.0,0.0,0.0,0.0,0.0,0,0,none,completed,0.4795112907886505,-0.22558759152889252,0.1467086672782898,-0.12022105604410172,-0.23874922096729279,0.028499945998191833,1.0639430001901928e-05,1.1278858437435701e-05,0.7071134448051453,0.7071000337600708,1
afi_pilot_t0_root00_s8100_low,0,alphabet_soup_1,8100,0.28402085651781045,45,P4B,approach,45,2.25,0.0,0.0,3.0,0.0,0.0,0.0,0.0,0.0,0.0,0.0,0.0,0.0,0.0,0.0,0.03999999910593033,0.024776902049779892,0.9996890425682068,0.0028146104887127876,0.9996129274368286,-0.024739162996411324,-0.012725287117064,0.0,0.0,0.0,0.0,0.0,0.0,0,0,none,completed,0.47967463731765747,-0.23076890408992767,0.14342641830444336,-0.12022050470113754,-0.23874984681606293,0.028499886393547058,7.759722393529955e-06,1.4144427950668614e-05,0.7071097493171692,0.7071037292480469,1
afi_pilot_t0_root00_s8100_low,0,alphabet_soup_1,8100,0.28402085651781045,46,P4B,descend,46,2.3000000000000003,0.0,0.0,3.0,0.0,0.0,0.0,0.0,0.0,0.0,0.0,0.0,0.0,0.0,0.0,0.03999999910593033,0.024776902049779892,0.9996890425682068,0.0028146104887127876,0.9996129274368286,-0.024739162996411324,-0.012725287117064,0.0,0.0,0.0,0.0,0.0,0.0,0,0,none,completed,0.47945961356163025,-0.2346053421497345,0.1405278742313385,-0.12022105604410172,-0.23874923586845398,0.028499945998191833,1.0624446986184921e-05,1.1285048458375968e-05,0.70711350440979,0.707099974155426,1
afi_pilot_t0_root00_s8100_low,0,alphabet_soup_1,8100,0.28402085651781045,47,P4B,descend,47,2.35,0.0,0.0,3.0,0.0,0.0,0.0,0.0,0.0,0.0,0.0,0.0,0.0,0.0,0.0,0.03999999910593033,0.024776902049779892,0.9996890425682068,0.0028146104887127876,0.9996129274368286,-0.024739162996411324,-0.012725287117064,0.0,0.0,0.0,0.0,0.0,0.0,0,0,none,completed,0.47938522696495056,-0.23680704832077026,0.13784801959991455,-0.12022051215171814,-0.23874986171722412,0.028499886393547058,7.763830581097864e-06,1.417295334249502e-05,0.7071096897125244,0.7071037888526917,1
afi_pilot_t0_root00_s8100_low,0,alphabet_soup_1,8100,0.28402085651781045,48,P4B,descend,48,2.4000000000000004,0.0,0.0,3.0,0.0,0.0,0.0,0.0,0.0,0.0,0.0,0.0,0.0,0.0,0.0,0.03999999910593033,0.024776902049779892,0.9996890425682068,0.0028146104887127876,0.9996129274368286,-0.024739162996411324,-0.012725287117064,0.0,0.0,0.0,0.0,0.0,0.0,0,0,none,completed,0.47946637868881226,-0.23787809908390045,0.13529521226882935,-0.12022106349468231,-0.23874923586845398,0.028499945998191833,1.0637598279572558e-05,1.126334518630756e-05,0.70711350440979,0.707099974155426,1
afi_pilot_t0_root00_s8100_low,0,alphabet_soup_1,8100,0.28402085651781045,49,P4B,descend,49,2.45,0.0,0.0,3.0,0.0,0.0,0.0,0.0,0.0,0.0,0.0,0.0,0.0,0.0,0.0,0.03999999910593033,0.024776902049779892,0.9996890425682068,0.0028146104887127876,0.9996129274368286,-0.024739162996411324,-0.012725287117064,0.0,0.0,0.0,0.0,0.0,0.0,0,0,none,completed,0.47960782051086426,-0.2383386492729187,0.13282045722007751,-0.12022050470113754,-0.23874986171722412,0.028499886393547058,7.77690456743585e-06,1.4151717550703324e-05,0.7071096897125244,0.7071037888526917,1
afi_pilot_t0_root00_s8100_low,0,alphabet_soup_1,8100,0.28402085651781045,50,P4B,descend,50,2.5,0.0,0.0,3.0,0.0,0.0,0.0,0.0,0.0,0.0,0.0,0.0,0.0,0.0,0.0,0.03999999910593033,0.024776902049779892,0.9996890425682068,0.0028146104887127876,0.9996129274368286,-0.024739162996411324,-0.012725287117064,0.0,0.0,0.0,0.0,0.0,0.0,0,0,none,completed,0.4797426164150238,-0.23851990699768066,0.1303946077823639,-0.12022106349468231,-0.23874922096729279,0.028499945998191833,1.0704006854211912e-05,1.1273798918409739e-05,0.7071133852005005,0.7071000933647156,1
afi_pilot_t0_root00_s8100_low,0,alphabet_soup_1,8100,0.28402085651781045,51,P4B,descend,51,2.5500000000000003,0.0,0.0,3.0,0.0,0.0,0.0,0.0,0.0,0.0,0.0,0.0,0.0,0.0,0.0,0.03999999910593033,0.024776902049779892,0.9996890425682068,0.0028146104887127876,0.9996129274368286,-0.024739162996411324,-0.012725287117064,0.0,0.0,0.0,0.0,0.0,0.0,0,0,none,completed,0.47984546422958374,-0.2385900765657425,0.12800109386444092,-0.12022049725055695,-0.23874986171722412,0.028499888256192207,7.786853529978544e-06,1.4175973774399608e-05,0.7071095705032349,0.7071039080619812,1
afi_pilot_t0_root00_s8100_low,0,alphabet_soup_1,8100,0.28402085651781045,52,P4B,descend,52,2.6,0.0,0.0,3.0,0.0,0.0,0.0,0.0,0.0,0.0,0.0,0.0,0.0,0.0,0.0,0.03999999910593033,0.024776902049779892,0.9996890425682068,0.0028146104887127876,0.9996129274368286,-0.024739162996411324,-0.012725287117064,0.0,0.0,0.0,0.0,0.0,0.0,0,0,none,completed,0.47991514205932617,-0.2386193722486496,0.12562713027000427,-0.12022106349468231,-0.23874922096729279,0.028499945998191833,1.0712206858443096e-05,1.1299295692879241e-05,0.7071133852005005,0.7071000933647156,1
afi_pilot_t0_root00_s8100_low,0,alphabet_soup_1,8100,0.28402085651781045,53,P4B,descend,53,2.6500000000000004,0.0,0.0,3.0,0.0,0.0,0.0,0.0,0.0,0.0,0.0,0.0,0.0,0.0,0.0,0.03999998793005943,0.024776902049779892,0.9996890425682068,0.0028146104887127876,0.9996129274368286,-0.024739162996411324,-0.012725287117064,0.0,0.0,0.0,0.0,0.0,0.0,0,0,none,completed,0.47995951771736145,-0.2386346310377121,0.12326554954051971,-0.12022050470113754,-0.23874986171722412,0.028499888256192207,7.790338713675737e-06,1.4163914784148801e-05,0.7071095705032349,0.7071039080619812,1
afi_pilot_t0_root00_s8100_low,0,alphabet_soup_1,8100,0.28402085651781045,54,P4B,descend,54,2.7,0.0,0.0,3.0,0.0,0.0,0.0,0.0,0.0,0.0,0.0,0.0,0.0,0.0,0.0,0.03999998793005943,0.024776902049779892,0.9996890425682068,0.0028146104887127876,0.9996129274368286,-0.024739162996411324,-0.012725287117064,0.0,0.0,0.0,0.0,0.0,0.0,0,0,none,completed,0.47998684644699097,-0.23864436149597168,0.12091109156608582,-0.12022105604410172,-0.23874922096729279,0.028499945998191833,1.0707523870223667e-05,1.1295594049443025e-05,0.7071133852005005,0.7071000933647156,1
afi_pilot_t0_root00_s8100_low,0,alphabet_soup_1,8100,0.28402085651781045,55,P4B,descend,55,2.75,0.0,0.0,3.0,0.0,0.0,0.0,0.0,0.0,0.0,0.0,0.0,0.0,0.0,0.0,0.03999998793005943,0.024776902049779892,0.9996890425682068,0.0028146104887127876,0.9996129274368286,-0.024739162996411324,-0.012725287117064,0.0,0.0,0.0,0.0,0.0,0.0,0,0,none,completed,0.4800029397010803,-0.23865064978599548,0.11856146156787872,-0.12022051215171814,-0.23874984681606293,0.028499886393547058,7.777794962748885e-06,1.4126679161563516e-05,0.7071096897125244,0.7071037888526917,1
afi_pilot_t0_root00_s8100_low,0,alphabet_soup_1,8100,0.28402085651781045,56,P4B,descend,56,2.8000000000000003,0.0,0.0,3.0,0.0,0.0,0.0,0.0,0.0,0.0,0.0,0.0,0.0,0.0,0.0,0.039999984204769135,0.024776902049779892,0.9996890425682068,0.0028146104887127876,0.9996129274368286,-0.024739162996411324,-0.012725287117064,0.0,0.0,0.0,0.0,0.0,0.0,0,0,none,completed,0.48001301288604736,-0.23865488171577454,0.11621440947055817,-0.12022106349468231,-0.23874922096729279,0.028499944135546684,1.0708456102292985e-05,1.1285878827038687e-05,0.7071133852005005,0.7071000933647156,1
afi_pilot_t0_root00_s8100_low,0,alphabet_soup_1,8100,0.28402085651781045,57,P4B,descend,57,2.85,0.0,0.0,3.0,0.0,0.0,0.0,0.0,0.0,0.0,0.0,0.0,0.0,0.0,0.0,0.03999998793005943,0.024776902049779892,0.9996890425682068,0.0028146104887127876,0.9996129274368286,-0.024739162996411324,-0.012725287117064,0.0,0.0,0.0,0.0,0.0,0.0,0,0,none,completed,0.48001864552497864,-0.2386578768491745,0.11386886239051819,-0.12022050470113754,-0.23874986171722412,0.028499890118837357,7.794729754095897e-06,1.4226445273379795e-05,0.7071095705032349,0.7071039080619812,1
afi_pilot_t0_root00_s8100_low,0,alphabet_soup_1,8100,0.28402085651781045,58,P4B,descend,58,2.9000000000000004,0.0,0.0,3.0,0.0,0.0,0.0,0.0,0.0,0.0,0.0,0.0,0.0,0.0,0.0,0.039999984204769135,0.024776902049779892,0.9996890425682068,0.0028146104887127876,0.9996129274368286,-0.024739162996411324,-0.012725287117064,0.0,0.0,0.0,0.0,0.0,0.0,0,0,none,completed,0.48002246022224426,-0.23865999281406403,0.11152501404285431,-0.12022105604410172,-0.23874923586845398,0.028499945998191833,1.062930459738709e-05,1.1272011761320755e-05,0.7071134448051453,0.7071000337600708,1
afi_pilot_t0_root00_s8100_low,0,alphabet_soup_1,8100,0.28402085651781045,59,P4B,descend,59,2.95,0.0,0.0,3.0,0.0,0.0,0.0,0.0,0.0,0.0,0.0,0.0,0.0,0.0,0.0,0.039999984204769135,0.024776902049779892,0.9996890425682068,0.0028146104887127876,0.9996129274368286,-0.024739162996411324,-0.012725287117064,0.0,0.0,0.0,0.0,0.0,0.0,0,0,none,completed,0.4800243377685547,-0.23866106569766998,0.10918118059635162,-0.12022050470113754,-0.23874986171722412,0.028499886393547058,7.645022378710564e-06,1.4158707926981151e-05,0.7071098685264587,0.7071036100387573,1
afi_pilot_t0_root00_s8100_low,0,alphabet_soup_1,8100,0.28402085651781045,60,P4B,descend,60,3.0,0.0,0.0,3.0,0.0,0.0,0.0,0.0,0.0,0.0,0.0,0.0,0.0,0.0,0.0,0.039999984204769135,0.024776902049779892,0.9996890425682068,0.0028146104887127876,0.9996129274368286,-0.024739162996411324,-0.012725287117064,0.0,0.0,0.0,0.0,0.0,0.0,0,0,none,completed,0.4800257682800293,-0.23866160213947296,0.10683777928352356,-0.12022106349468231,-0.23874922096729279,0.028499949723482132,1.0745477993623354e-05,1.1274139069428202e-05,0.7071133255958557,0.7071001529693604,1
afi_pilot_t0_root00_s8100_low,0,alphabet_soup_1,8100,0.28402085651781045,61,P4B,descend,61,3.0500000000000003,0.0,0.0,3.0,0.0,0.0,0.0,0.0,0.0,0.0,0.0,0.0,0.0,0.0,0.0,0.039999984204769135,0.024776902049779892,0.9996890425682068,0.0028146104887127876,0.9996129274368286,-0.024739162996411324,-0.012725287117064,0.0,0.0,0.0,0.0,0.0,0.0,0,0,none,completed,0.4800260365009308,-0.23866204917430878,0.10449442267417908,-0.12022050470113754,-0.23874986171722412,0.028499886393547058,7.666987585253082e-06,1.41709424497094e-05,0.7071098685264587,0.7071036100387573,1
afi_pilot_t0_root00_s8100_low,0,alphabet_soup_1,8100,0.28402085651781045,62,P4B,descend,62,3.1,0.0,0.0,3.0,0.0,0.0,0.0,0.0,0.0,0.0,0.0,0.0,0.0,0.0,0.0,0.039999984204769135,0.024776902049779892,0.9996890425682068,0.0028146104887127876,0.9996129274368286,-0.024739162996411324,-0.012725287117064,0.0,0.0,0.0,0.0,0.0,0.0,0,0,none,completed,0.48002663254737854,-0.2386622279882431,0.1021515280008316,-0.12022106349468231,-0.23874922096729279,0.028499949723482132,1.0752531125035603e-05,1.1301235645078123e-05,0.7071133255958557,0.7071001529693604,1
afi_pilot_t0_root00_s8100_low,0,alphabet_soup_1,8100,0.28402085651781045,63,P4B,descend,63,3.1500000000000004,0.0,0.0,3.0,0.0,0.0,0.0,0.0,0.0,0.0,0.0,0.0,0.0,0.0,0.0,0.039999984204769135,0.024776902049779892,0.9996890425682068,0.0028146104887127876,0.9996129274368286,-0.024739162996411324,-0.012725287117064,0.0,0.0,0.0,0.0,0.0,0.0,0,0,none,completed,0.4800266623497009,-0.23866230249404907,0.09980820119380951,-0.12022050470113754,-0.23874986171722412,0.028499886393547058,7.786718924762681e-06,1.4168658708513249e-05,0.7071097493171692,0.7071037292480469,1
afi_pilot_t0_root00_s8100_low,0,alphabet_soup_1,8100,0.28402085651781045,64,P4B,descend,64,3.2,0.0,0.0,3.0,0.0,0.0,0.0,0.0,0.0,0.0,0.0,0.0,0.0,0.0,0.0,0.039999980479478836,0.024776902049779892,0.9996890425682068,0.0028146104887127876,0.9996129274368286,-0.024739162996411324,-0.012725287117064,0.0,0.0,0.0,0.0,0.0,0.0,0,0,none,completed,0.48002687096595764,-0.2386622428894043,0.09746550023555756,-0.12022106349468231,-0.23874922096729279,0.028499949723482132,1.072717805072898e-05,1.1317192729620729e-05,0.7071133255958557,0.7071001529693604,1
afi_pilot_t0_root00_s8100_low,0,alphabet_soup_1,8100,0.28402085651781045,65,P4B,descend,65,3.25,0.0,0.0,3.0,0.0,0.0,0.0,0.0,0.0,0.0,0.0,0.0,0.0,0.0,0.0,0.03999997675418854,0.024776902049779892,0.9996890425682068,0.0028146104887127876,0.9996129274368286,-0.024739162996411324,-0.012725287117064,0.0,0.0,0.0,0.0,0.0,0.0,0,0,none,completed,0.4800270199775696,-0.23866237699985504,0.09512285888195038,-0.12022049725055695,-0.23874986171722412,0.028499886393547058,7.803022526786663e-06,1.4185440704750363e-05,0.7071097493171692,0.7071037292480469,1
afi_pilot_t0_root00_s8100_low,0,alphabet_soup_1,8100,0.28402085651781045,66,P4B,descend,66,3.3000000000000003,0.0,0.0,3.0,0.0,0.0,0.0,0.0,0.0,0.0,0.0,0.0,0.0,0.0,0.0,0.03999997302889824,0.024776902049779892,0.9996890425682068,0.0028146104887127876,0.9996129274368286,-0.024739162996411324,-0.012725287117064,0.0,0.0,0.0,0.0,0.0,0.0,0,0,none,completed,0.4800267815589905,-0.23866227269172668,0.09278003871440887,-0.12022105604410172,-0.23874922096729279,0.028499947860836983,1.0623224625305738e-05,1.1286037988611497e-05,0.7071134448051453,0.7071000337600708,1
afi_pilot_t0_root00_s8100_low,0,alphabet_soup_1,8100,0.28402085651781045,67,P4B,descend,67,3.35,0.0,0.0,3.0,0.0,0.0,0.0,0.0,0.0,0.0,0.0,0.0,0.0,0.0,0.0,0.03999996930360794,0.024776902049779892,0.9996890425682068,0.0028146104887127876,0.9996129274368286,-0.024739162996411324,-0.012725287117064,0.0,0.0,0.0,0.0,0.0,0.0,0,0,none,completed,0.4800267815589905,-0.23866230249404907,0.09043712913990021,-0.12022051215171814,-0.23874986171722412,0.028499886393547058,7.807111614965834e-06,1.4215104783943389e-05,0.7071097493171692,0.7071037292480469,1
afi_pilot_t0_root00_s8100_low,0,alphabet_soup_1,8100,0.28402085651781045,68,P4B,descend,68,3.4000000000000004,0.0,0.0,3.0,0.0,0.0,0.0,0.0,0.0,0.0,0.0,0.0,0.0,0.0,0.0,0.03999996557831764,0.024776902049779892,0.9996890425682068,0.0028146104887127876,0.9996129274368286,-0.024739162996411324,-0.012725287117064,0.0,0.0,0.0,0.0,0.0,0.0,0,0,none,completed,0.480026513338089,-0.23866231739521027,0.08809439837932587,-0.12022105604410172,-0.23874922096729279,0.028499944135546684,1.0687047506507952e-05,1.1256831385253463e-05,0.7071133255958557,0.7071001529693604,1
afi_pilot_t0_root00_s8100_low,0,alphabet_soup_1,8100,0.28402085651781045,69,P4B,descend,69,3.45,0.0,0.0,3.0,0.0,0.0,0.0,0.0,0.0,0.0,0.0,0.0,0.0,0.0,0.0,0.039999961853027344,0.024776902049779892,0.9996890425682068,0.0028146104887127876,0.9996129274368286,-0.024739162996411324,-0.012725287117064,0.0,0.0,0.0,0.0,0.0,0.0,0,0,none,completed,0.48002704977989197,-0.2386622428894043,0.08575181663036346,-0.12022050470113754,-0.23874986171722412,0.028499888256192207,7.69912003306672e-06,1.4189596186042763e-05,0.7071098685264587,0.7071036100387573,1
afi_pilot_t0_root00_s8100_low,0,alphabet_soup_1,8100,0.28402085651781045,70,P4B,descend,70,3.5,0.0,0.0,3.0,0.0,0.0,0.0,0.0,0.0,0.0,0.0,0.0,0.0,0.0,0.0,0.039999961853027344,0.024776902049779892,0.9996890425682068,0.0028146104887127876,0.9996129274368286,-0.024739162996411324,-0.012725287117064,0.0,0.0,0.0,0.0,0.0,0.0,0,0,none,completed,0.4800267219543457,-0.23866212368011475,0.08340869843959808,-0.12022106349468231,-0.23874922096729279,0.028499945998191833,1.0617191037454177e-05,1.1276441000518389e-05,0.7071134448051453,0.7071000337600708,1
afi_pilot_t0_root00_s8100_low,0,alphabet_soup_1,8100,0.28402085651781045,71,P4B,descend,71,3.5500000000000003,0.0,0.0,3.0,0.0,0.0,0.0,0.0,0.0,0.0,0.0,0.0,0.0,0.0,0.0,0.03999995440244675,0.024776902049779892,0.9996890425682068,0.0028146104887127876,0.9996129274368286,-0.024739162996411324,-0.012725287117064,0.0,0.0,0.0,0.0,0.0,0.0,0,0,none,completed,0.48002690076828003,-0.2386624664068222,0.08106648921966553,-0.12022050470113754,-0.23874984681606293,0.028499888256192207,7.77196510171052e-06,1.4149341041047592e-05,0.7071097493171692,0.7071037292480469,1
afi_pilot_t0_root00_s8100_low,0,alphabet_soup_1,8100,0.28402085651781045,72,P4B,descend,72,3.6,0.0,0.0,3.0,0.0,0.0,0.0,0.0,0.0,0.0,0.0,0.0,0.0,0.0,0.0,0.03999995067715645,0.024776902049779892,0.9996890425682068,0.0028146104887127876,0.9996129274368286,-0.024739162996411324,-0.012725287117064,0.0,0.0,0.0,0.0,0.0,0.0,0,0,none,completed,0.4800262451171875,-0.23866192996501923,0.07872293889522552,-0.12022106349468231,-0.23874923586845398,0.028499944135546684,1.069475183612667e-05,1.1231438293179963e-05,0.7071133852005005,0.7071000933647156,1
afi_pilot_t0_root00_s8100_low,0,alphabet_soup_1,8100,0.28402085651781045,73,P4B,descend,73,3.6500000000000004,0.0,0.0,3.0,0.0,0.0,0.0,0.0,0.0,0.0,0.0,0.0,0.0,0.0,0.0,0.03999994695186615,0.024776902049779892,0.9996890425682068,0.0028146104887127876,0.9996129274368286,-0.024739162996411324,-0.012725287117064,0.0,0.0,0.0,0.0,0.0,0.0,0,0,none,completed,0.48002615571022034,-0.23866209387779236,0.07638023793697357,-0.12022050470113754,-0.23874984681606293,0.028499888256192207,7.76888646214502e-06,1.4142999134492129e-05,0.7071097493171692,0.7071037292480469,1
afi_pilot_t0_root00_s8100_low,0,alphabet_soup_1,8100,0.28402085651781045,74,P4B,descend,74,3.7,0.0,0.0,3.0,0.0,0.0,0.0,0.0,0.0,0.0,0.0,0.0,0.0,0.0,0.0,0.03999993950128555,0.024776902049779892,0.9996890425682068,0.0028146104887127876,0.9996129274368286,-0.024739162996411324,-0.012725287117064,0.0,0.0,0.0,0.0,0.0,0.0,0,0,none,completed,0.48002612590789795,-0.23866163194179535,0.07403716444969177,-0.12022105604410172,-0.23874923586845398,0.028499944135546684,1.063335184880998e-05,1.1283890671620611e-05,0.70711350440979,0.707099974155426,1
afi_pilot_t0_root00_s8100_low,0,alphabet_soup_1,8100,0.28402085651781045,75,P4B,descend,75,3.75,0.0,0.0,3.0,0.0,0.0,0.0,0.0,0.0,0.0,0.0,0.0,0.0,0.0,0.0,0.039999935775995255,0.024776902049779892,0.9996890425682068,0.0028146104887127876,0.9996129274368286,-0.024739162996411324,-0.012725287117064,0.0,0.0,0.0,0.0,0.0,0.0,0,0,none,completed,0.4800259470939636,-0.23866182565689087,0.0716947615146637,-0.12022051215171814,-0.23874986171722412,0.028499888256192207,7.753083991701715e-06,1.4191398804541677e-05,0.7071096897125244,0.7071037888526917,1
afi_pilot_t0_root00_s8100_low,0,alphabet_soup_1,8100,0.28402085651781045,76,P4B,descend,76,3.8000000000000003,0.0,0.0,3.0,0.0,0.0,0.0,0.0,0.0,0.0,0.0,0.0,0.0,0.0,0.0,0.039999935775995255,0.024776902049779892,0.9996890425682068,0.0028146104887127876,0.9996129274368286,-0.024739162996411324,-0.012725287117064,0.0,0.0,0.0,0.0,0.0,0.0,0,0,none,completed,0.4800263047218323,-0.23866181075572968,0.06935220956802368,-0.12022105604410172,-0.23874923586845398,0.028499942272901535,1.0612080586724915e-05,1.1254506716795731e-05,0.70711350440979,0.707099974155426,1
afi_pilot_t0_root00_s8100_low,0,alphabet_soup_1,8100,0.28402085651781045,77,P4B,descend,77,3.85,0.0,0.0,3.0,0.0,0.0,0.0,0.0,0.0,0.0,0.0,0.0,0.0,0.0,0.0,0.039999935775995255,0.024776902049779892,0.9996890425682068,0.0028146104887127876,0.9996129274368286,-0.024739162996411324,-0.012725287117064,0.0,0.0,0.0,0.0,0.0,0.0,0,0,none,completed,0.480025976896286,-0.23866164684295654,0.06700927019119263,-0.12022050470113754,-0.23874984681606293,0.028499890118837357,7.817729965609033e-06,1.4161170838633552e-05,0.7071096897125244,0.7071037888526917,1
afi_pilot_t0_root00_s8100_low,0,alphabet_soup_1,8100,0.28402085651781045,78,P4B,descend,78,3.9000000000000004,0.0,0.0,3.0,0.0,0.0,0.0,0.0,0.0,0.0,0.0,0.0,0.0,0.0,0.0,0.039999935775995255,0.024776902049779892,0.9996890425682068,0.0028146104887127876,0.9996129274368286,-0.024739162996411324,-0.012725287117064,0.0,0.0,0.0,0.0,0.0,0.0,0,0,none,completed,0.4800260066986084,-0.23866161704063416,0.06466640532016754,-0.12022105604410172,-0.23874922096729279,0.028499945998191833,1.0700892744353041e-05,1.1367978004273027e-05,0.7071134448051453,0.7071000337600708,1
afi_pilot_t0_root00_s8100_low,0,alphabet_soup_1,8100,0.28402085651781045,79,P4B,descend,79,3.95,0.0,0.0,3.0,0.0,0.0,0.0,0.0,0.0,0.0,0.0,0.0,0.0,0.0,0.0,0.039999935775995255,0.024776902049779892,0.9996890425682068,0.0028146104887127876,0.9996129274368286,-0.024739162996411324,-0.012725287117064,0.0,0.0,0.0,0.0,0.0,0.0,0,0,none,completed,0.48002612590789795,-0.23866230249404907,0.06232410669326782,-0.12022051215171814,-0.23874986171722412,0.02849988453090191,7.712050319241825e-06,1.417557450622553e-05,0.7071098685264587,0.7071036100387573,1
afi_pilot_t0_root00_s8100_low,0,alphabet_soup_1,8100,0.28402085651781045,80,P4B,descend,80,4.0,0.0,0.0,3.0,0.0,0.0,0.0,0.0,0.0,0.0,0.0,0.0,0.0,0.0,0.0,0.039999935775995255,0.024776902049779892,0.9996890425682068,0.0028146104887127876,0.9996129274368286,-0.024739162996411324,-0.012725287117064,0.0,0.0,0.0,0.0,0.0,0.0,0,0,none,completed,0.4800258278846741,-0.23866219818592072,0.05998124182224274,-0.12022106349468231,-0.23874922096729279,0.028499945998191833,1.0718467819970101e-05,1.1258272934355773e-05,0.7071133255958557,0.7071001529693604,1
afi_pilot_t0_root00_s8100_low,0,alphabet_soup_1,8100,0.28402085651781045,81,P4B,close,81,4.05,3.0,0.0,3.0,0.0,0.0,0.0,0.0,0.0,0.0,0.0,0.0,0.0,0.0,0.0,0.03924597054719925,0.024776902049779892,0.9996890425682068,0.0028146104887127876,0.9996129274368286,-0.024739162996411324,-0.012725287117064,0.0,0.0,0.0,0.0,0.0,0.0,0,0,none,completed,0.4800100326538086,-0.23864713311195374,0.058514416217803955,-0.12022050470113754,-0.23874986171722412,0.028499888256192207,7.677418579987716e-06,1.4159842976368964e-05,0.7071098685264587,0.7071036100387573,1
afi_pilot_t0_root00_s8100_low,0,alphabet_soup_1,8100,0.28402085651781045,82,P4B,close,82,4.1000000000000005,3.0,0.0,3.0,0.0,0.0,0.0,0.0,0.0,0.0,0.0,0.0,0.0,0.0,0.0,0.038587432354688644,0.024776902049779892,0.9996890425682068,0.0028146104887127876,0.9996129274368286,-0.024739162996411324,-0.012725287117064,0.0,0.0,0.0,0.0,0.0,0.0,0,0,none,completed,0.48001986742019653,-0.23864994943141937,0.05764548480510712,-0.12022106349468231,-0.23874922096729279,0.028499945998191833,1.0718897101469338e-05,1.1291460396023467e-05,0.7071133255958557,0.7071001529693604,1
afi_pilot_t0_root00_s8100_low,0,alphabet_soup_1,8100,0.28402085651781045,83,P4B,close,83,4.15,3.0,0.0,3.0,0.0,0.0,0.0,0.0,0.0,0.0,0.0,0.0,0.0,0.0,0.0,0.03796587884426117,0.024776902049779892,0.9996890425682068,0.0028146104887127876,0.9996129274368286,-0.024739162996411324,-0.012725287117064,0.0,0.0,0.0,0.0,0.0,0.0,0,0,none,completed,0.48003342747688293,-0.2386578768491745,0.05713053047657013,-0.12022051215171814,-0.23874986171722412,0.028499888256192207,7.708329576416872e-06,1.4162900697556324e-05,0.7071098685264587,0.7071036100387573,1
afi_pilot_t0_root00_s8100_low,0,alphabet_soup_1,8100,0.28402085651781045,84,P4B,close,84,4.2,3.0,0.0,3.0,0.0,0.0,0.0,0.0,0.0,0.0,0.0,0.0,0.0,0.0,0.0,0.03735794872045517,0.024776902049779892,0.9996890425682068,0.0028146104887127876,0.9996129274368286,-0.024739162996411324,-0.012725287117064,0.0,0.0,0.0,0.0,0.0,0.0,0,0,none,completed,0.48004406690597534,-0.23866499960422516,0.056824907660484314,-0.12022105604410172,-0.23874922096729279,0.028499947860836983,1.0654532161424868e-05,1.130632790591335e-05,0.7071134448051453,0.7071000337600708,1
afi_pilot_t0_root00_s8100_low,0,alphabet_soup_1,8100,0.28402085651781045,85,P4B,close,85,4.25,3.0,0.0,3.0,0.0,0.0,0.0,0.0,0.0,0.0,0.0,0.0,0.0,0.0,0.0,0.036755017936229706,0.024776902049779892,0.9996890425682068,0.0028146104887127876,0.9996129274368286,-0.024739162996411324,-0.012725287117064,0.0,0.0,0.0,0.0,0.0,0.0,0,0,none,completed,0.4800512492656708,-0.23867084085941315,0.05664369463920593,-0.12022050470113754,-0.23874986171722412,0.028499888256192207,7.763057510601357e-06,1.4226444363885093e-05,0.7071098685264587,0.7071036100387573,1
afi_pilot_t0_root00_s8100_low,0,alphabet_soup_1,8100,0.28402085651781045,86,P4B,close,86,4.3,3.0,0.0,3.0,0.0,0.0,0.0,0.0,0.0,0.0,0.0,0.0,0.0,0.0,0.0,0.036153942346572876,0.024776902049779892,0.9996890425682068,0.0028146104887127876,0.9996129274368286,-0.024739162996411324,-0.012725287117064,0.0,0.0,0.0,0.0,0.0,0.0,0,0,none,completed,0.48005473613739014,-0.23867455124855042,0.056536197662353516,-0.12022105604410172,-0.23874922096729279,0.028499947860836983,1.070957750926027e-05,1.1242361324548256e-05,0.7071133255958557,0.7071001529693604,1
afi_pilot_t0_root00_s8100_low,0,alphabet_soup_1,8100,0.28402085651781045,87,P4B,close,87,4.3500000000000005,3.0,0.0,3.0,0.0,0.0,0.0,0.0,0.0,0.0,0.0,0.0,0.0,0.0,0.0,0.035553548485040665,0.024776902049779892,0.9996890425682068,0.0028146104887127876,0.9996129274368286,-0.024739162996411324,-0.012725287117064,0.0,0.0,0.0,0.0,0.0,0.0,0,0,none,completed,0.48005640506744385,-0.23867681622505188,0.056472450494766235,-0.12022050470113754,-0.23874986171722412,0.028499888256192207,7.679056579945609e-06,1.4175298929330893e-05,0.7071098685264587,0.7071036100387573,1
afi_pilot_t0_root00_s8100_low,0,alphabet_soup_1,8100,0.28402085651781045,88,P4B,close,88,4.4,3.0,0.0,3.0,0.0,0.0,0.0,0.0,0.0,0.0,0.0,0.0,0.0,0.0,0.0,0.034953393042087555,0.024776902049779892,0.9996890425682068,0.0028146104887127876,0.9996129274368286,-0.024739162996411324,-0.012725287117064,0.0,0.0,0.0,0.0,0.0,0.0,0,0,none,completed,0.4800562262535095,-0.23867787420749664,0.05643405020236969,-0.12022106349468231,-0.23874922096729279,0.028499947860836983,1.074605097528547e-05,1.128177154896548e-05,0.7071133255958557,0.7071001529693604,1
afi_pilot_t0_root00_s8100_low,0,alphabet_soup_1,8100,0.28402085651781045,89,P4B,close,89,4.45,3.0,0.0,3.0,0.0,0.0,0.0,0.0,0.0,0.0,0.0,0.0,0.0,0.0,0.0,0.034353338181972504,0.024776902049779892,0.9996890425682068,0.0028146104887127876,0.9996129274368286,-0.024739162996411324,-0.012725287117064,0.0,0.0,0.0,0.0,0.0,0.0,0,0,none,completed,0.480056494474411,-0.2386786937713623,0.05641202628612518,-0.12022050470113754,-0.23874986171722412,0.028499888256192207,7.66945413488429e-06,1.4176708646118641e-05,0.7071098685264587,0.7071036100387573,1
afi_pilot_t0_root00_s8100_low,0,alphabet_soup_1,8100,0.28402085651781045,90,P4B,close,90,4.5,3.0,0.0,3.0,0.0,0.0,0.0,0.0,0.0,0.0,0.0,0.0,0.0,0.0,0.0,0.03375331312417984,0.024776902049779892,0.9996890425682068,0.0028146104887127876,0.9996129274368286,-0.024739162996411324,-0.012725287117064,0.0,0.0,0.0,0.0,0.0,0.0,0,0,none,completed,0.4800550639629364,-0.23867866396903992,0.056398019194602966,-0.12022106349468231,-0.23874922096729279,0.028499947860836983,1.075566433428321e-05,1.130636974266963e-05,0.7071133255958557,0.7071001529693604,1
afi_pilot_t0_root00_s8100_low,0,alphabet_soup_1,8100,0.28402085651781045,91,P4B,close,91,4.55,3.0,0.0,3.0,0.0,0.0,0.0,0.0,0.0,0.0,0.0,0.0,0.0,0.0,0.0,0.03315330669283867,0.024776902049779892,0.9996890425682068,0.0028146104887127876,0.9996129274368286,-0.024739162996411324,-0.012725287117064,0.0,0.0,0.0,0.0,0.0,0.0,0,0,none,completed,0.48005419969558716,-0.2386787086725235,0.056389763951301575,-0.12022050470113754,-0.23874986171722412,0.028499888256192207,7.790887138980906e-06,1.4172774172038771e-05,0.7071097493171692,0.7071037292480469,1
afi_pilot_t0_root00_s8100_low,0,alphabet_soup_1,8100,0.28402085651781045,92,P4B,close,92,4.6000000000000005,3.0,0.0,3.0,0.0,0.0,0.0,0.0,0.0,0.0,0.0,0.0,0.0,0.0,0.0,0.032553303986787796,0.024776902049779892,0.9996890425682068,0.0028146104887127876,0.9996129274368286,-0.024739162996411324,-0.012725287117064,0.0,0.0,0.0,0.0,0.0,0.0,0,0,none,completed,0.48005369305610657,-0.23867875337600708,0.05638532340526581,-0.12022105604410172,-0.23874922096729279,0.028499944135546684,1.075009276974015e-05,1.1345205166435335e-05,0.7071133852005005,0.7071000933647156,1
afi_pilot_t0_root00_s8100_low,0,alphabet_soup_1,8100,0.28402085651781045,93,P4B,close,93,4.65,3.0,0.0,3.0,0.0,0.0,0.0,0.0,0.0,0.0,0.0,0.0,0.0,0.0,0.0,0.03195330873131752,0.024776902049779892,0.9996890425682068,0.0028146104887127876,0.9996129274368286,-0.024739162996411324,-0.012725287117064,0.0,0.0,0.2860965430736542,0.0021334318444132805,5.7219308614730835,0.0,0,0,none,completed,0.48005440831184387,-0.23867914080619812,0.05638328194618225,-0.12022050470113754,-0.23874986171722412,0.028499888256192207,7.754217222100124e-06,1.4157570149109233e-05,0.7071097493171692,0.7071037292480469,1
afi_pilot_t0_root00_s8100_low,0,alphabet_soup_1,8100,0.28402085651781045,94,P4B,close,94,4.7,3.0,0.0,3.0,0.0,0.0,0.0,0.0,0.0,0.0,0.0,0.0,0.0,0.0,0.0,0.03135330602526665,0.024776902049779892,0.9996890425682068,0.0028146104887127876,0.9996129274368286,-0.024739162996411324,-0.012725287117064,0.0,0.0,2.1346235275268555,0.11314402520656586,36.970539689064026,0.0,0,0,none,completed,0.4800543785095215,-0.23867908120155334,0.05638183653354645,-0.12022105604410172,-0.23874922096729279,0.028499944135546684,1.0700591701606754e-05,1.1301227459625807e-05,0.7071133255958557,0.7071001529693604,1
afi_pilot_t0_root00_s8100_low,0,alphabet_soup_1,8100,0.28402085651781045,95,P4B,close,95,4.75,3.0,0.0,3.0,0.0,0.0,0.0,0.0,0.0,0.0,0.0,0.0,0.0,0.0,0.0,0.030753299593925476,0.024776902049779892,0.9996890425682068,0.0028146104887127876,0.9996129274368286,-0.024739162996411324,-0.012725287117064,0.0,0.0,2.462743043899536,0.23121243715286255,6.562390327453613,0.0,0,0,none,completed,0.48005378246307373,-0.23867930471897125,0.056381016969680786,-0.12022050470113754,-0.23874986171722412,0.028499890118837357,7.83369250711985e-06,1.41541677294299e-05,0.7071096301078796,0.7071038484573364,1
afi_pilot_t0_root00_s8100_low,0,alphabet_soup_1,8100,0.28402085651781045,96,P4B,close,96,4.800000000000001,3.0,0.0,3.0,0.0,0.0,0.0,0.0,0.0,0.0,0.0,0.0,0.0,0.0,0.0,0.030153298750519753,0.024776902049779892,0.9996890425682068,0.0028146104887127876,0.9996129274368286,-0.024739162996411324,-0.012725287117064,0.0,0.0,2.411757230758667,0.2235354483127594,-1.0197162628173828,0.0,0,0,none,completed,0.48005372285842896,-0.23867876827716827,0.05638045072555542,-0.12022105604410172,-0.23874922096729279,0.028499945998191833,1.0634658792696428e-05,1.127527684730012e-05,0.7071134448051453,0.7071000337600708,1
afi_pilot_t0_root00_s8100_low,0,alphabet_soup_1,8100,0.28402085651781045,97,P4B,close,97,4.8500000000000005,3.0,0.0,3.0,0.0,0.0,0.0,0.0,0.0,0.0,0.0,0.0,0.0,0.0,0.0,0.029553299769759178,0.024776902049779892,0.9996890425682068,0.0028146104887127876,0.9996129274368286,-0.024739162996411324,-0.012725287117064,0.0,0.0,2.4469544887542725,0.3586806654930115,0.7039451599121094,0.0,0,0,none,completed,0.4800533950328827,-0.23867850005626678,0.05637960135936737,-0.12022050470113754,-0.23874984681606293,0.028499886393547058,7.781342901580501e-06,1.4156794350128621e-05,0.7071097493171692,0.7071037292480469,1
afi_pilot_t0_root00_s8100_low,0,alphabet_soup_1,8100,0.28402085651781045,98,P4B,close,98,4.9,3.0,0.0,3.0,0.0,0.0,0.0,0.0,0.0,0.0,0.0,0.0,0.0,0.0,0.0,0.028953298926353455,0.024776902049779892,0.9996890425682068,0.0028146104887127876,0.9996129274368286,-0.024739162996411324,-0.012725287117064,0.0,0.0,2.52078914642334,0.5698298811912537,1.4766931533813477,0.0,0,0,none,completed,0.4800534248352051,-0.238678440451622,0.05637957155704498,-0.12022106349468231,-0.23874923586845398,0.028499945998191833,1.0718288649513852e-05,1.1310466106806416e-05,0.7071134448051453,0.7071000337600708,1
afi_pilot_t0_root00_s8100_low,0,alphabet_soup_1,8100,0.28402085651781045,99,P4B,close,99,4.95,3.0,0.0,3.0,0.0,0.0,0.0,0.0,0.0,0.0,0.0,0.0,0.0,0.0,0.0,0.02835330180823803,0.024776902049779892,0.9996890425682068,0.0028146104887127876,0.9996129274368286,-0.024739162996411324,-0.012725287117064,0.0,0.0,2.471723794937134,0.5694295763969421,-0.9813070297241211,0.0,0,0,none,completed,0.4800534248352051,-0.238678440451622,0.05637957155704498,-0.12022050470113754,-0.23874986171722412,0.028499888256192207,7.705136340518948e-06,1.4141689462121576e-05,0.7071098685264587,0.7071036100387573,1
afi_pilot_t0_root00_s8100_low,0,alphabet_soup_1,8100,0.28402085651781045,100,P4B,close,100,5.0,3.0,0.0,3.0,0.0,0.0,0.0,0.0,0.0,0.0,0.0,0.0,0.0,0.0,0.0,0.02775787189602852,0.024776902049779892,0.9996890425682068,0.0028146104887127876,0.9996129274368286,-0.024739162996411324,-0.012725287117064,0.0,0.0,2.4234955310821533,0.569176435470581,-0.9645652770996094,0.0,0,0,none,completed,0.4800530672073364,-0.23867982625961304,0.05637970566749573,-0.12022074311971664,-0.23874834179878235,0.028499944135546684,9.270290320273489e-06,1.1804419955296908e-05,0.7071179151535034,0.7070955634117126,1
afi_pilot_t0_root00_s8100_low,0,alphabet_soup_1,8100,0.28402085651781045,101,P4B,close,101,5.050000000000001,3.0,0.0,3.0,0.0,0.0,0.0,0.0,0.0,0.0,0.0,0.0,0.0,0.0,0.0,0.027169572189450264,0.024776902049779892,0.9996890425682068,0.0028146104887127876,0.9996129274368286,-0.024739162996411324,-0.012725287117064,0.0,0.0,2.3758392333984375,0.5685630440711975,-0.9531259536743164,0.0,0,0,none,completed,0.4800519049167633,-0.23868519067764282,0.05638052523136139,-0.1202201247215271,-0.23874825239181519,0.028499821200966835,5.2861691983707715e-06,1.486227301938925e-05,0.7071173191070557,0.7070961594581604,1
afi_pilot_t0_root00_s8100_low,0,alphabet_soup_1,8100,0.28402085651781045,102,P4B,close,102,5.1000000000000005,3.0,0.0,3.0,0.0,0.0,0.0,0.0,0.0,0.0,0.0,0.0,0.0,0.0,0.0,0.026582535356283188,0.024776902049779892,0.9996890425682068,0.0028146104887127876,0.9996129274368286,-0.024739162996411324,-0.012725287117064,0.0,0.0,2.3285887241363525,0.5676532983779907,-0.9450101852416992,0.0,0,0,none,completed,0.4800514578819275,-0.23868723213672638,0.05638119578361511,-0.12022056430578232,-0.23874887824058533,0.028499891981482506,5.987909844407113e-06,1.1244346751482226e-05,0.7071137428283691,0.7070997357368469,1
afi_pilot_t0_root00_s8100_low,0,alphabet_soup_1,8100,0.28402085651781045,103,P4B,close,103,5.15,3.0,0.0,3.0,0.0,0.0,0.0,0.0,0.0,0.0,0.0,0.0,0.0,0.0,0.0,0.025994058698415756,0.024776902049779892,0.9996890425682068,0.0028146104887127876,0.9996129274368286,-0.024739162996411324,-0.012725287117064,0.0,0.0,2.31483793258667,0.5705578923225403,-0.27501583099365234,0.0,0,0,none,completed,0.48005199432373047,-0.2386874556541443,0.05638216435909271,-0.1202208399772644,-0.23874901235103607,0.028499875217676163,6.598229447263293e-06,9.17886063689366e-06,0.7071134448051453,0.7071000337600708,1
afi_pilot_t0_root00_s8100_low,0,alphabet_soup_1,8100,0.28402085651781045,104,P4B,close,104,5.2,3.0,0.0,3.0,0.0,0.0,0.0,0.0,0.0,0.0,0.0,0.0,0.0,0.0,0.0,0.025405023247003555,0.024776902049779892,0.9996890425682068,0.0028146104887127876,0.9996129274368286,-0.024739162996411324,-0.012725287117064,0.0,0.0,4.264339923858643,1.6525535583496094,38.99003982543945,0.0,0,0,none,completed,0.4800524115562439,-0.23868697881698608,0.05638226866722107,-0.12022096663713455,-0.23874910175800323,0.02849987894296646,6.737185231031617e-06,8.091273230093066e-06,0.7071129679679871,0.707100510597229,1
afi_pilot_t0_root00_s8100_low,0,alphabet_soup_1,8100,0.28402085651781045,105,P4B,close,105,5.25,3.0,0.0,3.0,0.0,0.0,0.0,0.0,0.0,0.0,0.0,0.0,0.0,0.0,0.0,0.024815771728754044,0.024776902049779892,0.9996890425682068,0.0028146104887127876,0.9996129274368286,-0.024739162996411324,-0.012725287117064,0.0,0.0,4.579547882080078,1.6562198400497437,6.304159164428711,0.0,0,0,none,completed,0.4800525903701782,-0.23868678510189056,0.0563824325799942,-0.12022090703248978,-0.238749161362648,0.028499888256192207,6.192122782522347e-06,7.951624866109341e-06,0.7071126103401184,0.7071008682250977,1
afi_pilot_t0_root00_s8100_low,0,alphabet_soup_1,8100,0.28402085651781045,106,P4B,close,106,5.300000000000001,3.0,0.15802648663520813,3.0,1.709470510482788,0.0450478121638298,0.026351909487521617,0.0020242631435394287,0.023978769779205322,-0.9652565717697144,-0.0017938017845153809,0.021068453788757324,-0.854735255241394,0.11055976152420044,0.060728659444517344,0.024475181475281715,0.024776902049779892,0.9996890425682068,0.0028146104887127876,0.9996129274368286,-0.024739162996411324,-0.012725287117064,0.0,0.0,4.726709842681885,1.6416823863983154,2.943239212036133,0.0,1,1,bilateral,completed,0.48004603385925293,-0.23872429132461548,0.056388065218925476,-0.12021400034427643,-0.2386544942855835,0.028499841690063477,0.0003316633519716561,0.0002843189868144691,0.7071316242218018,0.7070817351341248,1
afi_pilot_t0_root00_s8100_low,0,alphabet_soup_1,8100,0.28402085651781045,107,P4B,close,107,5.3500000000000005,3.0,2.4277899265289307,3.0,4.9708757400512695,0.12411388009786606,0.024968212159852933,0.005367279052734375,0.06290102005004883,-2.5686464309692383,-0.0052220821380615234,0.061212778091430664,-2.4854378700256348,0.08322501182556152,0.01646188288276562,0.024335943162441254,0.024776902049779892,0.9996890425682068,0.0028146104887127876,0.9996129274368286,-0.024739162996411324,-0.012725287117064,0.0,0.0,4.768671989440918,1.6673027276992798,0.8392429351806641,0.0,1,1,bilateral,completed,0.48004865646362305,-0.23871633410453796,0.05638718605041504,-0.12023069709539413,-0.23862680792808533,0.02850012294948101,0.0006302028778009117,0.0006894356338307261,0.7071130871772766,0.7070997357368469,1
afi_pilot_t0_root00_s8100_low,0,alphabet_soup_1,8100,0.28402085651781045,108,P4B,close,108,5.4,3.0,3.8440709114074707,3.0,4.868104934692383,0.1204991489648819,0.024752783800149593,0.005173325538635254,0.06052851676940918,-2.4708075523376465,-0.005124211311340332,0.05997061729431152,-2.4340524673461914,0.036757707595825195,0.007491862470799944,0.024317927658557892,0.024776902049779892,0.9996890425682068,0.0028146104887127876,0.9996129274368286,-0.024739162996411324,-0.012725287117064,0.0,0.0,4.77249813079834,1.6678882837295532,0.0765228271484375,0.0,1,1,bilateral,completed,0.480053186416626,-0.2387087345123291,0.05638681352138519,-0.12024068832397461,-0.23861035704612732,0.028499625623226166,0.000836438441183418,0.000864796806126833,0.7071142196655273,0.7070981860160828,1
afi_pilot_t0_root00_s8100_low,0,alphabet_soup_1,8100,0.28402085651781045,109,P4B,close,109,5.45,3.0,3.5954582691192627,3.0,2.8457727432250977,0.07113855332136154,0.024997974097095553,0.003079652786254883,0.036080002784729004,-1.4727660417556763,-0.0029918551445007324,0.03505849838256836,-1.4228863716125488,0.04988980293273926,0.017223974638770893,0.024386301636695862,0.024776902049779892,0.9996890425682068,0.0028146104887127876,0.9996129274368286,-0.024739162996411324,-0.012725287117064,0.0,0.0,4.768014430999756,1.6685816049575806,-0.08967399597167969,0.0,1,1,bilateral,completed,0.4800556004047394,-0.2387092411518097,0.05638915300369263,-0.12024281173944473,-0.23860779404640198,0.028499668464064598,0.0009091843385249376,0.0009087748476304114,0.7071141004562378,0.7070982456207275,1
afi_pilot_t0_root00_s8100_low,0,alphabet_soup_1,8100,0.28402085651781045,110,P4B,close,110,5.5,3.0,2.7684295177459717,3.0,1.885021448135376,0.04749676212668419,0.025196934588551764,0.002073943614959717,0.024272263050079346,-0.9907200336456299,-0.001983940601348877,0.02322441339492798,-0.942510724067688,0.04822057485580444,0.02493542120832615,0.02442437969148159,0.024776902049779892,0.9996890425682068,0.0028146104887127876,0.9996129274368286,-0.024739162996411324,-0.012725287117064,0.0,0.0,4.763236999511719,1.668807029724121,-0.09554862976074219,0.0,1,1,bilateral,completed,0.4800528883934021,-0.23870854079723358,0.056388214230537415,-0.1202431470155716,-0.2386080026626587,0.028499675914645195,0.0009027529158629477,0.0008989621419459581,0.7071129679679871,0.7070993185043335,1
afi_pilot_t0_root00_s8100_low,0,alphabet_soup_1,8100,0.28402085651781045,111,P4B,close,111,5.550000000000001,3.0,2.4753401279449463,3.0,2.408134937286377,0.06070077046751976,0.02520654865624799,0.0026506781578063965,0.031034469604492188,-1.2668538093566895,-0.0025327205657958984,0.02966618537902832,-1.2040674686431885,0.06280112266540527,0.025408355634987514,0.024407589808106422,0.024776902049779892,0.9996890425682068,0.0028146104887127876,0.9996129274368286,-0.024739162996411324,-0.012725287117064,0.0,0.0,4.765584945678711,1.6687616109848022,0.04695892333984375,0.0,1,1,bilateral,completed,0.4800545275211334,-0.23870590329170227,0.056389033794403076,-0.12024297565221786,-0.23860697448253632,0.02849946729838848,0.0009060523007065058,0.0009030565852299333,0.7071182131767273,0.7070940732955933,1
afi_pilot_t0_root00_s8100_low,0,alphabet_soup_1,8100,0.28402085651781045,112,P4B,close,112,5.6000000000000005,3.0,3.0282509326934814,3.0,3.842724323272705,0.09639250487089157,0.025084418439050987,0.0041887760162353516,0.0490567684173584,-2.002634048461914,-0.004041194915771484,0.04733562469482422,-1.9213621616363525,0.08128976821899414,0.02070977415768788,0.02435540221631527,0.024776902049779892,0.9996890425682068,0.0028146104887127876,0.9996129274368286,-0.024739162996411324,-0.012725287117064,0.0,0.0,4.7709197998046875,1.66843581199646,0.10669708251953125,0.0,1,1,bilateral,completed,0.4800560176372528,-0.23870131373405457,0.056388065218925476,-0.12024258077144623,-0.23860600590705872,0.028499338775873184,0.000915589218493551,0.0009153963765129447,0.7071241140365601,0.7070881724357605,1
afi_pilot_t0_root00_s8100_low,0,alphabet_soup_1,8100,0.28402085651781045,113,P4B,close,113,5.65,3.0,3.3003604412078857,3.0,3.3692355155944824,0.08439036458730698,0.025047333199684847,0.0036613941192626953,0.04287910461425781,-1.7501516342163086,-0.0035445690155029297,0.0415111780166626,-1.6846177577972412,0.06554782390594482,0.019077818193324665,0.02437131479382515,0.024776902049779892,0.9996890425682068,0.0028146104887127876,0.9996129274368286,-0.024739162996411324,-0.012725287117064,0.0,0.0,4.769537925720215,1.6684938669204712,-0.027637481689453125,0.0,1,1,bilateral,completed,0.4800565540790558,-0.23870357871055603,0.05638830363750458,-0.12024235725402832,-0.23860697448253632,0.028499560430645943,0.0009103802149184048,0.000913793221116066,0.707118034362793,0.7070942521095276,1
afi_pilot_t0_root00_s8100_low,0,alphabet_soup_1,8100,0.28402085651781045,114,P4B,close,114,5.7,3.0,3.3210256099700928,3.0,3.3243284225463867,0.08323617279529572,0.02503849265637179,0.0036104321479797363,0.042281150817871094,-1.7258801460266113,-0.003496527671813965,0.04095494747161865,-1.6621642112731934,0.06372940540313721,0.01880436935905149,0.024372296407818794,0.024776902049779892,0.9996890425682068,0.0028146104887127876,0.9996129274368286,-0.024739162996411324,-0.012725287117064,0.0,0.0,4.769416332244873,1.668502926826477,-0.0024318695068359375,0.0,1,1,bilateral,completed,0.48005640506744385,-0.23870398104190826,0.05638842284679413,-0.1202424019575119,-0.23860695958137512,0.028499556705355644,0.0009102579206228256,0.0009135579457506537,0.7071187496185303,0.7070935368537903,1
afi_pilot_t0_root00_s8100_low,0,alphabet_soup_1,8100,0.28402085651781045,115,P4B,close,115,5.75,3.0,3.321659564971924,3.0,3.3205463886260986,0.08319254964590073,0.025053873642862216,0.0036110281944274902,0.042282700538635254,-1.725888729095459,-0.003493368625640869,0.040909767150878906,-1.6602731943130493,0.06562948226928711,0.01937578399354849,0.02437240071594715,0.024776902049779892,0.9996890425682068,0.0028146104887127876,0.9996129274368286,-0.024739162996411324,-0.012725287117064,0.0,0.0,4.76938009262085,1.6685007810592651,-0.00072479248046875,0.0,1,1,bilateral,completed,0.4800562262535095,-0.23870384693145752,0.05638819932937622,-0.1202423945069313,-0.23860682547092438,0.028499523177742958,0.0009102996555157006,0.0009134616702795029,0.7071191072463989,0.7070931792259216,1
afi_pilot_t0_root00_s8100_low,0,alphabet_soup_1,8100,0.28402085651781045,116,P4B,close,116,5.800000000000001,3.0,3.3208730220794678,3.0,3.323261260986328,0.08321411907672882,0.025039896818714536,0.003609776496887207,0.04227030277252197,-1.7253680229187012,-0.0034961700439453125,0.04094374179840088,-1.661630630493164,0.06375086307525635,0.018816509293884346,0.024372410029172897,0.024776902049779892,0.9996890425682068,0.0028146104887127876,0.9996129274368286,-0.024739162996411324,-0.012725287117064,0.0,0.0,4.769421100616455,1.668503761291504,0.000820159912109375,0.0,1,1,bilateral,completed,0.4800564646720886,-0.23870384693145752,0.05638851225376129,-0.1202424019575119,-0.23860691487789154,0.0284995399415493,0.0009102231124415994,0.0009134641732089221,0.7071188688278198,0.7070934176445007,1
afi_pilot_t0_root00_s8100_low,0,alphabet_soup_1,8100,0.28402085651781045,117,P4B,close,117,5.8500000000000005,3.0,3.3213260173797607,3.0,3.3206052780151367,0.08320160955190659,0.025056157714005572,0.0036104917526245117,0.04229104518890381,-1.726212501525879,-0.003492295742034912,0.04091048240661621,-1.6603026390075684,0.06592392921447754,0.019460683479220132,0.02437247708439827,0.024776902049779892,0.9996890425682068,0.0028146104887127876,0.9996129274368286,-0.024739162996411324,-0.012725287117064,0.0,0.0,4.769474983215332,1.6685032844543457,0.0010776519775390625,0.0,1,1,bilateral,completed,0.4800563454627991,-0.23870393633842468,0.056388601660728455,-0.12024245411157608,-0.23860687017440796,0.028499530628323555,0.0009105624631047249,0.0009130819234997034,0.707119345664978,0.7070929408073425,1
afi_pilot_t0_root00_s8100_low,0,alphabet_soup_1,8100,0.28402085651781045,118,P4B,close,118,5.9,3.0,3.3211052417755127,3.0,3.321732759475708,0.0832035169005394,0.025048227213098257,0.0036104321479797363,0.04227936267852783,-1.7257788181304932,-0.0034943222999572754,0.040924072265625,-1.660866379737854,0.0649261474609375,0.019165402732097412,0.024372460320591927,0.024776902049779892,0.9996890425682068,0.0028146104887127876,0.9996129274368286,-0.024739162996411324,-0.012725287117064,0.0,0.0,4.769375801086426,1.668501377105713,-0.001983642578125,0.0,1,1,bilateral,completed,0.4800562858581543,-0.2387036830186844,0.05638815462589264,-0.12024237960577011,-0.23860687017440796,0.0284995399415493,0.0009101311443373561,0.0009135437430813909,0.7071192860603333,0.7070930004119873,1
afi_pilot_t0_root00_s8100_low,0,alphabet_soup_1,8100,0.28402085651781045,119,P4B,close,119,5.95,3.0,3.3211476802825928,3.0,3.3219919204711914,0.08320780843496323,0.02504756496312039,0.0036103129386901855,0.04228031635284424,-1.7257938385009766,-0.0034943222999572754,0.04092741012573242,-1.6609959602355957,0.06481170654296875,0.019130803916015883,0.024372460320591927,0.024776902049779892,0.9996890425682068,0.0028146104887127876,0.9996129274368286,-0.024739162996411324,-0.012725287117064,0.0,0.0,4.76948356628418,1.6685024499893188,0.002155303955078125,0.0,1,1,bilateral,completed,0.48005640506744385,-0.23870396614074707,0.05638863146305084,-0.12024248391389847,-0.23860688507556915,0.028499536216259003,0.0009106753277592361,0.000913087569642812,0.7071190476417542,0.7070932388305664,1
afi_pilot_t0_root00_s8100_low,0,alphabet_soup_1,8100,0.28402085651781045,120,P4B,close,120,6.0,3.0,3.3210248947143555,3.0,3.320213794708252,0.08320602774620056,0.025060442757877253,0.0036121010780334473,0.04230093955993652,-1.7266411781311035,-0.003492295742034912,0.040904998779296875,-1.660106897354126,0.06654858589172363,0.01964372942950528,0.024372603744268417,0.024776902049779892,0.9996890425682068,0.0028146104887127876,0.9996129274368286,-0.024739162996411324,-0.012725287117064,0.0,0.0,4.769362926483154,1.6684989929199219,-0.0024127960205078125,0.0,1,1,bilateral,completed,0.4800562858581543,-0.23870351910591125,0.056388333439826965,-0.1202424019575119,-0.23860688507556915,0.028499549254775047,0.0009102021576836705,0.0009134470019489527,0.7071191668510437,0.7070931196212769,1
afi_pilot_t0_root00_s8100_low,0,alphabet_soup_1,8100,0.28402085651781045,121,P4B,close,121,6.050000000000001,3.0,3.3212995529174805,3.0,3.3216471672058105,0.08320995420217514,0.025050810641086798,0.0036123991012573242,0.04228651523590088,-1.7260372638702393,-0.003495156764984131,0.040923357009887695,-1.6608235836029053,0.06522750854492188,0.019253134552797983,0.024372486397624016,0.024776902049779892,0.9996890425682068,0.0028146104887127876,0.9996129274368286,-0.024739162996411324,-0.012725287117064,0.0,0.0,4.769304275512695,1.6684966087341309,-0.0011730194091796875,0.0,1,1,bilateral,completed,0.4800560474395752,-0.23870350420475006,0.056388214230537415,-0.12024244666099548,-0.23860682547092438,0.02849952131509781,0.0009104820201173425,0.0009132728446274996,0.7071192860603333,0.7070930004119873,1
afi_pilot_t0_root00_s8100_low,0,alphabet_soup_1,8100,0.28402085651781045,122,P4B,close,122,6.1000000000000005,3.0,3.320827007293701,3.0,3.3210692405700684,0.0832192525267601,0.025057969737624423,0.0036118030548095703,0.04230296611785889,-1.7267273664474487,-0.0034929513931274414,0.04091620445251465,-1.6605346202850342,0.0662069320678711,0.019539915667037843,0.024372639134526253,0.024776902049779892,0.9996890425682068,0.0028146104887127876,0.9996129274368286,-0.024739162996411324,-0.012725287117064,0.0,0.0,4.7694573402404785,1.668506145477295,0.0030612945556640625,0.0,1,1,bilateral,completed,0.4800564646720886,-0.2387036234140396,0.056388601660728455,-0.1202423945069313,-0.23860684037208557,0.028499528765678406,0.0009101844625547528,0.0009133912390097976,0.7071194052696228,0.7070928812026978,1
afi_pilot_t0_root00_s8100_low,0,alphabet_soup_1,8100,0.28402085651781045,123,P4B,close,123,6.15,3.0,3.320986270904541,3.0,3.3220906257629395,0.08321186155080795,0.02504804080463573,0.003610074520111084,0.04228329658508301,-1.7258994579315186,-0.0034935474395751953,0.04092848300933838,-1.6610453128814697,0.06486797332763672,0.019146536634193734,0.024372534826397896,0.024776902049779892,0.9996890425682068,0.0028146104887127876,0.9996129274368286,-0.024739162996411324,-0.012725287117064,0.0,0.0,4.76939058303833,1.6684861183166504,-0.00133514404296875,0.0,1,1,bilateral,completed,0.48005613684654236,-0.23870384693145752,0.056388482451438904,-0.12024237215518951,-0.23860689997673035,0.028499556705355644,0.0009101937175728381,0.0009136876906268299,0.7071188688278198,0.7070934176445007,1
afi_pilot_t0_root00_s8100_low,0,alphabet_soup_1,8100,0.28402085651781045,124,P4B,close,124,6.2,3.0,3.321096897125244,3.0,3.3203253746032715,0.08320613950490952,0.025059634257938165,0.0036115646362304688,0.04229915142059326,-1.7265516519546509,-0.003492414951324463,0.04090690612792969,-1.6601626873016357,0.06640315055847168,0.019600995888094407,0.024372583255171776,0.024776902049779892,0.9996890425682068,0.0028146104887127876,0.9996129274368286,-0.024739162996411324,-0.012725287117064,0.0,0.0,4.769416809082031,1.6685009002685547,0.0005245208740234375,0.0,1,1,bilateral,completed,0.4800562858581543,-0.2387036383152008,0.05638836324214935,-0.12024248391389847,-0.23860687017440796,0.0284995399415493,0.0009107358637265861,0.0009129525860771537,0.7071191072463989,0.7070931792259216,1
afi_pilot_t0_root00_s8100_low,0,alphabet_soup_1,8100,0.28402085651781045,125,P4B,close,125,6.25,3.0,3.321293354034424,3.0,3.318326950073242,0.08320614695549011,0.025074728381919566,0.0036134719848632812,0.042322754859924316,-1.727483868598938,-0.0034900307655334473,0.04088330268859863,-1.659163475036621,0.06833529472351074,0.0201717284308069,0.024372683838009834,0.024776902049779892,0.9996890425682068,0.0028146104887127876,0.9996129274368286,-0.024739162996411324,-0.012725287117064,0.0,0.0,4.769466400146484,1.668503999710083,0.0009918212890625,0.0,1,1,bilateral,completed,0.480056494474411,-0.23870359361171722,0.05638857185840607,-0.12024236470460892,-0.2386067807674408,0.028499530628323555,0.0009101172327063978,0.000913482450414449,0.7071192264556885,0.7070930600166321,1
afi_pilot_t0_root00_s8100_low,0,alphabet_soup_1,8100,0.28402085651781045,126,P4B,close,126,6.300000000000001,3.0,3.321385383605957,3.0,3.318572998046875,0.08319970965385437,0.02507092949373753,0.0036122798919677734,0.04231393337249756,-1.7271509170532227,-0.0034896135330200195,0.04088568687438965,-1.6592864990234375,0.06787919998168945,0.020038335970567703,0.024372626096010208,0.024776902049779892,0.9996890425682068,0.0028146104887127876,0.9996129274368286,-0.024739162996411324,-0.012725287117064,0.0,0.0,4.7694525718688965,1.6684988737106323,-0.0002765655517578125,0.0,1,1,bilateral,completed,0.4800563454627991,-0.23870372772216797,0.05638875067234039,-0.12024237960577011,-0.23860682547092438,0.0284995436668396,0.0009102586191147566,0.0009134707506746054,0.7071191668510437,0.7070931196212769,1
afi_pilot_t0_root00_s8100_low,0,alphabet_soup_1,8100,0.28402085651781045,127,P4B,close,127,6.3500000000000005,3.0,3.320997953414917,3.0,3.319319725036621,0.08321067690849304,0.02506859350753715,0.003613412380218506,0.04231548309326172,-1.7272074222564697,-0.0034912824630737305,0.04089510440826416,-1.6596598625183105,0.06756210327148438,0.01994219651145271,0.024372659623622894,0.024776902049779892,0.9996890425682068,0.0028146104887127876,0.9996129274368286,-0.024739162996411324,-0.012725287117064,0.0,0.0,4.76938009262085,1.6684966087341309,-0.0014495849609375,0.0,1,1,bilateral,completed,0.4800562262535095,-0.23870353400707245,0.05638854205608368,-0.12024245411157608,-0.23860689997673035,0.02849956415593624,0.0009105562930926681,0.000913019641302526,0.7071188688278198,0.7070934176445007,1
afi_pilot_t0_root00_s8100_low,0,alphabet_soup_1,8100,0.28402085651781045,128,P4B,close,128,6.4,3.0,3.321131944656372,3.0,3.321288585662842,0.08320959657430649,0.025053407564010293,0.0036107897758483887,0.042290329933166504,-1.726192593574524,-0.00349348783493042,0.04091918468475342,-1.660644292831421,0.06556236743927002,0.019352110685753477,0.02437254786491394,0.024776902049779892,0.9996890425682068,0.0028146104887127876,0.9996129274368286,-0.024739162996411324,-0.012725287117064,0.0,0.0,4.769355773925781,1.6684964895248413,-0.0004863739013671875,0.0,1,1,bilateral,completed,0.4800560474395752,-0.23870359361171722,0.05638836324214935,-0.12024246901273727,-0.23860684037208557,0.02849952131509781,0.0009105203207582235,0.0009130563121289015,0.7071194648742676,0.707092821598053,1
afi_pilot_t0_root00_s8100_low,0,alphabet_soup_1,8100,0.28402085651781045,129,P4B,close,129,6.45,3.0,3.320960521697998,3.0,3.320966958999634,0.08321770280599594,0.02505827484386156,0.0036125779151916504,0.04230213165283203,-1.7266428470611572,-0.00349348783493042,0.040915489196777344,-1.660483479499817,0.06617355346679688,0.019530846482108594,0.024372611194849014,0.024776902049779892,0.9996890425682068,0.0028146104887127876,0.9996129274368286,-0.024739162996411324,-0.012725287117064,0.0,0.0,4.769455909729004,1.6685101985931396,0.002002716064453125,0.0,1,1,bilateral,completed,0.4800565540790558,-0.23870356380939484,0.056388601660728455,-0.12024237960577011,-0.23860682547092438,0.028499530628323555,0.0009101335308514535,0.000913528201635927,0.707119345664978,0.7070929408073425,1
afi_pilot_t0_root00_s8100_low,0,alphabet_soup_1,8100,0.28402085651781045,130,P4B,close,130,6.5,3.0,3.3212568759918213,3.0,3.320425033569336,0.08320566266775131,0.02505873851285486,0.003612220287322998,0.0422968864440918,-1.7264518737792969,-0.0034932494163513184,0.04090869426727295,-1.660212516784668,0.06625354290008545,0.01955712210372314,0.024372564628720284,0.024776902049779892,0.9996890425682068,0.0028146104887127876,0.9996129274368286,-0.024739162996411324,-0.012725287117064,0.0,0.0,4.7693705558776855,1.6684964895248413,-0.0017070770263671875,0.0,1,1,bilateral,completed,0.4800562262535095,-0.23870359361171722,0.056388452649116516,-0.12024246901273727,-0.23860688507556915,0.028499547392129898,0.0009107195073738694,0.000913019641302526,0.7071189880371094,0.7070932984352112,1
afi_pilot_t0_root00_s8100_low,0,alphabet_soup_1,8100,0.28402085651781045,131,P4B,close,131,6.550000000000001,3.0,3.3209900856018066,3.0,3.321269989013672,0.0832119807600975,0.025054265698167235,0.0036125779151916504,0.04229319095611572,-1.7263062000274658,-0.0034946203231811523,0.040918707847595215,-1.660634994506836,0.06568527221679688,0.019387792370525382,0.024372559040784836,0.024776902049779892,0.9996890425682068,0.0028146104887127876,0.9996129274368286,-0.024739162996411324,-0.012725287117064,0.0,0.0,4.7693705558776855,1.6685032844543457,0.0,0.0,1,1,bilateral,completed,0.4800563454627991,-0.23870350420475006,0.05638851225376129,-0.1202424019575119,-0.23860688507556915,0.028499547392129898,0.0009101404575631022,0.0009133953135460615,0.7071191668510437,0.7070931196212769,1
afi_pilot_t0_root00_s8100_low,0,alphabet_soup_1,8100,0.28402085651781045,132,P4B,close,132,6.6000000000000005,3.0,3.320821523666382,3.0,3.322402000427246,0.0832182988524437,0.025047630853142454,0.0036118626594543457,0.04228472709655762,-1.72594153881073,-0.0034955739974975586,0.04093348979949951,-1.661201000213623,0.06475424766540527,0.019111852882663486,0.024372553452849388,0.024776902049779892,0.9996890425682068,0.0028146104887127876,0.9996129274368286,-0.024739162996411324,-0.012725287117064,0.0,0.0,4.769392967224121,1.6684980392456055,0.0004482269287109375,0.0,1,1,bilateral,completed,0.48005610704421997,-0.2387036830186844,0.056388452649116516,-0.12024249881505966,-0.23860687017440796,0.028499525040388107,0.0009106610086746514,0.0009130045655183494,0.7071192264556885,0.7070930600166321,1
afi_pilot_t0_root00_s8100_low,0,alphabet_soup_1,8100,0.28402085651781045,133,P4B,close,133,6.65,3.0,3.320789337158203,3.0,3.320298671722412,0.08321604132652283,0.025062818003464226,0.0036119818687438965,0.04230844974517822,-1.7268949747085571,-0.003491818904876709,0.04090750217437744,-1.660149335861206,0.06676006317138672,0.019704429337737178,0.024372665211558342,0.024776902049779892,0.9996890425682068,0.0028146104887127876,0.9996129274368286,-0.024739162996411324,-0.012725287117064,0.0,0.0,4.769479274749756,1.6684963703155518,0.0017261505126953125,0.0,1,1,bilateral,completed,0.48005613684654236,-0.23870378732681274,0.056388601660728455,-0.12024252116680145,-0.23860682547092438,0.02849951945245266,0.0009108619997277856,0.0009128031088039279,0.7071194052696228,0.7070928812026978,1
afi_pilot_t0_root00_s8100_low,0,alphabet_soup_1,8100,0.28402085651781045,134,P4B,close,134,6.7,3.0,3.321068286895752,3.0,3.3211965560913086,0.08320792764425278,0.025053599279345144,0.0036122798919677734,0.042290687561035156,-1.7262111902236938,-0.003493666648864746,0.040917158126831055,-1.6605982780456543,0.06562685966491699,0.019371305057571536,0.024372560903429985,0.024776902049779892,0.9996890425682068,0.0028146104887127876,0.9996129274368286,-0.024739162996411324,-0.012725287117064,0.0,0.0,4.769344806671143,1.668495535850525,-0.002689361572265625,0.0,1,1,bilateral,completed,0.48005610704421997,-0.23870353400707245,0.056388214230537415,-0.12024249881505966,-0.23860689997673035,0.028499547392129898,0.0009108057129196823,0.0009129931568168104,0.7071189284324646,0.707093358039856,1
afi_pilot_t0_root00_s8100_low,0,alphabet_soup_1,8100,0.28402085651781045,135,P4B,close,135,6.75,3.0,3.3209311962127686,3.0,3.3202896118164062,0.08321484923362732,0.025062527358299804,0.003613591194152832,0.042308926582336426,-1.7269840240478516,-0.003493010997772217,0.04090583324432373,-1.6601448059082031,0.06685364246368408,0.019731558009497736,0.024372665211558342,0.024776902049779892,0.9996890425682068,0.0028146104887127876,0.9996129274368286,-0.024739162996411324,-0.012725287117064,0.0,0.0,4.769369125366211,1.668497085571289,0.0004863739013671875,0.0,1,1,bilateral,completed,0.48005619645118713,-0.2387034147977829,0.056388333439826965,-0.12024243175983429,-0.238606795668602,0.02849951945245266,0.0009105526260100305,0.0009132897830568254,0.7071190476417542,0.7070932388305664,1
afi_pilot_t0_root00_s8100_low,0,alphabet_soup_1,8100,0.28402085651781045,136,P4B,close,136,6.800000000000001,3.0,3.321000814437866,3.0,3.3209609985351562,0.08321412652730942,0.025057242937816603,0.0036129355430603027,0.042299509048461914,-1.7265549898147583,-0.003493964672088623,0.04091453552246094,-1.6604804992675781,0.06608867645263672,0.019506319730645646,0.024372629821300507,0.024776902049779892,0.9996890425682068,0.0028146104887127876,0.9996129274368286,-0.024739162996411324,-0.012725287117064,0.0,0.0,4.7693634033203125,1.6684985160827637,-0.00011444091796875,0.0,1,1,bilateral,completed,0.48005610704421997,-0.23870351910591125,0.05638851225376129,-0.12024246156215668,-0.23860682547092438,0.02849951945245266,0.0009105937788262963,0.0009130930411629379,0.7071194052696228,0.7070928812026978,1
afi_pilot_t0_root00_s8100_low,0,alphabet_soup_1,8100,0.28402085651781045,137,P4B,close,137,6.8500000000000005,3.0,3.321040391921997,3.0,3.3223319053649902,0.08321305364370346,0.02504658053860567,0.0036107301712036133,0.042281389236450195,-1.725822925567627,-0.0034946799278259277,0.0409315824508667,-1.6611659526824951,0.06467080116271973,0.019088090472463824,0.024372518062591553,0.024776902049779892,0.9996890425682068,0.0028146104887127876,0.9996129274368286,-0.024739162996411324,-0.012725287117064,0.0,0.0,4.769354820251465,1.6684861183166504,-0.000171661376953125,0.0,1,1,bilateral,completed,0.48005592823028564,-0.23870377242565155,0.05638830363750458,-0.12024244666099548,-0.23860687017440796,0.028499536216259003,0.0009104348137043417,0.0009131947881542146,0.7071190476417542,0.7070932388305664,1
afi_pilot_t0_root00_s8100_low,0,alphabet_soup_1,8100,0.28402085651781045,138,P4B,close,138,6.9,3.0,3.3210315704345703,3.0,3.3205652236938477,0.08320841193199158,0.025058508514833287,0.0036121010780334473,0.04229843616485596,-1.7265324592590332,-0.003492593765258789,0.04090988636016846,-1.6602826118469238,0.06626415252685547,0.019559383939787397,0.024372616782784462,0.024776902049779892,0.9996890425682068,0.0028146104887127876,0.9996129274368286,-0.024739162996411324,-0.012725287117064,0.0,0.0,4.769440174102783,1.6685014963150024,0.0017070770263671875,0.0,1,1,bilateral,completed,0.48005637526512146,-0.23870359361171722,0.05638857185840607,-0.12024237960577011,-0.2386067658662796,0.028499506413936615,0.0009101266041398048,0.0009135224390774965,0.707119345664978,0.7070929408073425,1
afi_pilot_t0_root00_s8100_low,0,alphabet_soup_1,8100,0.28402085651781045,139,P4B,close,139,6.95,3.0,3.320920944213867,3.0,3.3197150230407715,0.08321496844291687,0.025066901184395685,0.003612697124481201,0.04231441020965576,-1.727129340171814,-0.003490924835205078,0.040900468826293945,-1.6598575115203857,0.06728625297546387,0.019860072618793696,0.024372683838009834,0.024776902049779892,0.9996890425682068,0.0028146104887127876,0.9996129274368286,-0.024739162996411324,-0.012725287117064,0.0,0.0,4.769455909729004,1.6684949398040771,0.0003147125244140625,0.0,1,1,bilateral,completed,0.48005613684654236,-0.23870377242565155,0.05638851225376129,-0.12024252861738205,-0.23860687017440796,0.028499534353613853,0.0009108950034715235,0.0009126466466113925,0.7071190476417542,0.7070932388305664,1
afi_pilot_t0_root00_s8100_low,0,alphabet_soup_1,8100,0.28402085651781045,140,P4B,close,140,7.0,3.0,3.3212339878082275,3.0,3.3196821212768555,0.0832044780254364,0.025063989558564512,0.003612220287322998,0.04230475425720215,-1.7267920970916748,-0.0034909844398498535,0.04089963436126709,-1.6598410606384277,0.06696546077728271,0.019767453972112943,0.024372609332203865,0.024776902049779892,0.9996890425682068,0.0028146104887127876,0.9996129274368286,-0.024739162996411324,-0.012725287117064,0.0,0.0,4.769415855407715,1.6684997081756592,-0.00080108642578125,0.0,1,1,bilateral,completed,0.4800562560558319,-0.23870357871055603,0.05638863146305084,-0.1202424168586731,-0.238606795668602,0.02849951945245266,0.0009103862103074789,0.0009132890845648944,0.7071194648742676,0.707092821598053,1
afi_pilot_t0_root00_s8100_low,0,alphabet_soup_1,8100,0.28402085651781045,141,P4B,close,141,7.050000000000001,3.0,3.3205783367156982,3.0,3.3222875595092773,0.08322890847921371,0.025051687124731353,0.003611922264099121,0.04229724407196045,-1.7264550924301147,-0.0034947991371154785,0.0409315824508667,-1.6611437797546387,0.06532526016235352,0.019277787604505135,0.02437261864542961,0.024776902049779892,0.9996890425682068,0.0028146104887127876,0.9996129274368286,-0.024739162996411324,-0.012725287117064,0.0,0.0,4.769416809082031,1.6685043573379517,1.9073486328125e-05,0.0,1,1,bilateral,completed,0.4800563454627991,-0.23870354890823364,0.05638857185840607,-0.12024246156215668,-0.23860687017440796,0.028499534353613853,0.0009104985510930419,0.0009131415863521397,0.707119345664978,0.7070929408073425,1
afi_pilot_t0_root00_s8100_low,0,alphabet_soup_1,8100,0.28402085651781045,142,P4B,close,142,7.1000000000000005,3.0,3.320707321166992,3.0,3.3225646018981934,0.08322259038686752,0.02504769669168273,0.0036110877990722656,0.04228866100311279,-1.7261624336242676,-0.0034946203231811523,0.040933847427368164,-1.6612823009490967,0.06489396095275879,0.019151381012392724,0.02437260001897812,0.024776902049779892,0.9996890425682068,0.0028146104887127876,0.9996129274368286,-0.024739162996411324,-0.012725287117064,0.0,0.0,4.769408702850342,1.6684978008270264,-0.0001621246337890625,0.0,1,1,bilateral,completed,0.4800562262535095,-0.2387036830186844,0.05638869106769562,-0.12024243921041489,-0.23860688507556915,0.028499538078904152,0.0009105042554438114,0.000913205265533179,0.7071191668510437,0.7070931196212769,1
afi_pilot_t0_root00_s8100_low,0,alphabet_soup_1,8100,0.28402085651781045,143,P4B,close,143,7.15,3.0,3.320800304412842,3.0,3.3202102184295654,0.08321865648031235,0.02506427334582271,0.0036133527755737305,0.0423126220703125,-1.727071762084961,-0.0034927725791931152,0.04090595245361328,-1.6601051092147827,0.06698107719421387,0.019768888806324717,0.02437269501388073,0.024776902049779892,0.9996890425682068,0.0028146104887127876,0.9996129274368286,-0.024739162996411324,-0.012725287117064,0.0,0.0,4.769449710845947,1.6685092449188232,0.000820159912109375,0.0,1,1,bilateral,completed,0.48005640506744385,-0.23870347440242767,0.05638851225376129,-0.12024249136447906,-0.23860682547092438,0.028499523177742958,0.0009106271318159997,0.000912986695766449,0.7071194648742676,0.707092821598053,1
afi_pilot_t0_root00_s8100_low,0,alphabet_soup_1,8100,0.28402085651781045,144,P4B,close,144,7.2,3.0,3.321007013320923,3.0,3.320483684539795,0.08321031928062439,0.025059698280721108,0.003612697124481201,0.04230153560638428,-1.7266579866409302,-0.0034929513931274414,0.04090869426727295,-1.6602418422698975,0.06643044948577881,0.019607979053633054,0.02437262423336506,0.024776902049779892,0.9996890425682068,0.0028146104887127876,0.9996129274368286,-0.024739162996411324,-0.012725287117064,0.0,0.0,4.769336223602295,1.6684918403625488,-0.002269744873046875,0.0,1,1,bilateral,completed,0.4800559878349304,-0.23870350420475006,0.05638830363750458,-0.12024249881505966,-0.23860687017440796,0.0284995399415493,0.000910819333512336,0.000912971852812916,0.7071189284324646,0.707093358039856,1
afi_pilot_t0_root00_s8100_low,0,alphabet_soup_1,8100,0.28402085651781045,145,P4B,close,145,7.25,3.0,3.320847272872925,3.0,3.3223228454589844,0.08322187513113022,0.02504930405691292,0.0036113858222961426,0.042290329933166504,-1.7261979579925537,-0.003494739532470703,0.04093146324157715,-1.6611614227294922,0.06505048274993896,0.019198055662234287,0.02437257580459118,0.024776902049779892,0.9996890425682068,0.0028146104887127876,0.9996129274368286,-0.024739162996411324,-0.012725287117064,0.0,0.0,4.769394874572754,1.6684982776641846,0.0011730194091796875,0.0,1,1,bilateral,completed,0.48005613684654236,-0.238703653216362,0.05638839304447174,-0.12024251371622086,-0.23860687017440796,0.028499525040388107,0.0009108009980991483,0.000912894553039223,0.7071192860603333,0.7070930004119873,1
afi_pilot_t0_root00_s8100_low,0,alphabet_soup_1,8100,0.28402085651781045,146,P4B,close,146,7.300000000000001,3.0,3.3212077617645264,3.0,3.318899154663086,0.08320638537406921,0.0250704771361201,0.0036128759384155273,0.04231703281402588,-1.727269172668457,-0.003490626811981201,0.04088926315307617,-1.659449577331543,0.06783437728881836,0.020023441074916996,0.024372685700654984,0.024776902049779892,0.9996890425682068,0.0028146104887127876,0.9996129274368286,-0.024739162996411324,-0.012725287117064,0.0,0.0,4.76938009262085,1.6684961318969727,-0.0002956390380859375,0.0,1,1,bilateral,completed,0.48005619645118713,-0.23870347440242767,0.05638830363750458,-0.12024246156215668,-0.23860682547092438,0.028499532490968704,0.0009105925564654171,0.0009129761019721627,0.7071189284324646,0.707093358039856,1
afi_pilot_t0_root00_s8100_low,0,alphabet_soup_1,8100,0.28402085651781045,147,P4B,close,147,7.3500000000000005,3.0,3.3210155963897705,3.0,3.3217344284057617,0.08321543782949448,0.025051803394599798,0.003611624240875244,0.04229235649108887,-1.726301908493042,-0.0034940242767333984,0.04092299938201904,-1.6608672142028809,0.06544876098632812,0.01931668371315873,0.024372564628720284,0.024776902049779892,0.9996890425682068,0.0028146104887127876,0.9996129274368286,-0.024739162996411324,-0.012725287117064,0.0,0.0,4.769345283508301,1.6684973239898682,-0.0006961822509765625,0.0,1,1,bilateral,completed,0.4800562262535095,-0.23870350420475006,0.05638830363750458,-0.12024242430925369,-0.23860688507556915,0.0284995399415493,0.000910418457351625,0.0009133574203588068,0.7071191072463989,0.7070931792259216,1
afi_pilot_t0_root00_s8100_low,0,alphabet_soup_1,8100,0.28402085651781045,148,P4B,close,148,7.4,3.0,3.320864200592041,3.0,3.3201847076416016,0.0832204520702362,0.025065006738540604,0.003613591194152832,0.04231417179107666,-1.727128267288208,-0.0034925341606140137,0.04090619087219238,-1.6600923538208008,0.06705045700073242,0.01978910943870787,0.024372706189751625,0.024776902049779892,0.9996890425682068,0.0028146104887127876,0.9996129274368286,-0.024739162996411324,-0.012725287117064,0.0,0.0,4.769447326660156,1.6684863567352295,0.002040863037109375,0.0,1,1,bilateral,completed,0.4800560772418976,-0.23870383203029633,0.056388601660728455,-0.1202423945069313,-0.23860682547092438,0.028499532490968704,0.0009102135663852096,0.0009134081192314625,0.7071190476417542,0.7070932388305664,1
afi_pilot_t0_root00_s8100_low,0,alphabet_soup_1,8100,0.28402085651781045,149,P4B,close,149,7.45,3.0,3.320958375930786,3.0,3.321073055267334,0.0832112655043602,0.025055536002854355,0.0036115050315856934,0.042294979095458984,-1.7263834476470947,-0.0034931302070617676,0.04091620445251465,-1.660536527633667,0.06586098670959473,0.019439778354676147,0.024372581392526627,0.024776902049779892,0.9996890425682068,0.0028146104887127876,0.9996129274368286,-0.024739162996411324,-0.012725287117064,0.0,0.0,4.769425868988037,1.6684982776641846,-0.0004291534423828125,0.0,1,1,bilateral,completed,0.4800563156604767,-0.23870374262332916,0.056388601660728455,-0.1202424019575119,-0.23860689997673035,0.028499551117420197,0.0009103463380597532,0.0009133396088145673,0.7071189880371094,0.7070932984352112,1
afi_pilot_t0_root00_s8100_low,0,alphabet_soup_1,8100,0.28402085651781045,150,P4B,close,150,7.5,3.0,3.320664167404175,3.0,3.32301926612854,0.08322568982839584,0.025045202318479887,0.0036112070083618164,0.04228556156158447,-1.7259998321533203,-0.0034956932067871094,0.040940046310424805,-1.66150963306427,0.06450390815734863,0.01903590506511739,0.024372579529881477,0.024776902049779892,0.9996890425682068,0.0028146104887127876,0.9996129274368286,-0.024739162996411324,-0.012725287117064,0.0,0.0,4.769345760345459,1.668493628501892,-0.0016021728515625,0.0,1,1,bilateral,completed,0.48005613684654236,-0.23870357871055603,0.05638812482357025,-0.12024242430925369,-0.23860688507556915,0.028499528765678406,0.0009103912743739784,0.0009133697603829205,0.7071190476417542,0.7070932388305664,1
afi_pilot_t0_root00_s8100_low,0,alphabet_soup_1,8100,0.28402085651781045,151,P4B,hold,151,7.550000000000001,3.0,3.320810317993164,3.0,3.3212711811065674,0.08321913331747055,0.02505641026570554,0.003612220287322998,0.04230070114135742,-1.7266035079956055,-0.0034936070442199707,0.04091835021972656,-1.6606355905532837,0.06598210334777832,0.0194736926173997,0.024372616782784462,0.024776902049779892,0.9996890425682068,0.0028146104887127876,0.9996129274368286,-0.024739162996411324,-0.012725287117064,0.0,0.0,4.769429683685303,1.66849684715271,0.001678466796875,0.0,1,1,bilateral,completed,0.4800560474395752,-0.23870374262332916,0.056388452649116516,-0.12024250626564026,-0.23860685527324677,0.028499523177742958,0.0009106950601562858,0.0009129272075369954,0.7071194648742676,0.707092821598053,1
afi_pilot_t0_root00_s8100_low,0,alphabet_soup_1,8100,0.28402085651781045,152,P4B,hold,152,7.6000000000000005,3.0,3.3207619190216064,3.0,3.3224096298217773,0.08322092145681381,0.025048362703330475,0.0036118030548095703,0.04228782653808594,-1.7261030673980713,-0.00349581241607666,0.04093301296234131,-1.6612048149108887,0.06491196155548096,0.01915746569134006,0.02437257394194603,0.024776902049779892,0.9996890425682068,0.0028146104887127876,0.9996129274368286,-0.024739162996411324,-0.012725287117064,0.0,0.0,4.769351005554199,1.6684961318969727,-0.0015735626220703125,0.0,1,1,bilateral,completed,0.48005613684654236,-0.23870350420475006,0.05638842284679413,-0.12024244666099548,-0.23860682547092438,0.028499513864517212,0.0009103670599870384,0.0009131632978096604,0.7071192860603333,0.7070930004119873,1
afi_pilot_t0_root00_s8100_low,0,alphabet_soup_1,8100,0.28402085651781045,153,P4B,hold,153,7.65,3.0,3.3209872245788574,3.0,3.322300910949707,0.08322247117757797,0.02504964884526012,0.003611743450164795,0.04229164123535156,-1.7262707948684692,-0.0034947991371154785,0.040930747985839844,-1.6611504554748535,0.06513428688049316,0.019222438085382036,0.024372674524784088,0.024776902049779892,0.9996890425682068,0.0028146104887127876,0.9996129274368286,-0.024739162996411324,-0.012725287117064,0.0,0.0,4.7693915367126465,1.6684943437576294,0.0008106231689453125,0.0,1,1,bilateral,completed,0.48005613684654236,-0.238703653216362,0.056388452649116516,-0.12024243175983429,-0.23860685527324677,0.028499525040388107,0.0009102874319069088,0.0009130030521191657,0.7071192264556885,0.7070930600166321,1
afi_pilot_t0_root00_s8100_low,0,alphabet_soup_1,8100,0.28402085651781045,154,P4B,hold,154,7.7,3.0,3.3210391998291016,3.0,3.3211312294006348,0.08322378993034363,0.02505886825356282,0.0036127567291259766,0.04230654239654541,-1.7268109321594238,-0.0034935474395751953,0.040917158126831055,-1.6605656147003174,0.06625950336456299,0.019554769397085815,0.0243727695196867,0.024776902049779892,0.9996890425682068,0.0028146104887127876,0.9996129274368286,-0.024739162996411324,-0.012725287117064,0.0,0.0,4.769432067871094,1.668489933013916,0.0008106231689453125,0.0,1,1,bilateral,completed,0.4800560474395752,-0.23870377242565155,0.056388482451438904,-0.12024242430925369,-0.23860682547092438,0.02849952131509781,0.0009102154872380197,0.0009129730169661343,0.7071191668510437,0.7070931196212769,1
afi_pilot_t0_root00_s8100_low,0,alphabet_soup_1,8100,0.28402085651781045,155,P4B,hold,155,7.75,3.0,3.321031332015991,3.0,3.3229281902313232,0.08322139829397202,0.025044597273761314,0.003611266613006592,0.042282700538635254,-1.725900411605835,-0.0034956932067871094,0.040938615798950195,-1.6614640951156616,0.06445002555847168,0.019020817333012946,0.02437266893684864,0.024776902049779892,0.9996890425682068,0.0028146104887127876,0.9996129274368286,-0.024739162996411324,-0.012725287117064,0.0,0.0,4.769407272338867,1.6684969663619995,-0.00049591064453125,0.0,1,1,bilateral,completed,0.48005616664886475,-0.23870371282100677,0.05638851225376129,-0.12024243175983429,-0.23860685527324677,0.02849951945245266,0.0009103253833018243,0.0009130868129432201,0.707119345664978,0.7070929408073425,1
afi_pilot_t0_root00_s8100_low,0,alphabet_soup_1,8100,0.28402085651781045,156,P4B,hold,156,7.800000000000001,3.0,3.321270227432251,3.0,3.320812940597534,0.08322212100028992,0.025060767495478156,0.0036125779151916504,0.04230785369873047,-1.7268486022949219,-0.0034929513931274414,0.040914177894592285,-1.660406470298767,0.06645631790161133,0.019613557925217726,0.02437274530529976,0.024776902049779892,0.9996890425682068,0.0028146104887127876,0.9996129274368286,-0.024739162996411324,-0.012725287117064,0.0,0.0,4.76943826675415,1.6684927940368652,0.0006198883056640625,0.0,1,1,bilateral,completed,0.48005610704421997,-0.2387038618326187,0.056388452649116516,-0.12024249881505966,-0.23860689997673035,0.02849954552948475,0.00091060675913468,0.0009125941433012486,0.7071188688278198,0.7070934176445007,1
afi_pilot_t0_root00_s8100_low,0,alphabet_soup_1,8100,0.28402085651781045,157,P4B,hold,157,7.8500000000000005,3.0,3.3214752674102783,3.0,3.3211867809295654,0.08321400731801987,0.02505550359161948,0.0036121010780334473,0.04229605197906494,-1.7264149188995361,-0.0034936070442199707,0.04091787338256836,-1.6605933904647827,0.06583547592163086,0.019431741165891803,0.02437264658510685,0.024776902049779892,0.9996890425682068,0.0028146104887127876,0.9996129274368286,-0.024739162996411324,-0.012725287117064,0.0,0.0,4.76944637298584,1.668501615524292,0.0001621246337890625,0.0,1,1,bilateral,completed,0.48005637526512146,-0.23870377242565155,0.05638869106769562,-0.12024237215518951,-0.23860681056976318,0.02849951945245266,0.0009100452880375087,0.0009132227278314531,0.707119345664978,0.7070929408073425,1
afi_pilot_t0_root00_s8100_low,0,alphabet_soup_1,8100,0.28402085651781045,158,P4B,hold,158,7.9,3.0,3.3212902545928955,3.0,3.319554090499878,0.08321043848991394,0.0250667518050244,0.0036131739616394043,0.04231297969818115,-1.7271292209625244,-0.003491640090942383,0.040897369384765625,-1.659777045249939,0.06736671924591064,0.019884297234517137,0.024372762069106102,0.024776902049779892,0.9996890425682068,0.0028146104887127876,0.9996129274368286,-0.024739162996411324,-0.012725287117064,0.0,0.0,4.769399642944336,1.668494462966919,-0.000934600830078125,0.0,1,1,bilateral,completed,0.48005610704421997,-0.2387036383152008,0.05638836324214935,-0.12024248391389847,-0.23860685527324677,0.028499528765678406,0.0009106521611101925,0.0009125933866016567,0.7071191072463989,0.7070931792259216,1
afi_pilot_t0_root00_s8100_low,0,alphabet_soup_1,8100,0.28402085651781045,159,P4B,hold,159,7.95,3.0,3.3216049671173096,3.0,3.3204784393310547,0.08320363610982895,0.025057725153183406,0.003611445426940918,0.04229450225830078,-1.7263498306274414,-0.003492891788482666,0.0409090518951416,-1.6602392196655273,0.0661247968673706,0.019519552173027487,0.02437264285981655,0.024776902049779892,0.9996890425682068,0.0028146104887127876,0.9996129274368286,-0.024739162996411324,-0.012725287117064,0.0,0.0,4.7694172859191895,1.6684975624084473,0.0003528594970703125,0.0,1,1,bilateral,completed,0.4800562262535095,-0.23870375752449036,0.05638866126537323,-0.1202424019575119,-0.23860684037208557,0.028499526903033257,0.0009101996547542512,0.0009130738326348364,0.7071192264556885,0.7070930600166321,1
afi_pilot_t0_root00_s8100_low,0,alphabet_soup_1,8100,0.28402085651781045,160,P4B,hold,160,8.0,3.0,3.321000337600708,3.0,3.322627067565918,0.08322378247976303,0.02504758457311037,0.0036112070083618164,0.04228782653808594,-1.7260631322860718,-0.003495335578918457,0.04093587398529053,-1.661313533782959,0.06476330757141113,0.019113206116012055,0.02437264658510685,0.024776902049779892,0.9996890425682068,0.0028146104887127876,0.9996129274368286,-0.024739162996411324,-0.012725287117064,0.0,0.0,4.76941442489624,1.668493390083313,-5.7220458984375e-05,0.0,1,1,bilateral,completed,0.48005613684654236,-0.23870380222797394,0.05638857185840607,-0.12024244666099548,-0.23860688507556915,0.028499528765678406,0.0009103331831283867,0.0009129027603194118,0.7071190476417542,0.7070932388305664,1
afi_pilot_t0_root00_s8100_low,0,alphabet_soup_1,8100,0.28402085651781045,161,P4B,hold,161,8.05,3.0,3.3213725090026855,3.0,3.321429967880249,0.0832115039229393,0.025052915379108608,0.0036115646362304688,0.04228997230529785,-1.7261544466018677,-0.0034940242767333984,0.04092144966125488,-1.6607149839401245,0.06545352935791016,0.019319799930724246,0.02437264658510685,0.024776902049779892,0.9996890425682068,0.0028146104887127876,0.9996129274368286,-0.024739162996411324,-0.012725287117064,0.0,0.0,4.769428730010986,1.6684958934783936,0.000286102294921875,0.0,1,1,bilateral,completed,0.4800562560558319,-0.23870383203029633,0.05638875067234039,-0.1202423945069313,-0.23860685527324677,0.028499523177742958,0.0009101899340748787,0.0009132077684625983,0.7071191668510437,0.7070931196212769,1
afi_pilot_t0_root00_s8100_low,0,alphabet_soup_1,8100,0.28402085651781045,162,P4B,hold,162,8.1,3.0,3.321159601211548,3.0,3.320338010787964,0.08322033286094666,0.025063813560715548,0.0036130547523498535,0.04231250286102295,-1.727076768875122,-0.00349271297454834,0.04090774059295654,-1.660169005393982,0.06692218780517578,0.019751106448832094,0.024372752755880356,0.024776902049779892,0.9996890425682068,0.0028146104887127876,0.9996129274368286,-0.024739162996411324,-0.012725287117064,0.0,0.0,4.769404411315918,1.6684980392456055,-0.0004863739013671875,0.0,1,1,bilateral,completed,0.4800562560558319,-0.23870351910591125,0.056388452649116516,-0.12024243175983429,-0.23860681056976318,0.028499513864517212,0.0009103971533477306,0.0009129045647569001,0.7071190476417542,0.7070932388305664,1
afi_pilot_t0_root00_s8100_low,0,alphabet_soup_1,8100,0.28402085651781045,163,P4B,hold,163,8.15,3.0,3.3214876651763916,3.0,3.319986581802368,0.08320960402488708,0.02506323503865305,0.0036126375198364258,0.04230666160583496,-1.7268563508987427,-0.0034918785095214844,0.04090285301208496,-1.659993290901184,0.06687748432159424,0.019740222835038988,0.02437271922826767,0.024776902049779892,0.9996890425682068,0.0028146104887127876,0.9996129274368286,-0.024739162996411324,-0.012725287117064,0.0,0.0,4.7694525718688965,1.6685032844543457,0.0009632110595703125,0.0,1,1,bilateral,completed,0.4800563156604767,-0.238703653216362,0.056388452649116516,-0.12024247646331787,-0.238606795668602,0.028499506413936615,0.000910474918782711,0.0009127220255322754,0.7071191072463989,0.7070931792259216,1
afi_pilot_t0_root00_s8100_low,0,alphabet_soup_1,8100,0.28402085651781045,164,P4B,hold,164,8.200000000000001,3.0,3.321229934692383,3.0,3.3229873180389404,0.08321794122457504,0.025043111291103596,0.003609895706176758,0.042278289794921875,-1.7257115840911865,-0.0034949183464050293,0.0409395694732666,-1.6614936590194702,0.06423163414001465,0.018957255595499548,0.024372583255171776,0.024776902049779892,0.9996890425682068,0.0028146104887127876,0.9996129274368286,-0.024739162996411324,-0.012725287117064,0.0,0.0,4.769432067871094,1.6684911251068115,-0.0004100799560546875,0.0,1,1,bilateral,completed,0.4800562262535095,-0.23870393633842468,0.056388601660728455,-0.12024243921041489,-0.23860689997673035,0.028499536216259003,0.0009102503536269069,0.0009129379759542644,0.7071187496185303,0.7070935368537903,1
afi_pilot_t0_root00_s8100_low,0,alphabet_soup_1,8100,0.28402085651781045,165,P4B,hold,165,8.25,3.0,3.3214452266693115,3.0,3.319936752319336,0.08320650458335876,0.025062677632406702,0.003611326217651367,0.04230380058288574,-1.7267051935195923,-0.003491699695587158,0.04090261459350586,-1.659968376159668,0.06675124168395996,0.01970398314990102,0.02437269687652588,0.024776902049779892,0.9996890425682068,0.0028146104887127876,0.9996129274368286,-0.024739162996411324,-0.012725287117064,0.0,0.0,4.7694902420043945,1.6684999465942383,0.001163482666015625,0.0,1,1,bilateral,completed,0.4800563454627991,-0.23870384693145752,0.056388720870018005,-0.12024246901273727,-0.23860685527324677,0.028499526903033257,0.000910494418349117,0.0009126868098974228,0.7071191072463989,0.7070931792259216,1
afi_pilot_t0_root00_s8100_low,0,alphabet_soup_1,8100,0.28402085651781045,166,P4B,hold,166,8.3,3.0,3.3210206031799316,3.0,3.3235597610473633,0.08322402089834213,0.025040627183461717,0.0036109089851379395,0.04227757453918457,-1.7256770133972168,-0.0034964680671691895,0.040946364402770996,-1.6617798805236816,0.06391072273254395,0.018861141956758427,0.024372614920139313,0.024776902049779892,0.9996890425682068,0.0028146104887127876,0.9996129274368286,-0.024739162996411324,-0.012725287117064,0.0,0.0,4.76940393447876,1.6684945821762085,-0.0017261505126953125,0.0,1,1,bilateral,completed,0.4800560176372528,-0.23870384693145752,0.05638851225376129,-0.12024250626564026,-0.23860688507556915,0.02849951758980751,0.0009105303906835616,0.0009126455406658351,0.7071192860603333,0.7070930004119873,1
afi_pilot_t0_root00_s8100_low,0,alphabet_soup_1,8100,0.28402085651781045,167,P4B,hold,167,8.35,3.0,3.3212597370147705,3.0,3.3212313652038574,0.08322008699178696,0.025056997794153647,0.003612697124481201,0.042301177978515625,-1.726628065109253,-0.003494083881378174,0.040918827056884766,-1.6606156826019287,0.06602656841278076,0.019486789804951613,0.02437267266213894,0.024776902049779892,0.9996890425682068,0.0028146104887127876,0.9996129274368286,-0.024739162996411324,-0.012725287117064,0.0,0.0,4.76933479309082,1.668492078781128,-0.0013828277587890625,0.0,1,1,bilateral,completed,0.48005610704421997,-0.23870353400707245,0.05638866126537323,-0.12024230509996414,-0.238606795668602,0.028499513864517212,0.0009097186848521233,0.0009136165608651936,0.7071192860603333,0.7070930004119873,1
afi_pilot_t0_root00_s8100_low,0,alphabet_soup_1,8100,0.28402085651781045,168,P4B,hold,168,8.4,3.0,3.3208765983581543,3.0,3.322195529937744,0.08322282880544662,0.025050551075482957,0.0036115050315856934,0.04229235649108887,-1.7262637615203857,-0.0034942626953125,0.04093039035797119,-1.661097764968872,0.06517982482910156,0.019236215625125994,0.024372698739171028,0.024776902049779892,0.9996890425682068,0.0028146104887127876,0.9996129274368286,-0.024739162996411324,-0.012725287117064,0.0,0.0,4.769463539123535,1.6684973239898682,0.002574920654296875,0.0,1,1,bilateral,completed,0.48005610704421997,-0.23870384693145752,0.056388482451438904,-0.12024257332086563,-0.23860687017440796,0.028499510139226913,0.0009110189275816083,0.0009123680647462606,0.7071190476417542,0.7070932388305664,1
afi_pilot_t0_root00_s8100_low,0,alphabet_soup_1,8100,0.28402085651781045,169,P4B,hold,169,8.450000000000001,3.0,3.3214454650878906,3.0,3.3204357624053955,0.08320661634206772,0.025058944757838365,0.0036115646362304688,0.042298078536987305,-1.7265069484710693,-0.0034924745559692383,0.04090845584869385,-1.6602178812026978,0.06630325317382812,0.019571447402192556,0.024372680112719536,0.024776902049779892,0.9996890425682068,0.0028146104887127876,0.9996129274368286,-0.024739162996411324,-0.012725287117064,0.0,0.0,4.769406318664551,1.6684969663619995,-0.0011444091796875,0.0,1,1,bilateral,completed,0.48005613684654236,-0.23870371282100677,0.05638851225376129,-0.12024250626564026,-0.23860687017440796,0.028499534353613853,0.0009105853969231248,0.0009126021177507937,0.7071191668510437,0.7070931196212769,1
afi_pilot_t0_root00_s8100_low,0,alphabet_soup_1,8100,0.28402085651781045,170,P4B,hold,170,8.5,3.0,3.3211114406585693,3.0,3.322481155395508,0.08322223275899887,0.025048218143796246,0.003611445426940918,0.04228818416595459,-1.726117730140686,-0.003495156764984131,0.040933966636657715,-1.661240577697754,0.06489086151123047,0.019150954103415517,0.02437266707420349,0.024776902049779892,0.9996890425682068,0.0028146104887127876,0.9996129274368286,-0.024739162996411324,-0.012725287117064,0.0,0.0,4.769436836242676,1.6684997081756592,0.0006103515625,0.0,1,1,bilateral,completed,0.4800562858581543,-0.23870378732681274,0.05638854205608368,-0.1202424094080925,-0.23860685527324677,0.028499526903033257,0.000910169561393559,0.0009130570106208324,0.7071192860603333,0.7070930004119873,1
afi_pilot_t0_root00_s8100_low,0,alphabet_soup_1,8100,0.28402085651781045,171,P4B,hold,171,8.55,3.0,3.3212642669677734,3.0,3.321942090988159,0.08320959657430649,0.025048478960557258,0.0036104917526245117,0.0422821044921875,-1.725820779800415,-0.003493666648864746,0.04092741012573242,-1.6609710454940796,0.06486356258392334,0.019146099750365107,0.024372616782784462,0.024776902049779892,0.9996890425682068,0.0028146104887127876,0.9996129274368286,-0.024739162996411324,-0.012725287117064,0.0,0.0,4.769399166107178,1.6684907674789429,-0.0007534027099609375,0.0,1,1,bilateral,completed,0.4800560772418976,-0.23870383203029633,0.05638854205608368,-0.12024246156215668,-0.23860689997673035,0.028499536216259003,0.0009104794589802623,0.000912847463041544,0.7071189284324646,0.707093358039856,1
afi_pilot_t0_root00_s8100_low,0,alphabet_soup_1,8100,0.28402085651781045,172,P4B,hold,172,8.6,3.0,3.3211562633514404,3.0,3.32185697555542,0.08320995420217514,0.025049228432919603,0.003610670566558838,0.04228508472442627,-1.7260067462921143,-0.003493785858154297,0.040924787521362305,-1.66092848777771,0.06509208679199219,0.019212740410835802,0.024372652173042297,0.024776902049779892,0.9996890425682068,0.0028146104887127876,0.9996129274368286,-0.024739162996411324,-0.012725287117064,0.0,0.0,4.769480228424072,1.6685068607330322,0.001621246337890625,0.0,1,1,bilateral,completed,0.480056494474411,-0.23870375752449036,0.05638878047466278,-0.12024247646331787,-0.23860688507556915,0.028499528765678406,0.0009104894706979394,0.0009128016536124051,0.7071189880371094,0.7070932984352112,1
afi_pilot_t0_root00_s8100_low,0,alphabet_soup_1,8100,0.28402085651781045,173,P4B,hold,173,8.65,3.0,3.3213815689086914,3.0,3.3202109336853027,0.08320662379264832,0.025060643873096415,0.0036110281944274902,0.04229927062988281,-1.7265172004699707,-0.003491222858428955,0.04090726375579834,-1.6601054668426514,0.06642603874206543,0.01960828196919341,0.024372702464461327,0.024776902049779892,0.9996890425682068,0.0028146104887127876,0.9996129274368286,-0.024739162996411324,-0.012725287117064,0.0,0.0,4.769429683685303,1.6684844493865967,-0.001010894775390625,0.0,1,1,bilateral,completed,0.4800560474395752,-0.23870396614074707,0.05638830363750458,-0.12024237960577011,-0.23860688507556915,0.028499547392129898,0.0009100619936361909,0.0009130749967880547,0.7071189880371094,0.7070932984352112,1
afi_pilot_t0_root00_s8100_low,0,alphabet_soup_1,8100,0.28402085651781045,174,P4B,hold,174,8.700000000000001,3.0,3.321589946746826,3.0,3.3203353881835938,0.08320602774620056,0.025059525023379894,0.0036122798919677734,0.04229879379272461,-1.7265300750732422,-0.00349271297454834,0.04090714454650879,-1.6601676940917969,0.06637656688690186,0.019593244019103735,0.024372661486268044,0.024776902049779892,0.9996890425682068,0.0028146104887127876,0.9996129274368286,-0.024739162996411324,-0.012725287117064,0.0,0.0,4.769372940063477,1.6684951782226562,-0.0011348724365234375,0.0,1,1,bilateral,completed,0.4800562858581543,-0.23870357871055603,0.056388452649116516,-0.12024232000112534,-0.2386067807674408,0.028499513864517212,0.0009098576265387237,0.000913589377887547,0.7071190476417542,0.7070932388305664,1
afi_pilot_t0_root00_s8100_low,0,alphabet_soup_1,8100,0.28402085651781045,175,P4B,hold,175,8.75,3.0,3.321018695831299,3.0,3.3232192993164062,0.08322104066610336,0.025042295789273406,0.0036107301712036133,0.042278409004211426,-1.7256999015808105,-0.0034961700439453125,0.04094254970550537,-1.6616096496582031,0.06410396099090576,0.018918992516319625,0.024372603744268417,0.024776902049779892,0.9996890425682068,0.0028146104887127876,0.9996129274368286,-0.024739162996411324,-0.012725287117064,0.0,0.0,4.769435882568359,1.668498158454895,0.00125885009765625,0.0,1,1,bilateral,completed,0.4800563156604767,-0.23870383203029633,0.056388601660728455,-0.12024250626564026,-0.23860692977905273,0.0284995436668396,0.0009106328943744302,0.0009125685319304466,0.7071186304092407,0.7070936560630798,1
afi_pilot_t0_root00_s8100_low,0,alphabet_soup_1,8100,0.28402085651781045,176,P4B,hold,176,8.8,3.0,3.3214967250823975,3.0,3.320834159851074,0.08321019262075424,0.025057015380884264,0.003612220287322998,0.042296528816223145,-1.7264468669891357,-0.0034934282302856445,0.04091358184814453,-1.660417079925537,0.06604385375976562,0.019494076470168063,0.024372652173042297,0.024776902049779892,0.9996890425682068,0.0028146104887127876,0.9996129274368286,-0.024739162996411324,-0.012725287117064,0.0,0.0,4.769413948059082,1.668497085571289,-0.000438690185546875,0.0,1,1,bilateral,completed,0.48005616664886475,-0.23870378732681274,0.056388601660728455,-0.12024247646331787,-0.23860685527324677,0.028499528765678406,0.0009104630444198847,0.0009127174271270633,0.7071192264556885,0.7070930600166321,1
afi_pilot_t0_root00_s8100_low,0,alphabet_soup_1,8100,0.28402085651781045,177,P4B,hold,177,8.85,3.0,3.3212618827819824,3.0,3.320629596710205,0.0832185447216034,0.025061074202328736,0.0036122798919677734,0.04230773448944092,-1.7268880605697632,-0.0034926533699035645,0.04091072082519531,-1.6603147983551025,0.06658756732940674,0.019652598401438407,0.024372724816203117,0.024776902049779892,0.9996890425682068,0.0028146104887127876,0.9996129274368286,-0.024739162996411324,-0.012725287117064,0.0,0.0,4.7694172859191895,1.6685009002685547,6.67572021484375e-05,0.0,1,1,bilateral,completed,0.4800562858581543,-0.2387036234140396,0.056388601660728455,-0.12024242430925369,-0.23860684037208557,0.028499526903033257,0.0009102534968405962,0.0009128701058216393,0.7071192264556885,0.7070930600166321,1
afi_pilot_t0_root00_s8100_low,0,alphabet_soup_1,8100,0.28402085651781045,178,P4B,hold,178,8.9,3.0,3.321401357650757,3.0,3.321568727493286,0.08320900052785873,0.025051115106883463,0.0036115646362304688,0.042287468910217285,-1.7260992527008057,-0.0034941434860229492,0.04092144966125488,-1.660784363746643,0.06532883644104004,0.019282914484420304,0.024372626096010208,0.024776902049779892,0.9996890425682068,0.0028146104887127876,0.9996129274368286,-0.024739162996411324,-0.012725287117064,0.0,0.0,4.7693400382995605,1.6684901714324951,-0.001544952392578125,0.0,1,1,bilateral,completed,0.48005595803260803,-0.23870369791984558,0.05638830363750458,-0.12024251371622086,-0.23860689997673035,0.028499538078904152,0.0009106924990192056,0.0009125851793214679,0.7071188688278198,0.7070934176445007,1
afi_pilot_t0_root00_s8100_low,0,alphabet_soup_1,8100,0.28402085651781045,179,P4B,hold,179,8.950000000000001,3.0,3.3212790489196777,3.0,3.3204360008239746,0.0832112729549408,0.02506034536858765,0.0036130547523498535,0.04230332374572754,-1.7267518043518066,-0.0034932494163513184,0.040907859802246094,-1.6602180004119873,0.06654810905456543,0.019642303092989106,0.024372709915041924,0.024776902049779892,0.9996890425682068,0.0028146104887127876,0.9996129274368286,-0.024739162996411324,-0.012725287117064,0.0,0.0,4.7693657875061035,1.668497085571289,0.000514984130859375,0.0,1,1,bilateral,completed,0.48005619645118713,-0.23870348930358887,0.05638851225376129,-0.12024246901273727,-0.23860684037208557,0.02849951945245266,0.0009105053613893688,0.000912684656213969,0.7071190476417542,0.7070932388305664,1
afi_pilot_t0_root00_s8100_low,0,alphabet_soup_1,8100,0.28402085651781045,180,P4B,hold,180,9.0,3.0,3.3207812309265137,3.0,3.322402000427246,0.08322795480489731,0.025050537169853185,0.003610670566558838,0.04229414463043213,-1.7263038158416748,-0.0034938454627990723,0.04093372821807861,-1.661201000213623,0.06511664390563965,0.019216756690427834,0.024372711777687073,0.024776902049779892,0.9996890425682068,0.0028146104887127876,0.9996129274368286,-0.024739162996411324,-0.012725287117064,0.0,0.0,4.7694525718688965,1.6684892177581787,0.001735687255859375,0.0,1,1,bilateral,completed,0.48005613684654236,-0.2387039065361023,0.05638854205608368,-0.12024242430925369,-0.23860691487789154,0.028499547392129898,0.0009103158954530954,0.0009129962418228388,0.7071189284324646,0.707093358039856,1
afi_pilot_t0_root00_s8100_low,0,alphabet_soup_1,8100,0.28402085651781045,181,P4B,hold,181,9.05,3.0,3.321495532989502,3.0,3.319998264312744,0.0832037627696991,0.02506138743024996,0.0036119818687438965,0.04230070114135742,-1.726576566696167,-0.0034920573234558105,0.04090297222137451,-1.659999132156372,0.06659185886383057,0.01965750290351382,0.024372704327106476,0.024776902049779892,0.9996890425682068,0.0028146104887127876,0.9996129274368286,-0.024739162996411324,-0.012725287117064,0.0,0.0,4.769434928894043,1.668489933013916,-0.0003528594970703125,0.0,1,1,bilateral,completed,0.4800559878349304,-0.2387039065361023,0.05638854205608368,-0.12024246156215668,-0.23860685527324677,0.028499528765678406,0.0009103713091462851,0.0009127358789555728,0.7071192264556885,0.7070930600166321,1
afi_pilot_t0_root00_s8100_low,0,alphabet_soup_1,8100,0.28402085651781045,182,P4B,hold,182,9.1,3.0,3.321598529815674,3.0,3.3211495876312256,0.08320053666830063,0.025051728166102426,0.0036113858222961426,0.042284607887268066,-1.7260127067565918,-0.003493785858154297,0.040915846824645996,-1.6605747938156128,0.06545186042785645,0.01932091581950348,0.024372590705752373,0.024776902049779892,0.9996890425682068,0.0028146104887127876,0.9996129274368286,-0.024739162996411324,-0.012725287117064,0.0,0.0,4.769351959228516,1.6685001850128174,-0.001659393310546875,0.0,1,1,bilateral,completed,0.4800562560558319,-0.23870359361171722,0.056388452649116516,-0.12024247646331787,-0.23860689997673035,0.0284995436668396,0.0009105273056775331,0.0009128085221163929,0.7071188688278198,0.7070934176445007,1
afi_pilot_t0_root00_s8100_low,0,alphabet_soup_1,8100,0.28402085651781045,183,P4B,hold,183,9.15,3.0,3.3213789463043213,3.0,3.3213815689086914,0.08320637792348862,0.025051737115175176,0.003611743450164795,0.04228663444519043,-1.7260481119155884,-0.003493785858154297,0.04091966152191162,-1.6606907844543457,0.06537127494812012,0.01929626520040002,0.024372616782784462,0.024776902049779892,0.9996890425682068,0.0028146104887127876,0.9996129274368286,-0.024739162996411324,-0.012725287117064,0.0,0.0,4.7693939208984375,1.6684993505477905,0.0008392333984375,0.0,1,1,bilateral,completed,0.48005613684654236,-0.238703653216362,0.056388452649116516,-0.12024249136447906,-0.23860684037208557,0.028499512001872063,0.0009104563505388796,0.0009126832010224462,0.7071194052696228,0.7070928812026978,1
afi_pilot_t0_root00_s8100_low,0,alphabet_soup_1,8100,0.28402085651781045,184,P4B,hold,184,9.200000000000001,3.0,3.3210084438323975,3.0,3.3205513954162598,0.08322271704673767,0.02506292092380187,0.0036127567291259766,0.042311787605285645,-1.7270538806915283,-0.0034924745559692383,0.04091084003448486,-1.6602756977081299,0.06679248809814453,0.019712339224373196,0.024372775107622147,0.024776902049779892,0.9996890425682068,0.0028146104887127876,0.9996129274368286,-0.024739162996411324,-0.012725287117064,0.0,0.0,4.769434452056885,1.6684935092926025,0.0008106231689453125,0.0,1,1,bilateral,completed,0.48005616664886475,-0.23870372772216797,0.05638851225376129,-0.12024237960577011,-0.23860685527324677,0.028499534353613853,0.0009100355091504753,0.0009131856495514512,0.7071191072463989,0.7070931792259216,1
afi_pilot_t0_root00_s8100_low,0,alphabet_soup_1,8100,0.28402085651781045,185,P4B,hold,185,9.25,3.0,3.321319341659546,3.0,3.3211002349853516,0.08322069048881531,0.02505816885986953,0.003612518310546875,0.04230320453643799,-1.7266749143600464,-0.003493070602416992,0.040917396545410156,-1.6605501174926758,0.06613898277282715,0.019520074419285403,0.024372724816203117,0.024776902049779892,0.9996890425682068,0.0028146104887127876,0.9996129274368286,-0.024739162996411324,-0.012725287117064,0.0,0.0,4.769418239593506,1.6685028076171875,-0.000324249267578125,0.0,1,1,bilateral,completed,0.4800563454627991,-0.23870359361171722,0.056388452649116516,-0.1202423945069313,-0.23860681056976318,0.02849951572716236,0.0009100488387048244,0.000913103052880615,0.7071192860603333,0.7070930004119873,1
afi_pilot_t0_root00_s8100_low,0,alphabet_soup_1,8100,0.28402085651781045,186,P4B,hold,186,9.3,3.0,3.321363687515259,3.0,3.3213589191436768,0.083210788667202,0.025053235947368094,0.003611147403717041,0.04229104518890381,-1.726226806640625,-0.003493368625640869,0.04091966152191162,-1.6606794595718384,0.06556129455566406,0.019351399067926097,0.024372637271881104,0.024776902049779892,0.9996890425682068,0.0028146104887127876,0.9996129274368286,-0.024739162996411324,-0.012725287117064,0.0,0.0,4.769439220428467,1.6684938669204712,0.00041961669921875,0.0,1,1,bilateral,completed,0.4800562560558319,-0.2387038916349411,0.05638854205608368,-0.1202424019575119,-0.23860689997673035,0.0284995436668396,0.00091024290304631,0.0009131129481829703,0.7071188688278198,0.7070934176445007,1
afi_pilot_t0_root00_s8100_low,0,alphabet_soup_1,8100,0.28402085651781045,187,P4B,hold,187,9.35,3.0,3.321312665939331,3.0,3.3202075958251953,0.08320853114128113,0.02506124353365944,0.0036124587059020996,0.04230213165283203,-1.7266327142715454,-0.003492593765258789,0.040906310081481934,-1.6601037979125977,0.06654322147369385,0.019642213701992775,0.024372708052396774,0.024776902049779892,0.9996890425682068,0.0028146104887127876,0.9996129274368286,-0.024739162996411324,-0.012725287117064,0.0,0.0,4.769419193267822,1.6684939861297607,-0.000400543212890625,0.0,1,1,bilateral,completed,0.48005616664886475,-0.23870371282100677,0.05638857185840607,-0.1202424168586731,-0.23860682547092438,0.028499523177742958,0.0009102645562961698,0.0009129553218372166,0.7071190476417542,0.7070932388305664,1
afi_pilot_t0_root00_s8100_low,0,alphabet_soup_1,8100,0.28402085651781045,188,P4B,hold,188,9.4,3.0,3.3211758136749268,3.0,3.3214588165283203,0.08322139829397202,0.02505567670441788,0.003612339496612549,0.042299628257751465,-1.726543664932251,-0.003493964672088623,0.040921688079833984,-1.6607294082641602,0.06582832336425781,0.019428112486649083,0.02437269315123558,0.024776902049779892,0.9996890425682068,0.0028146104887127876,0.9996129274368286,-0.024739162996411324,-0.012725287117064,0.0,0.0,4.769412994384766,1.6684850454330444,-0.0001239776611328125,0.0,1,1,bilateral,completed,0.48005592823028564,-0.2387038618326187,0.05638851225376129,-0.1202424094080925,-0.23860682547092438,0.02849951572716236,0.0009101643227040768,0.0009131163824349642,0.7071192264556885,0.7070930600166321,1
afi_pilot_t0_root00_s8100_low,0,alphabet_soup_1,8100,0.28402085651781045,189,P4B,hold,189,9.450000000000001,3.0,3.321437358856201,3.0,3.320664882659912,0.08320911973714828,0.025057969616764306,0.003612697124481201,0.0422978401184082,-1.7265219688415527,-0.0034935474395751953,0.040911197662353516,-1.660332441329956,0.06620383262634277,0.01954135222731612,0.02437269315123558,0.024776902049779892,0.9996890425682068,0.0028146104887127876,0.9996129274368286,-0.024739162996411324,-0.012725287117064,0.0,0.0,4.769400119781494,1.6684948205947876,-0.0002574920654296875,0.0,1,1,bilateral,completed,0.4800562262535095,-0.2387036830186844,0.056388720870018005,-0.12024234980344772,-0.23860684037208557,0.028499536216259003,0.0009098991868086159,0.0009133287239819765,0.7071191668510437,0.7070931196212769,1
afi_pilot_t0_root00_s8100_low,0,alphabet_soup_1,8100,0.28402085651781045,190,P4B,hold,190,9.5,3.0,3.3212180137634277,3.0,3.320377826690674,0.0832112729549408,0.025060784434244674,0.003612220287322998,0.042302846908569336,-1.7266558408737183,-0.00349271297454834,0.0409083366394043,-1.660188913345337,0.06648123264312744,0.019623288871448624,0.02437271550297737,0.024776902049779892,0.9996890425682068,0.0028146104887127876,0.9996129274368286,-0.024739162996411324,-0.012725287117064,0.0,0.0,4.76937198638916,1.6684879064559937,-0.0005626678466796875,0.0,1,1,bilateral,completed,0.4800560176372528,-0.23870371282100677,0.05638839304447174,-0.12024250626564026,-0.23860692977905273,0.028499554842710495,0.0009106745128519833,0.000912479474209249,0.7071185111999512,0.7070937752723694,1
afi_pilot_t0_root00_s8100_low,0,alphabet_soup_1,8100,0.28402085651781045,191,P4B,probe_out,191,9.55,3.0,3.318345546722412,3.0,3.273513078689575,0.08196409046649933,0.0250385712524205,0.0035530924797058105,0.04162752628326416,-1.6988837718963623,-0.00344163179397583,0.0403364896774292,-1.6367565393447876,0.06214034557342529,0.01862354718961362,0.024366755038499832,0.024764927104115486,0.9996894598007202,0.0027749144937843084,0.9996159076690674,-0.02472865954041481,-0.012509234249591827,0.2,0.2,4.775360584259033,1.6693193912506104,0.11977195739746094,0.0,1,1,bilateral,completed,0.48012426495552063,-0.23871523141860962,0.05638404190540314,-0.12020112574100494,-0.23861680924892426,0.0284982081502676,0.0010657269740477204,0.0011942270211875439,0.7071059346199036,0.7071057558059692,1
afi_pilot_t0_root00_s8100_low,0,alphabet_soup_1,8100,0.28402085651781045,192,P4B,probe_out,192,9.600000000000001,3.0,3.2911698818206787,3.0,3.2283830642700195,0.08117365837097168,0.025143750526186746,0.00353395938873291,0.04139435291290283,-1.6893922090530396,-0.0033951997756958008,0.0397791862487793,-1.6141915321350098,0.0752178430557251,0.022761641292062318,0.024355078116059303,0.024764927104115486,0.9996894598007202,0.0027749144937843084,0.9996159076690674,-0.02472865954041481,-0.012509234249591827,0.2,0.4,4.814357757568359,1.7045198678970337,0.7799434661865234,0.03899717330932617,1,1,bilateral,completed,0.48024094104766846,-0.23872987926006317,0.056379273533821106,-0.12011852860450745,-0.23863518238067627,0.02849871665239334,0.0016159052029252052,0.001713583362288773,0.7071236968040466,0.7070858478546143,1
afi_pilot_t0_root00_s8100_low,0,alphabet_soup_1,8100,0.28402085651781045,193,P4B,probe_out,193,9.65,3.0,3.259307384490967,3.0,3.1912474632263184,0.0805165022611618,0.02523041637760064,0.0035181045532226562,0.04119563102722168,-1.6813445091247559,-0.0033570528030395508,0.03932070732116699,-1.5956237316131592,0.08574116230010986,0.02615682991509065,0.02434028871357441,0.024764927104115486,0.9996894598007202,0.0027749144937843084,0.9996159076690674,-0.02472865954041481,-0.012509234249591827,0.2,0.6000000000000001,4.8252129554748535,1.7058866024017334,0.2171039581298828,0.04985237121582031,1,1,bilateral,completed,0.48038920760154724,-0.23874220252037048,0.05637465417385101,-0.1200162023305893,-0.23864911496639252,0.02849823795258999,0.002154259942471981,0.002286553382873535,0.7071184515953064,0.707088053226471,1
afi_pilot_t0_root00_s8100_low,0,alphabet_soup_1,8100,0.28402085651781045,194,P4B,probe_out,194,9.700000000000001,3.0,3.2248289585113525,3.0,3.1700520515441895,0.07996515184640884,0.025225185752851084,0.003491997718811035,0.0409090518951416,-1.6697998046875,-0.0033330321311950684,0.03905594348907471,-1.5850260257720947,0.08479392528533936,0.02604383987613246,0.02432364597916603,0.024764927104115486,0.9996894598007202,0.0027749144937843084,0.9996159076690674,-0.02472865954041481,-0.012509234249591827,0.2,0.8,4.873837947845459,1.7481787204742432,0.9724998474121094,0.09847736358642578,1,1,bilateral,completed,0.48055705428123474,-0.23875479400157928,0.05637124180793762,-0.11990120261907578,-0.2386617511510849,0.02849794365465641,0.0027280498761683702,0.0028970306739211082,0.7071150541305542,0.7070872187614441,1
afi_pilot_t0_root00_s8100_low,0,alphabet_soup_1,8100,0.28402085651781045,195,P4B,probe_out,195,9.75,3.0,3.1912922859191895,3.0,3.1686105728149414,0.07923466712236404,0.025006123441661456,0.0034339427947998047,0.04020071029663086,-1.6410601139068604,-0.0033338069915771484,0.03903388977050781,-1.5843052864074707,0.056766390800476074,0.01759464078247307,0.024303317070007324,0.024764927104115486,0.9996894598007202,0.0027749144937843084,0.9996159076690674,-0.02472865954041481,-0.012509234249591827,0.2,1.0,4.929469108581543,1.7967464923858643,1.1126232147216797,0.15410852432250977,1,1,bilateral,completed,0.48073679208755493,-0.23876476287841797,0.056367382407188416,-0.11977369338274002,-0.23866862058639526,0.02850075624883175,0.0033196695148944855,0.003526677843183279,0.70710289478302,0.7070940136909485,1
afi_pilot_t0_root00_s8100_low,0,alphabet_soup_1,8100,0.28402085651781045,196,P4B,probe_out,196,9.8,3.0,3.1696317195892334,3.0,3.0998291969299316,0.07836050540208817,0.025278975202793867,0.0034296512603759766,0.04017329216003418,-1.6399588584899902,-0.003259122371673584,0.03818702697753906,-1.5499145984649658,0.09006607532501221,0.028226423491134217,0.024285390973091125,0.024764927104115486,0.9996894598007202,0.0027749144937843084,0.9996159076690674,-0.02472865954041481,-0.012509234249591827,0.2,1.2000000000000002,4.946625232696533,1.797633409500122,0.3431224822998047,0.1712646484375,1,1,bilateral,completed,0.48092570900917053,-0.23877108097076416,0.05636456608772278,-0.11964112520217896,-0.238675057888031,0.0284977238625288,0.00397472595795989,0.00414902251213789,0.7071043848991394,0.7070857286453247,1
afi_pilot_t0_root00_s8100_low,0,alphabet_soup_1,8100,0.28402085651781045,197,P4B,probe_out,197,9.850000000000001,3.0,3.1295766830444336,3.0,3.088122844696045,0.07750806957483292,0.02509876500151399,0.0033714771270751953,0.03946816921234131,-1.6112699508666992,-0.00324857234954834,0.03803980350494385,-1.5440614223480225,0.0672234296798706,0.021298242088947036,0.024263935163617134,0.024764927104115486,0.9996894598007202,0.0027749144937843084,0.9996159076690674,-0.02472865954041481,-0.012509234249591827,0.2,1.4000000000000001,5.008716583251953,1.8511672019958496,1.2418270111083984,0.23335599899291992,1,1,bilateral,completed,0.481118768453598,-0.23877838253974915,0.05636177957057953,-0.1195031926035881,-0.23867923021316528,0.02850138582289219,0.004634431097656488,0.004799330607056618,0.7070772647857666,0.7071047425270081,1
afi_pilot_t0_root00_s8100_low,0,alphabet_soup_1,8100,0.28402085651781045,198,P4B,probe_out,198,9.9,3.0,3.103769540786743,3.0,3.048297882080078,0.0767522007226944,0.025178707492432045,0.0033481717109680176,0.0392073392868042,-1.600813388824463,-0.003205418586730957,0.03754472732543945,-1.524148941040039,0.07668232917785645,0.024531188410607745,0.024243587628006935,0.024764927104115486,0.9996894598007202,0.0027749144937843084,0.9996159076690674,-0.02472865954041481,-0.012509234249591827,0.2,1.6000000000000003,5.073055267333984,1.9098117351531982,1.286773681640625,0.29769468307495117,1,1,bilateral,completed,0.48131436109542847,-0.23878149688243866,0.056357696652412415,-0.11936137825250626,-0.238679900765419,0.028502678498625755,0.00528688682243228,0.005444695241749287,0.7070619463920593,0.7071108222007751,1
afi_pilot_t0_root00_s8100_low,0,alphabet_soup_1,8100,0.28402085651781045,199,P4B,probe_out,199,9.950000000000001,3.0,3.0884487628936768,3.0,3.052406072616577,0.05321255326271057,0.01743298630548714,0.0038979053497314453,0.015610575675964355,-1.5970649719238281,-0.003210604190826416,0.03759753704071045,-1.5262030363082886,0.07047665119171143,0.022561079669479216,0.02422958053648472,0.024764927104115486,0.9996894598007202,0.0027749144937843084,0.9996159076690674,-0.02472865954041481,-0.012509234249591827,0.2,1.8000000000000005,5.097587585449219,1.9098820686340332,0.4906463623046875,0.32222700119018555,1,1,bilateral,completed,0.4815109372138977,-0.23878519237041473,0.05635350942611694,-0.11921747028827667,-0.23867382109165192,0.02850155532360077,0.005841970443725586,0.006032590288668871,0.7070711255073547,0.7070924639701843,1
afi_pilot_t0_root00_s8100_low,0,alphabet_soup_1,8100,0.28402085651781045,200,P4B,probe_out,200,10.0,3.0,3.062046766281128,3.0,3.0133280754089355,0.04651234671473503,0.015435540223552622,0.003842949867248535,0.015390276908874512,-1.5744664669036865,-0.0033395886421203613,0.031119346618652344,-1.5066640377044678,0.06755721569061279,0.021923232496416218,0.024210898205637932,0.024764927104115486,0.9996894598007202,0.0027749144937843084,0.9996159076690674,-0.02472865954041481,-0.012509234249591827,0.19999999999999965,2.0,5.162967681884766,1.97265625,1.3076019287109375,0.3876070976257324,1,1,bilateral,completed,0.48170894384384155,-0.23878902196884155,0.056349977850914,-0.11906835436820984,-0.23867309093475342,0.028503037989139557,0.006457646377384663,0.006630541756749153,0.7070521116256714,0.7071007490158081,1
afi_pilot_t0_root00_s8100_low,0,alphabet_soup_1,8100,0.28402085651781045,201,P4B,probe_back,201,10.05,3.0,3.0376954078674316,3.0,3.0074760913848877,0.04697306826710701,0.01561876697928354,0.003972232341766357,0.015912413597106934,-1.6281368732452393,-0.003331482410430908,0.03105628490447998,-1.5037380456924438,0.12415707111358643,0.03963789972432097,0.024208584800362587,0.024764927104115486,0.9996894598007202,0.0027749144937843084,0.9996159076690674,-0.02472865954041481,-0.012509234249591827,0.0,1.7998875118792057,5.170283317565918,1.9727013111114502,0.14631271362304688,0.39492273330688477,1,1,bilateral,max_displacement_cap,0.48176243901252747,-0.23877614736557007,0.05635085701942444,-0.11903741955757141,-0.23866644501686096,0.028502631932497025,0.006753255613148212,0.006826566066592932,0.7070755362510681,0.7070727348327637,1
afi_pilot_t0_root00_s8100_low,0,alphabet_soup_1,8100,0.28402085651781045,202,P4B,probe_back,202,10.100000000000001,3.0,3.029501438140869,3.0,3.024235725402832,0.0467957966029644,0.015473594273717252,0.003887653350830078,0.015561580657958984,-1.5920841693878174,-0.0033534765243530273,0.031231164932250977,-1.512117862701416,0.07972097396850586,0.02567826532901991,0.024200452491641045,0.024764927104115486,0.9996894598007202,0.0027749144937843084,0.9996159076690674,-0.02472865954041481,-0.012509234249591827,0.0,1.599926850758493,5.170300006866455,1.972599983215332,0.0003337860107421875,0.3949394226074219,1,1,bilateral,max_displacement_cap,0.4817243218421936,-0.23876160383224487,0.056356459856033325,-0.11906645447015762,-0.23864959180355072,0.02849995717406273,0.006972476374357939,0.006926970090717077,0.707092821598053,0.7070522904396057,1
afi_pilot_t0_root00_s8100_low,0,alphabet_soup_1,8100,0.28402085651781045,203,P4B,probe_back,203,10.15,3.0,3.0164482593536377,3.0,3.0112857818603516,0.046576742082834244,0.015467393484672668,0.0038640499114990234,0.015475630760192871,-1.5831971168518066,-0.0033368468284606934,0.031098127365112305,-1.5056428909301758,0.07730972766876221,0.025025441386641624,0.02418973483145237,0.024764927104115486,0.9996894598007202,0.0027749144937843084,0.9996159076690674,-0.02472865954041481,-0.012509234249591827,0.0,1.3999062357470393,5.167913436889648,1.9720085859298706,-0.04773139953613281,0.39255285263061523,1,1,bilateral,max_displacement_cap,0.4816324710845947,-0.23874282836914062,0.05636754631996155,-0.11913199722766876,-0.2386249452829361,0.02849765308201313,0.007362565957009792,0.00723982835188508,0.707081139087677,0.707056999206543,1
afi_pilot_t0_root00_s8100_low,0,alphabet_soup_1,8100,0.28402085651781045,204,P4B,probe_back,204,10.200000000000001,3.0,2.9986214637756348,3.0,3.017615795135498,0.046484075486660004,0.015404239188300231,0.0038230419158935547,0.015314340591430664,-1.5661945343017578,-0.003344297409057617,0.031167268753051758,-1.508807897567749,0.05714058876037598,0.018579843050658823,0.024174053221940994,0.024764927104115486,0.9996894598007202,0.0027749144937843084,0.9996159076690674,-0.02472865954041481,-0.012509234249591827,0.0,1.1999454582110047,5.163483142852783,1.971686601638794,-0.08860588073730469,0.38812255859375,1,1,bilateral,max_displacement_cap,0.4815017879009247,-0.2387264370918274,0.05637979507446289,-0.11922972649335861,-0.23860427737236023,0.028499817475676537,0.007697051856666803,0.007398779969662428,0.7070979475975037,0.7070348858833313,1
afi_pilot_t0_root00_s8100_low,0,alphabet_soup_1,8100,0.28402085651781045,205,P4B,probe_back,205,10.25,3.0,2.9890801906585693,3.0,3.0503993034362793,0.046609602868556976,0.015279836582722528,0.003767848014831543,0.015102982521057129,-1.5448309183120728,-0.003377854824066162,0.03150498867034912,-1.5251996517181396,0.019380569458007812,0.006311988725263718,0.02416166104376316,0.024764927104115486,0.9996894598007202,0.0027749144937843084,0.9996159076690674,-0.02472865954041481,-0.012509234249591827,0.0,0.9999542962759733,5.164619445800781,1.9711225032806396,0.022726058959960938,0.38925886154174805,1,1,bilateral,max_displacement_cap,0.4813441038131714,-0.23871329426765442,0.05639001727104187,-0.11938408017158508,-0.23858311772346497,0.02849828265607357,0.007819087244570255,0.007783036213368177,0.7070658802986145,0.7070615291595459,1
afi_pilot_t0_root00_s8100_low,0,alphabet_soup_1,8100,0.28402085651781045,206,P4B,probe_back,206,10.3,3.0,3.003782272338867,3.0,2.97048282623291,0.04576898738741875,0.015407928631407641,0.0037627816200256348,0.015073895454406738,-1.5404596328735352,-0.0032947659492492676,0.030692696571350098,-1.485241413116455,0.05497574806213379,0.01816719380693178,0.0241557564586401,0.024764927104115486,0.9996894598007202,0.0027749144937843084,0.9996159076690674,-0.02472865954041481,-0.012509234249591827,0.0,0.799963774625212,5.107722759246826,1.9080195426940918,-1.1379337310791016,0.33236217498779297,1,1,bilateral,max_displacement_cap,0.48116567730903625,-0.2387017011642456,0.056394100189208984,-0.11952690780162811,-0.23857076466083527,0.028499683365225792,0.00814766064286232,0.0077676838263869286,0.7070882320404053,0.7070356607437134,1
afi_pilot_t0_root00_s8100_low,0,alphabet_soup_1,8100,0.28402085651781045,207,P4B,probe_back,207,10.350000000000001,3.0,2.993436098098755,3.0,3.003465414047241,0.04598233848810196,0.015309761275439381,0.0037311911582946777,0.01495349407196045,-1.5287556648254395,-0.0033280253410339355,0.03102707862854004,-1.5017327070236206,0.026776432991027832,0.008834511677270687,0.02414882183074951,0.024764927104115486,0.9996894598007202,0.0027749144937843084,0.9996159076690674,-0.02472865954041481,-0.012509234249591827,0.0,0.5999428103677928,5.105313777923584,1.9076406955718994,-0.04817962646484375,0.3299531936645508,1,1,bilateral,max_displacement_cap,0.4809795618057251,-0.23869070410728455,0.05639772117137909,-0.1196998655796051,-0.2385554164648056,0.028498785570263863,0.008142994716763496,0.008096260949969292,0.707067608833313,0.7070526480674744,1
afi_pilot_t0_root00_s8100_low,0,alphabet_soup_1,8100,0.28402085651781045,208,P4B,probe_back,208,10.4,3.0,3.003139019012451,3.0,2.9999146461486816,0.0458749458193779,0.015292083685871724,0.0037145614624023438,0.014884471893310547,-1.52186918258667,-0.0033243298530578613,0.03098881244659424,-1.4999573230743408,0.021665453910827637,0.007168703222163337,0.024143723770976067,0.024764927104115486,0.9996894598007202,0.0027749144937843084,0.9996159076690674,-0.02472865954041481,-0.012509234249591827,0.0,0.39998171268962324,5.102598190307617,1.9074703454971313,-0.05431175231933594,0.327237606048584,1,1,bilateral,max_displacement_cap,0.4807898700237274,-0.23868003487586975,0.056402161717414856,-0.11987718939781189,-0.2385421097278595,0.028498850762844086,0.008267509751021862,0.008227610029280186,0.7070580124855042,0.7070592045783997,1
afi_pilot_t0_root00_s8100_low,0,alphabet_soup_1,8100,0.28402085651781045,209,P4B,probe_back,209,10.450000000000001,3.0,2.9949893951416016,3.0,2.9975290298461914,0.04579451307654381,0.015277421042655793,0.0036612749099731445,0.014657974243164062,-1.4987645149230957,-0.0033435821533203125,0.0311354398727417,-1.5070399045944214,0.008524656295776367,0.002835686200768169,0.02413761243224144,0.024764927104115486,0.9996894598007202,0.0027749144937843084,0.9996159076690674,-0.02472865954041481,-0.012509234249591827,0.0,0.1999607338802889,5.0899786949157715,1.9125401973724365,-0.25238990783691406,0.3146181106567383,1,1,bilateral,max_displacement_cap,0.48059290647506714,-0.2386694848537445,0.05640240013599396,-0.12005916982889175,-0.23853015899658203,0.028499841690063477,0.008417404256761074,0.008381204679608345,0.707067608833313,0.7070460915565491,1
afi_pilot_t0_root00_s8100_low,0,alphabet_soup_1,8100,0.28402085651781045,210,P4B,probe_back,210,10.5,3.0,2.9832944869995117,3.0,3.032698154449463,0.04627230390906334,0.015257800662151069,0.00372999906539917,0.014940500259399414,-1.5273135900497437,-0.00336301326751709,0.03133034706115723,-1.5163490772247314,0.010714888572692871,0.003519924346865923,0.02413347363471985,0.024764927104115486,0.9996894598007202,0.0027749144937843084,0.9996159076690674,-0.02472865954041481,-0.012509234249591827,0.0,0.0,5.089141368865967,1.912283182144165,-0.01674652099609375,0.3137807846069336,1,1,bilateral,max_displacement_cap,0.48039883375167847,-0.2386629283428192,0.056407347321510315,-0.12024970352649689,-0.23852066695690155,0.028501903638243675,0.008403487503528595,0.008363813161849976,0.7070456147193909,0.7070685029029846,1
afi_pilot_t0_root00_s8100_low,0,alphabet_soup_1,8100,0.28402085651781045,211,P4B,probe_hold,211,10.55,3.0,2.99841570854187,3.0,2.992550849914551,0.045656315982341766,0.015256655031825252,0.0036777257919311523,0.014738202095031738,-1.506557822227478,-0.0033173561096191406,0.030916690826416016,-1.4962754249572754,0.010035991668701172,0.003341729335007453,0.024132559075951576,0.024764927104115486,0.9996894598007202,0.0027749144937843084,0.9996159076690674,-0.02472865954041481,-0.012509234249591827,0.0,0.0,5.08661413192749,1.912416934967041,-0.05054473876953125,0.31125354766845703,1,1,bilateral,max_displacement_cap,0.4802744388580322,-0.23866315186023712,0.056407466530799866,-0.12036088109016418,-0.2385191023349762,0.028499823063611984,0.008477711118757725,0.008267732337117195,0.70706707239151,0.7070472240447998,1
afi_pilot_t0_root00_s8100_low,0,alphabet_soup_1,8100,0.28402085651781045,212,P4B,probe_hold,212,10.600000000000001,3.0,2.998591899871826,3.0,3.0160059928894043,0.04592708498239517,0.015227783064978578,0.0036798715591430664,0.014748454093933105,-1.5080029964447021,-0.0033439993858337402,0.031177401542663574,-1.5090980529785156,0.0013440847396850586,0.0004454294239892367,0.024132825434207916,0.024764927104115486,0.9996894598007202,0.0027749144937843084,0.9996159076690674,-0.02472865954041481,-0.012509234249591827,0.0,0.0,5.089432239532471,1.912322759628296,0.056362152099609375,0.3140716552734375,1,1,bilateral,max_displacement_cap,0.4802004098892212,-0.23866188526153564,0.056408241391181946,-0.12044870108366013,-0.23851792514324188,0.028500238433480263,0.008411805145442486,0.008358930237591267,0.7070488929748535,0.7070651650428772,1
afi_pilot_t0_root00_s8100_low,0,alphabet_soup_1,8100,0.28402085651781045,213,P4B,probe_hold,213,10.65,3.0,3.0023369789123535,3.0,2.9875454902648926,0.04558407515287399,0.015258035501522105,0.003672361373901367,0.014716506004333496,-1.5042040348052979,-0.0033121109008789062,0.030866146087646484,-1.4937727451324463,0.0101851224899292,0.0033968797958031506,0.02413272112607956,0.024764927104115486,0.9996894598007202,0.0027749144937843084,0.9996159076690674,-0.02472865954041481,-0.012509234249591827,0.0,0.0,5.08726167678833,1.9124095439910889,-0.0434112548828125,0.3119010925292969,1,1,bilateral,max_displacement_cap,0.4801539480686188,-0.23866139352321625,0.056407034397125244,-0.12048492580652237,-0.2385186403989792,0.02849799208343029,0.008526643738150597,0.008324130438268185,0.707062304019928,0.7070508003234863,1
afi_pilot_t0_root00_s8100_low,0,alphabet_soup_1,8100,0.28402085651781045,214,P4B,probe_hold,214,10.700000000000001,3.0,2.994298219680786,3.0,2.999917984008789,0.04584580659866333,0.01528235333200663,0.0037067532539367676,0.014857888221740723,-1.51943838596344,-0.003322601318359375,0.030986309051513672,-1.4999589920043945,0.019232869148254395,0.006368925130933703,0.024135274812579155,0.024764927104115486,0.9996894598007202,0.0027749144937843084,0.9996159076690674,-0.02472865954041481,-0.012509234249591827,0.0,0.0,5.08897066116333,1.9123098850250244,0.0341796875,0.3136100769042969,1,1,bilateral,max_displacement_cap,0.4801284670829773,-0.23866020143032074,0.05640789866447449,-0.12051917612552643,-0.23851919174194336,0.02850016951560974,0.008418841287493706,0.008356592617928982,0.7070469856262207,0.7070669531822205,1
afi_pilot_t0_root00_s8100_low,0,alphabet_soup_1,8100,0.28402085651781045,215,P4B,probe_hold,215,10.75,3.0,2.998109817504883,3.0,3.010817050933838,0.04583866894245148,0.015224661002977286,0.003676116466522217,0.014735579490661621,-1.5066263675689697,-0.0033354759216308594,0.03110182285308838,-1.505408525466919,0.0009694099426269531,0.00032180262656158565,0.02413337118923664,0.024764927104115486,0.9996894598007202,0.0027749144937843084,0.9996159076690674,-0.02472865954041481,-0.012509234249591827,0.0,0.0,5.087766170501709,1.912369966506958,-0.024089813232421875,0.3124055862426758,1,1,bilateral,max_displacement_cap,0.48010870814323425,-0.2386624813079834,0.056406691670417786,-0.12053230404853821,-0.23851922154426575,0.028498319908976555,0.008471435867249966,0.008306073024868965,0.7070581316947937,0.7070558667182922,1
