trial_id,task_id,object_id,seed_idx,friction,timestamp,probe_variant,probe_phase,step,t_s,force_target,measured_squeeze,target_normal_force,measured_fn,measured_ft,ft_over_fn,left_fx,left_fy,left_fz,right_fx,right_fy,right_fz,force_imbalance,force_imbalance_ratio,gripper_opening,contact_normal_x,contact_normal_y,contact_normal_z,contact_tangent_x,contact_tangent_y,contact_tangent_z,commanded_tangent_increment_mm,accumulated_displacement_mm,marker_motion,marker_tangential,marker_velocity,marker_loading_unloading,contact_left,contact_right,contact_state,stop_trigger,eef_x,eef_y,eef_z,object_x_priv,object_y_priv,object_z_priv,object_qw_priv,object_qx_priv,object_qy_priv,object_qz_priv,tactile_ok
afi_pilot_t0_root00_s8100_high,0,alphabet_soup_1,8100,0.9857358274618948,1,P4B,approach,1,0.05,0.0,2.9419119358062744,3.0,0.0,0.0,0.0,0.0,0.0,0.0,0.0,0.0,0.0,0.0,0.0,0.03999440744519234,0.024776902049779892,0.9996890425682068,0.0028146104887127876,0.9996129274368286,-0.024739162996411324,-0.012725287117064,0.0,0.0,0.0,0.0,0.0,0.0,0,0,none,completed,0.47277742624282837,-0.0064984941855072975,0.28483378887176514,-0.12016038596630096,-0.23872940242290497,0.028500651940703392,-0.00022432157129514962,0.00023922159743960947,0.7071487307548523,0.707064688205719,1
afi_pilot_t0_root00_s8100_high,0,alphabet_soup_1,8100,0.9857358274618948,2,P4B,approach,2,0.1,0.0,1.5062590837478638,3.0,0.0,0.0,0.0,0.0,0.0,0.0,0.0,0.0,0.0,0.0,0.0,0.03999364376068115,0.024776902049779892,0.9996890425682068,0.0028146104887127876,0.9996129274368286,-0.024739162996411324,-0.012725287117064,0.0,0.0,0.0,0.0,0.0,0.0,0,0,none,completed,0.47286683320999146,-0.009336364455521107,0.2827640473842621,-0.12022102624177933,-0.23874913156032562,0.02849995717406273,1.0462711543368641e-05,1.1369260391802527e-05,0.7071138024330139,0.7070996165275574,1
afi_pilot_t0_root00_s8100_high,0,alphabet_soup_1,8100,0.9857358274618948,3,P4B,approach,3,0.15000000000000002,0.0,0.7712047100067139,3.0,0.0,0.0,0.0,0.0,0.0,0.0,0.0,0.0,0.0,0.0,0.0,0.039996352046728134,0.024776902049779892,0.9996890425682068,0.0028146104887127876,0.9996129274368286,-0.024739162996411324,-0.012725287117064,0.0,0.0,0.0,0.0,0.0,0.0,0,0,none,completed,0.472973495721817,-0.013417273759841919,0.2802017629146576,-0.12022050470113754,-0.23874987661838531,0.028499910607933998,7.742956768197473e-06,1.407362287864089e-05,0.707109808921814,0.7071036100387573,1
afi_pilot_t0_root00_s8100_high,0,alphabet_soup_1,8100,0.9857358274618948,4,P4B,approach,4,0.2,0.0,0.39485684037208557,3.0,0.0,0.0,0.0,0.0,0.0,0.0,0.0,0.0,0.0,0.0,0.0,0.03999972715973854,0.024776902049779892,0.9996890425682068,0.0028146104887127876,0.9996129274368286,-0.024739162996411324,-0.012725287117064,0.0,0.0,0.0,0.0,0.0,0.0,0,0,none,completed,0.47309499979019165,-0.018195567652583122,0.27734771370887756,-0.12022105604410172,-0.23874922096729279,0.028499968349933624,1.066308959707385e-05,1.128609619627241e-05,0.70711350440979,0.7070999145507812,1
afi_pilot_t0_root00_s8100_high,0,alphabet_soup_1,8100,0.9857358274618948,5,P4B,approach,5,0.25,0.0,0.20216672122478485,3.0,0.0,0.0,0.0,0.0,0.0,0.0,0.0,0.0,0.0,0.0,0.0,0.03999999910593033,0.024776902049779892,0.9996890425682068,0.0028146104887127876,0.9996129274368286,-0.024739162996411324,-0.012725287117064,0.0,0.0,0.0,0.0,0.0,0.0,0,0,none,completed,0.4732278883457184,-0.02329494059085846,0.27432015538215637,-0.12022050470113754,-0.23874986171722412,0.028499912470579147,7.775183803460095e-06,1.4160588762024418e-05,0.707109808921814,0.7071036100387573,1
afi_pilot_t0_root00_s8100_high,0,alphabet_soup_1,8100,0.9857358274618948,6,P4B,approach,6,0.30000000000000004,0.0,0.10350936651229858,3.0,0.0,0.0,0.0,0.0,0.0,0.0,0.0,0.0,0.0,0.0,0.0,0.03999999910593033,0.024776902049779892,0.9996890425682068,0.0028146104887127876,0.9996129274368286,-0.024739162996411324,-0.012725287117064,0.0,0.0,0.0,0.0,0.0,0.0,0,0,none,completed,0.4733697175979614,-0.02850974164903164,0.2711896598339081,-0.12022105604410172,-0.23874922096729279,0.028499970212578773,1.0646044756867923e-05,1.1252252988924738e-05,0.70711350440979,0.7070999145507812,1
afi_pilot_t0_root00_s8100_high,0,alphabet_soup_1,8100,0.9857358274618948,7,P4B,approach,7,0.35000000000000003,0.0,0.05299679562449455,3.0,0.0,0.0,0.0,0.0,0.0,0.0,0.0,0.0,0.0,0.0,0.0,0.03999999910593033,0.024776902049779892,0.9996890425682068,0.0028146104887127876,0.9996129274368286,-0.024739162996411324,-0.012725287117064,0.0,0.0,0.0,0.0,0.0,0.0,0,0,none,completed,0.47351861000061035,-0.03374673053622246,0.2679978609085083,-0.12022050470113754,-0.23874986171722412,0.028499912470579147,7.757192179269623e-06,1.4127454960544128e-05,0.707109808921814,0.7071036100387573,1
afi_pilot_t0_root00_s8100_high,0,alphabet_soup_1,8100,0.9857358274618948,8,P4B,approach,8,0.4,0.0,0.027134358882904053,3.0,0.0,0.0,0.0,0.0,0.0,0.0,0.0,0.0,0.0,0.0,0.0,0.03999999910593033,0.024776902049779892,0.9996890425682068,0.0028146104887127876,0.9996129274368286,-0.024739162996411324,-0.012725287117064,0.0,0.0,0.0,0.0,0.0,0.0,0,0,none,completed,0.47367221117019653,-0.03897352144122124,0.2647692859172821,-0.12022106349468231,-0.23874922096729279,0.028499972075223923,1.0727662811405025e-05,1.128869189415127e-05,0.7071133852005005,0.7071000337600708,1
afi_pilot_t0_root00_s8100_high,0,alphabet_soup_1,8100,0.9857358274618948,9,P4B,approach,9,0.45,0.0,0.013892792165279388,3.0,0.0,0.0,0.0,0.0,0.0,0.0,0.0,0.0,0.0,0.0,0.0,0.03999999910593033,0.024776902049779892,0.9996890425682068,0.0028146104887127876,0.9996129274368286,-0.024739162996411324,-0.012725287117064,0.0,0.0,0.0,0.0,0.0,0.0,0,0,none,completed,0.4738292396068573,-0.04418328404426575,0.26151877641677856,-0.12022051215171814,-0.23874986171722412,0.028499916195869446,7.803588232491165e-06,1.4114286386757158e-05,0.7071096897125244,0.7071037292480469,1
afi_pilot_t0_root00_s8100_high,0,alphabet_soup_1,8100,0.9857358274618948,10,P4B,approach,10,0.5,0.0,0.007113110274076462,3.0,0.0,0.0,0.0,0.0,0.0,0.0,0.0,0.0,0.0,0.0,0.0,0.03999999910593033,0.024776902049779892,0.9996890425682068,0.0028146104887127876,0.9996129274368286,-0.024739162996411324,-0.012725287117064,0.0,0.0,0.0,0.0,0.0,0.0,0,0,none,completed,0.47398841381073,-0.049380093812942505,0.25825560092926025,-0.12022106349468231,-0.23874922096729279,0.028499968349933624,1.0646410373738036e-05,1.1235683814447839e-05,0.70711350440979,0.7070999145507812,1
afi_pilot_t0_root00_s8100_high,0,alphabet_soup_1,8100,0.9857358274618948,11,P4B,approach,11,0.55,0.0,0.0036419127136468887,3.0,0.0,0.0,0.0,0.0,0.0,0.0,0.0,0.0,0.0,0.0,0.0,0.03999999910593033,0.024776902049779892,0.9996890425682068,0.0028146104887127876,0.9996129274368286,-0.024739162996411324,-0.012725287117064,0.0,0.0,0.0,0.0,0.0,0.0,0,0,none,completed,0.47414910793304443,-0.05456873029470444,0.25498464703559875,-0.12022050470113754,-0.23874986171722412,0.028499914333224297,7.770041520416271e-06,1.4182353879732545e-05,0.707109808921814,0.7071036100387573,1
afi_pilot_t0_root00_s8100_high,0,alphabet_soup_1,8100,0.9857358274618948,12,P4B,approach,12,0.6000000000000001,0.0,0.0018646594835445285,3.0,0.0,0.0,0.0,0.0,0.0,0.0,0.0,0.0,0.0,0.0,0.0,0.03999999910593033,0.024776902049779892,0.9996890425682068,0.0028146104887127876,0.9996129274368286,-0.024739162996411324,-0.012725287117064,0.0,0.0,0.0,0.0,0.0,0.0,0,0,none,completed,0.47431010007858276,-0.05975378677248955,0.251709520816803,-0.12022106349468231,-0.23874922096729279,0.028499973937869072,1.0714150448620785e-05,1.1242641448916402e-05,0.7071132659912109,0.7071001529693604,1
afi_pilot_t0_root00_s8100_high,0,alphabet_soup_1,8100,0.9857358274618948,13,P4B,approach,13,0.65,0.0,0.0009547057561576366,3.0,0.0,0.0,0.0,0.0,0.0,0.0,0.0,0.0,0.0,0.0,0.0,0.03999999910593033,0.024776902049779892,0.9996890425682068,0.0028146104887127876,0.9996129274368286,-0.024739162996411324,-0.012725287117064,0.0,0.0,0.0,0.0,0.0,0.0,0,0,none,completed,0.4744715690612793,-0.06493713706731796,0.24843165278434753,-0.12022051215171814,-0.23874986171722412,0.028499916195869446,7.7379436334013e-06,1.4120237210590858e-05,0.7071096897125244,0.7071037292480469,1
afi_pilot_t0_root00_s8100_high,0,alphabet_soup_1,8100,0.9857358274618948,14,P4B,approach,14,0.7000000000000001,0.0,0.0004888093681074679,3.0,0.0,0.0,0.0,0.0,0.0,0.0,0.0,0.0,0.0,0.0,0.0,0.03999999910593033,0.024776902049779892,0.9996890425682068,0.0028146104887127876,0.9996129274368286,-0.024739162996411324,-0.012725287117064,0.0,0.0,0.0,0.0,0.0,0.0,0,0,none,completed,0.4746330976486206,-0.07012079656124115,0.2451522946357727,-0.12022106349468231,-0.23874922096729279,0.028499968349933624,1.0658372957550455e-05,1.129103111452423e-05,0.70711350440979,0.7070999145507812,1
afi_pilot_t0_root00_s8100_high,0,alphabet_soup_1,8100,0.9857358274618948,15,P4B,approach,15,0.75,0.0,0.00025027041556313634,3.0,0.0,0.0,0.0,0.0,0.0,0.0,0.0,0.0,0.0,0.0,0.0,0.03999999910593033,0.024776902049779892,0.9996890425682068,0.0028146104887127876,0.9996129274368286,-0.024739162996411324,-0.012725287117064,0.0,0.0,0.0,0.0,0.0,0.0,0,0,none,completed,0.4747939109802246,-0.07530470192432404,0.24187186360359192,-0.12022051215171814,-0.23874986171722412,0.028499914333224297,7.796475983923301e-06,1.4137598554953001e-05,0.7071096897125244,0.7071037292480469,1
afi_pilot_t0_root00_s8100_high,0,alphabet_soup_1,8100,0.9857358274618948,16,P4B,approach,16,0.8,0.0,0.00012813846115022898,3.0,0.0,0.0,0.0,0.0,0.0,0.0,0.0,0.0,0.0,0.0,0.0,0.03999999910593033,0.024776902049779892,0.9996890425682068,0.0028146104887127876,0.9996129274368286,-0.024739162996411324,-0.012725287117064,0.0,0.0,0.0,0.0,0.0,0.0,0,0,none,completed,0.47495487332344055,-0.08048930019140244,0.23859086632728577,-0.12022105604410172,-0.23874922096729279,0.028499968349933624,1.0644549547578208e-05,1.1253960110479966e-05,0.70711350440979,0.7070999145507812,1
afi_pilot_t0_root00_s8100_high,0,alphabet_soup_1,8100,0.9857358274618948,17,P4B,approach,17,0.8500000000000001,0.0,6.560689507750794e-05,3.0,0.0,0.0,0.0,0.0,0.0,0.0,0.0,0.0,0.0,0.0,0.0,0.03999999910593033,0.024776902049779892,0.9996890425682068,0.0028146104887127876,0.9996129274368286,-0.024739162996411324,-0.012725287117064,0.0,0.0,0.0,0.0,0.0,0.0,0,0,none,completed,0.475115567445755,-0.08567412942647934,0.23530921339988708,-0.12022051215171814,-0.23874986171722412,0.028499912470579147,7.767429451632779e-06,1.4117466889729258e-05,0.707109808921814,0.7071036100387573,1
afi_pilot_t0_root00_s8100_high,0,alphabet_soup_1,8100,0.9857358274618948,18,P4B,approach,18,0.9,0.0,3.359073161846027e-05,3.0,0.0,0.0,0.0,0.0,0.0,0.0,0.0,0.0,0.0,0.0,0.0,0.03999999910593033,0.024776902049779892,0.9996890425682068,0.0028146104887127876,0.9996129274368286,-0.024739162996411324,-0.012725287117064,0.0,0.0,0.0,0.0,0.0,0.0,0,0,none,completed,0.4752759337425232,-0.09085942804813385,0.23202753067016602,-0.12022105604410172,-0.23874922096729279,0.028499973937869072,1.0754734830697998e-05,1.1304239706078079e-05,0.7071133852005005,0.7071000337600708,1
afi_pilot_t0_root00_s8100_high,0,alphabet_soup_1,8100,0.9857358274618948,19,P4B,approach,19,0.9500000000000001,0.0,1.71984556800453e-05,3.0,0.0,0.0,0.0,0.0,0.0,0.0,0.0,0.0,0.0,0.0,0.0,0.03999999910593033,0.024776902049779892,0.9996890425682068,0.0028146104887127876,0.9996129274368286,-0.024739162996411324,-0.012725287117064,0.0,0.0,0.0,0.0,0.0,0.0,0,0,none,completed,0.47543665766716003,-0.09604492038488388,0.22874605655670166,-0.12022050470113754,-0.23874986171722412,0.028499916195869446,7.761757842672523e-06,1.4155941244098358e-05,0.707109808921814,0.7071036100387573,1
afi_pilot_t0_root00_s8100_high,0,alphabet_soup_1,8100,0.9857358274618948,20,P4B,approach,20,1.0,0.0,8.805610377748962e-06,3.0,0.0,0.0,0.0,0.0,0.0,0.0,0.0,0.0,0.0,0.0,0.0,0.03999999910593033,0.024776902049779892,0.9996890425682068,0.0028146104887127876,0.9996129274368286,-0.024739162996411324,-0.012725287117064,0.0,0.0,0.0,0.0,0.0,0.0,0,0,none,completed,0.47559720277786255,-0.1012299656867981,0.22546380758285522,-0.12022106349468231,-0.23874922096729279,0.028499970212578773,1.0723418199631851e-05,1.1326000276312698e-05,0.7071133852005005,0.7071000337600708,1
afi_pilot_t0_root00_s8100_high,0,alphabet_soup_1,8100,0.9857358274618948,21,P4B,approach,21,1.05,0.0,4.5084725570632145e-06,3.0,0.0,0.0,0.0,0.0,0.0,0.0,0.0,0.0,0.0,0.0,0.0,0.03999999910593033,0.024776902049779892,0.9996890425682068,0.0028146104887127876,0.9996129274368286,-0.024739162996411324,-0.012725287117064,0.0,0.0,0.0,0.0,0.0,0.0,0,0,none,completed,0.4757576286792755,-0.10641540586948395,0.22218221426010132,-0.12022050470113754,-0.23874986171722412,0.028499916195869446,7.762593668303452e-06,1.4146453395369463e-05,0.707109808921814,0.7071036100387573,1
afi_pilot_t0_root00_s8100_high,0,alphabet_soup_1,8100,0.9857358274618948,22,P4B,approach,22,1.1,0.0,2.308338252987596e-06,3.0,0.0,0.0,0.0,0.0,0.0,0.0,0.0,0.0,0.0,0.0,0.0,0.03999999910593033,0.024776902049779892,0.9996890425682068,0.0028146104887127876,0.9996129274368286,-0.024739162996411324,-0.012725287117064,0.0,0.0,0.0,0.0,0.0,0.0,0,0,none,completed,0.4759182929992676,-0.1116003766655922,0.2189003825187683,-0.12022106349468231,-0.23874922096729279,0.028499970212578773,1.0724281310103834e-05,1.1316489690216258e-05,0.7071133852005005,0.7071000337600708,1
afi_pilot_t0_root00_s8100_high,0,alphabet_soup_1,8100,0.9857358274618948,23,P4B,approach,23,1.1500000000000001,0.0,1.181869265565183e-06,3.0,0.0,0.0,0.0,0.0,0.0,0.0,0.0,0.0,0.0,0.0,0.0,0.03999999910593033,0.024776902049779892,0.9996890425682068,0.0028146104887127876,0.9996129274368286,-0.024739162996411324,-0.012725287117064,0.0,0.0,0.0,0.0,0.0,0.0,0,0,none,completed,0.47607919573783875,-0.11678518354892731,0.21561887860298157,-0.12022050470113754,-0.23874986171722412,0.028499916195869446,7.763494068058208e-06,1.413690551999025e-05,0.707109808921814,0.7071036100387573,1
afi_pilot_t0_root00_s8100_high,0,alphabet_soup_1,8100,0.9857358274618948,24,P4B,approach,24,1.2000000000000002,0.0,6.051170657883631e-07,3.0,0.0,0.0,0.0,0.0,0.0,0.0,0.0,0.0,0.0,0.0,0.0,0.03999999910593033,0.024776902049779892,0.9996890425682068,0.0028146104887127876,0.9996129274368286,-0.024739162996411324,-0.012725287117064,0.0,0.0,0.0,0.0,0.0,0.0,0,0,none,completed,0.4762398600578308,-0.12196993827819824,0.21233737468719482,-0.12022106349468231,-0.23874922096729279,0.028499970212578773,1.0725129868660588e-05,1.1306989108561538e-05,0.7071133852005005,0.7071000337600708,1
afi_pilot_t0_root00_s8100_high,0,alphabet_soup_1,8100,0.9857358274618948,25,P4B,approach,25,1.25,0.0,3.0981996701484604e-07,3.0,0.0,0.0,0.0,0.0,0.0,0.0,0.0,0.0,0.0,0.0,0.0,0.03999999910593033,0.024776902049779892,0.9996890425682068,0.0028146104887127876,0.9996129274368286,-0.024739162996411324,-0.012725287117064,0.0,0.0,0.0,0.0,0.0,0.0,0,0,none,completed,0.4764004349708557,-0.12715421617031097,0.20905503630638123,-0.12022050470113754,-0.23874986171722412,0.028499916195869446,7.764350812067278e-06,1.4127401300356723e-05,0.707109808921814,0.7071036100387573,1
afi_pilot_t0_root00_s8100_high,0,alphabet_soup_1,8100,0.9857358274618948,26,P4B,approach,26,1.3,0.0,1.5862782731801417e-07,3.0,0.0,0.0,0.0,0.0,0.0,0.0,0.0,0.0,0.0,0.0,0.0,0.03999999910593033,0.024776902049779892,0.9996890425682068,0.0028146104887127876,0.9996129274368286,-0.024739162996411324,-0.012725287117064,0.0,0.0,0.0,0.0,0.0,0.0,0,0,none,completed,0.4765614867210388,-0.13233806192874908,0.20577383041381836,-0.12022106349468231,-0.23874922096729279,0.028499970212578773,1.0726067557698116e-05,1.1297399396426044e-05,0.7071133852005005,0.7071000337600708,1
afi_pilot_t0_root00_s8100_high,0,alphabet_soup_1,8100,0.9857358274618948,27,P4B,approach,27,1.35,0.0,8.121745054268104e-08,3.0,0.0,0.0,0.0,0.0,0.0,0.0,0.0,0.0,0.0,0.0,0.0,0.03999999910593033,0.024776902049779892,0.9996890425682068,0.0028146104887127876,0.9996129274368286,-0.024739162996411324,-0.012725287117064,0.0,0.0,0.0,0.0,0.0,0.0,0,0,none,completed,0.4767224192619324,-0.1375216692686081,0.20249223709106445,-0.12022051215171814,-0.23874986171722412,0.028499916195869446,7.809328963048756e-06,1.4115666999714449e-05,0.7071096897125244,0.7071037292480469,1
afi_pilot_t0_root00_s8100_high,0,alphabet_soup_1,8100,0.9857358274618948,28,P4B,approach,28,1.4000000000000001,0.0,4.15833341094185e-08,3.0,0.0,0.0,0.0,0.0,0.0,0.0,0.0,0.0,0.0,0.0,0.0,0.03999999910593033,0.024776902049779892,0.9996890425682068,0.0028146104887127876,0.9996129274368286,-0.024739162996411324,-0.012725287117064,0.0,0.0,0.0,0.0,0.0,0.0,0,0,none,completed,0.4768831729888916,-0.14270490407943726,0.19921016693115234,-0.12022105604410172,-0.23874922096729279,0.028499968349933624,1.06350553323864e-05,1.125412109104218e-05,0.70711350440979,0.7070999145507812,1
afi_pilot_t0_root00_s8100_high,0,alphabet_soup_1,8100,0.9857358274618948,29,P4B,approach,29,1.4500000000000002,0.0,2.1290668783535693e-08,3.0,0.0,0.0,0.0,0.0,0.0,0.0,0.0,0.0,0.0,0.0,0.0,0.03999999910593033,0.024776902049779892,0.9996890425682068,0.0028146104887127876,0.9996129274368286,-0.024739162996411324,-0.012725287117064,0.0,0.0,0.0,0.0,0.0,0.0,0,0,none,completed,0.4770446717739105,-0.14788728952407837,0.19592836499214172,-0.12022051215171814,-0.23874986171722412,0.028499910607933998,7.764304427837487e-06,1.4111244126979727e-05,0.707109808921814,0.7071036100387573,1
afi_pilot_t0_root00_s8100_high,0,alphabet_soup_1,8100,0.9857358274618948,30,P4B,approach,30,1.5,0.0,1.0900822466908267e-08,3.0,0.0,0.0,0.0,0.0,0.0,0.0,0.0,0.0,0.0,0.0,0.0,0.03999999910593033,0.024776902049779892,0.9996890425682068,0.0028146104887127876,0.9996129274368286,-0.024739162996411324,-0.012725287117064,0.0,0.0,0.0,0.0,0.0,0.0,0,0,none,completed,0.4772060215473175,-0.15306894481182098,0.1926460862159729,-0.12022105604410172,-0.23874922096729279,0.028499972075223923,1.0750668479886372e-05,1.1298942808934953e-05,0.7071133852005005,0.7071000337600708,1
afi_pilot_t0_root00_s8100_high,0,alphabet_soup_1,8100,0.9857358274618948,31,P4B,approach,31,1.55,0.0,5.581221262929148e-09,3.0,0.0,0.0,0.0,0.0,0.0,0.0,0.0,0.0,0.0,0.0,0.0,0.03999999910593033,0.024776902049779892,0.9996890425682068,0.0028146104887127876,0.9996129274368286,-0.024739162996411324,-0.012725287117064,0.0,0.0,0.0,0.0,0.0,0.0,0,0,none,completed,0.4773678779602051,-0.15825027227401733,0.18936404585838318,-0.12022051215171814,-0.23874986171722412,0.028499914333224297,7.795092642481904e-06,1.4155186363495886e-05,0.7071096897125244,0.7071037292480469,1
afi_pilot_t0_root00_s8100_high,0,alphabet_soup_1,8100,0.9857358274618948,32,P4B,approach,32,1.6,0.0,2.8575855015589013e-09,3.0,0.0,0.0,0.0,0.0,0.0,0.0,0.0,0.0,0.0,0.0,0.0,0.03999999910593033,0.024776902049779892,0.9996890425682068,0.0028146104887127876,0.9996129274368286,-0.024739162996411324,-0.012725287117064,0.0,0.0,0.0,0.0,0.0,0.0,0,0,none,completed,0.4775298237800598,-0.1634310781955719,0.18608233332633972,-0.12022105604410172,-0.23874922096729279,0.028499968349933624,1.0654203833837528e-05,1.1260633073106874e-05,0.70711350440979,0.7070999145507812,1
afi_pilot_t0_root00_s8100_high,0,alphabet_soup_1,8100,0.9857358274618948,33,P4B,approach,33,1.6500000000000001,0.0,1.463083765251838e-09,3.0,0.0,0.0,0.0,0.0,0.0,0.0,0.0,0.0,0.0,0.0,0.0,0.03999999910593033,0.024776902049779892,0.9996890425682068,0.0028146104887127876,0.9996129274368286,-0.024739162996411324,-0.012725287117064,0.0,0.0,0.0,0.0,0.0,0.0,0,0,none,completed,0.47769254446029663,-0.16861119866371155,0.18280088901519775,-0.12022050470113754,-0.23874986171722412,0.028499914333224297,7.76650631451048e-06,1.4134687262412626e-05,0.707109808921814,0.7071036100387573,1
afi_pilot_t0_root00_s8100_high,0,alphabet_soup_1,8100,0.9857358274618948,34,P4B,approach,34,1.7000000000000002,0.0,7.490989495373412e-10,3.0,0.0,0.0,0.0,0.0,0.0,0.0,0.0,0.0,0.0,0.0,0.0,0.03999999910593033,0.024776902049779892,0.9996890425682068,0.0028146104887127876,0.9996129274368286,-0.024739162996411324,-0.012725287117064,0.0,0.0,0.0,0.0,0.0,0.0,0,0,none,completed,0.47785505652427673,-0.1737910807132721,0.17951864004135132,-0.12022106349468231,-0.23874922096729279,0.028499972075223923,1.072965551429661e-05,1.1303253813821357e-05,0.7071133852005005,0.7071000337600708,1
afi_pilot_t0_root00_s8100_high,0,alphabet_soup_1,8100,0.9857358274618948,35,P4B,approach,35,1.75,0.0,3.8353867304330436e-10,3.0,0.0,0.0,0.0,0.0,0.0,0.0,0.0,0.0,0.0,0.0,0.0,0.03999999910593033,0.024776902049779892,0.9996890425682068,0.0028146104887127876,0.9996129274368286,-0.024739162996411324,-0.012725287117064,0.0,0.0,0.0,0.0,0.0,0.0,0,0,none,completed,0.47801825404167175,-0.1789708137512207,0.1762375831604004,-0.12022051215171814,-0.23874986171722412,0.028499916195869446,7.806556823197752e-06,1.4127903341432102e-05,0.7071096897125244,0.7071037292480469,1
afi_pilot_t0_root00_s8100_high,0,alphabet_soup_1,8100,0.9857358274618948,36,P4B,approach,36,1.8,0.0,1.963718077035992e-10,3.0,0.0,0.0,0.0,0.0,0.0,0.0,0.0,0.0,0.0,0.0,0.0,0.03999999910593033,0.024776902049779892,0.9996890425682068,0.0028146104887127876,0.9996129274368286,-0.024739162996411324,-0.012725287117064,0.0,0.0,0.0,0.0,0.0,0.0,0,0,none,completed,0.47818076610565186,-0.18415074050426483,0.17295509576797485,-0.12022106349468231,-0.23874922096729279,0.028499968349933624,1.0649274372553919e-05,1.1249395356571767e-05,0.70711350440979,0.7070999145507812,1
afi_pilot_t0_root00_s8100_high,0,alphabet_soup_1,8100,0.9857358274618948,37,P4B,approach,37,1.85,0.0,1.005423660993543e-10,3.0,0.0,0.0,0.0,0.0,0.0,0.0,0.0,0.0,0.0,0.0,0.0,0.03999999910593033,0.024776902049779892,0.9996890425682068,0.0028146104887127876,0.9996129274368286,-0.024739162996411324,-0.012725287117064,0.0,0.0,0.0,0.0,0.0,0.0,0,0,none,completed,0.4783436059951782,-0.1893305629491806,0.16967347264289856,-0.12022051215171814,-0.23874986171722412,0.028499912470579147,7.80625305196736e-06,1.411954599461751e-05,0.7071096897125244,0.7071037292480469,1
afi_pilot_t0_root00_s8100_high,0,alphabet_soup_1,8100,0.9857358274618948,38,P4B,approach,38,1.9000000000000001,0.0,5.1477693635559874e-11,3.0,0.0,0.0,0.0,0.0,0.0,0.0,0.0,0.0,0.0,0.0,0.0,0.03999999910593033,0.024776902049779892,0.9996890425682068,0.0028146104887127876,0.9996129274368286,-0.024739162996411324,-0.012725287117064,0.0,0.0,0.0,0.0,0.0,0.0,0,0,none,completed,0.4785063862800598,-0.1945100873708725,0.16639098525047302,-0.12022106349468231,-0.23874922096729279,0.028499968349933624,1.0650124750100076e-05,1.1239900231885258e-05,0.70711350440979,0.7070999145507812,1
afi_pilot_t0_root00_s8100_high,0,alphabet_soup_1,8100,0.9857358274618948,39,P4B,approach,39,1.9500000000000002,0.0,2.6356581847575278e-11,3.0,0.0,0.0,0.0,0.0,0.0,0.0,0.0,0.0,0.0,0.0,0.0,0.03999999910593033,0.024776902049779892,0.9996890425682068,0.0028146104887127876,0.9996129274368286,-0.024739162996411324,-0.012725287117064,0.0,0.0,0.0,0.0,0.0,0.0,0,0,none,completed,0.47866982221603394,-0.19969041645526886,0.16310906410217285,-0.12022050470113754,-0.23874986171722412,0.028499914333224297,7.773784091114067e-06,1.4186539374350104e-05,0.707109808921814,0.7071036100387573,1
afi_pilot_t0_root00_s8100_high,0,alphabet_soup_1,8100,0.9857358274618948,40,P4B,approach,40,2.0,0.0,1.3494570912098158e-11,3.0,0.0,0.0,0.0,0.0,0.0,0.0,0.0,0.0,0.0,0.0,0.0,0.03999999910593033,0.024776902049779892,0.9996890425682068,0.0028146104887127876,0.9996129274368286,-0.024739162996411324,-0.012725287117064,0.0,0.0,0.0,0.0,0.0,0.0,0,0,none,completed,0.47883301973342896,-0.20487052202224731,0.15982720255851746,-0.12022105604410172,-0.23874922096729279,0.028499972075223923,1.0644280337146483e-05,1.1278581951046363e-05,0.70711350440979,0.7070999145507812,1
afi_pilot_t0_root00_s8100_high,0,alphabet_soup_1,8100,0.9857358274618948,41,P4B,approach,41,2.0500000000000003,0.0,6.909220591488907e-12,3.0,0.0,0.0,0.0,0.0,0.0,0.0,0.0,0.0,0.0,0.0,0.0,0.03999999910593033,0.024776902049779892,0.9996890425682068,0.0028146104887127876,0.9996129274368286,-0.024739162996411324,-0.012725287117064,0.0,0.0,0.0,0.0,0.0,0.0,0,0,none,completed,0.47899624705314636,-0.210050567984581,0.15654513239860535,-0.12022051215171814,-0.23874986171722412,0.028499912470579147,7.766154340060893e-06,1.4143090083962306e-05,0.707109808921814,0.7071036100387573,1
afi_pilot_t0_root00_s8100_high,0,alphabet_soup_1,8100,0.9857358274618948,42,P4B,approach,42,2.1,0.0,3.537521404278765e-12,3.0,0.0,0.0,0.0,0.0,0.0,0.0,0.0,0.0,0.0,0.0,0.0,0.03999999910593033,0.024776902049779892,0.9996890425682068,0.0028146104887127876,0.9996129274368286,-0.024739162996411324,-0.012725287117064,0.0,0.0,0.0,0.0,0.0,0.0,0,0,none,completed,0.47915950417518616,-0.21523143351078033,0.15326336026191711,-0.12022105604410172,-0.23874922096729279,0.028499972075223923,1.0645130714692641e-05,1.1269082278886344e-05,0.70711350440979,0.7070999145507812,1
afi_pilot_t0_root00_s8100_high,0,alphabet_soup_1,8100,0.9857358274618948,43,P4B,approach,43,2.15,0.0,1.811211120320011e-12,3.0,0.0,0.0,0.0,0.0,0.0,0.0,0.0,0.0,0.0,0.0,0.0,0.03999999910593033,0.024776902049779892,0.9996890425682068,0.0028146104887127876,0.9996129274368286,-0.024739162996411324,-0.012725287117064,0.0,0.0,0.0,0.0,0.0,0.0,0,0,none,completed,0.4793224632740021,-0.2204122543334961,0.1499810814857483,-0.12022051215171814,-0.23874986171722412,0.028499912470579147,7.766979251755401e-06,1.4133610420685727e-05,0.707109808921814,0.7071036100387573,1
afi_pilot_t0_root00_s8100_high,0,alphabet_soup_1,8100,0.9857358274618948,44,P4B,approach,44,2.2,0.0,9.273401274309534e-13,3.0,0.0,0.0,0.0,0.0,0.0,0.0,0.0,0.0,0.0,0.0,0.0,0.03999999910593033,0.024776902049779892,0.9996890425682068,0.0028146104887127876,0.9996129274368286,-0.024739162996411324,-0.012725287117064,0.0,0.0,0.0,0.0,0.0,0.0,0,0,none,completed,0.47948575019836426,-0.22559307515621185,0.14669907093048096,-0.12022105604410172,-0.23874922096729279,0.028499972075223923,1.0645928341546096e-05,1.1259622624493204e-05,0.70711350440979,0.7070999145507812,1
afi_pilot_t0_root00_s8100_high,0,alphabet_soup_1,8100,0.9857358274618948,45,P4B,approach,45,2.25,0.0,4.74798152183542e-13,3.0,0.0,0.0,0.0,0.0,0.0,0.0,0.0,0.0,0.0,0.0,0.0,0.03999999910593033,0.024776902049779892,0.9996890425682068,0.0028146104887127876,0.9996129274368286,-0.024739162996411324,-0.012725287117064,0.0,0.0,0.0,0.0,0.0,0.0,0,0,none,completed,0.47964903712272644,-0.23077432811260223,0.14341700077056885,-0.12022051215171814,-0.23874986171722412,0.028499912470579147,7.767828719806857e-06,1.4124109839031007e-05,0.707109808921814,0.7071036100387573,1
afi_pilot_t0_root00_s8100_high,0,alphabet_soup_1,8100,0.9857358274618948,46,P4B,descend,46,2.3000000000000003,0.0,2.430966669283996e-13,3.0,0.0,0.0,0.0,0.0,0.0,0.0,0.0,0.0,0.0,0.0,0.0,0.03999999910593033,0.024776902049779892,0.9996890425682068,0.0028146104887127876,0.9996129274368286,-0.024739162996411324,-0.012725287117064,0.0,0.0,0.0,0.0,0.0,0.0,0,0,none,completed,0.4794340133666992,-0.23461082577705383,0.14051896333694458,-0.12022105604410172,-0.23874922096729279,0.028499972075223923,1.064683874574257e-05,1.1250065654166974e-05,0.70711350440979,0.7070999145507812,1
afi_pilot_t0_root00_s8100_high,0,alphabet_soup_1,8100,0.9857358274618948,47,P4B,descend,47,2.35,0.0,1.2446550138201645e-13,3.0,0.0,0.0,0.0,0.0,0.0,0.0,0.0,0.0,0.0,0.0,0.0,0.03999999910593033,0.024776902049779892,0.9996890425682068,0.0028146104887127876,0.9996129274368286,-0.024739162996411324,-0.012725287117064,0.0,0.0,0.0,0.0,0.0,0.0,0,0,none,completed,0.47935956716537476,-0.23681244254112244,0.1378394067287445,-0.12022051215171814,-0.23874986171722412,0.028499912470579147,7.768713658151682e-06,1.4114568330114707e-05,0.707109808921814,0.7071036100387573,1
afi_pilot_t0_root00_s8100_high,0,alphabet_soup_1,8100,0.9857358274618948,48,P4B,descend,48,2.4000000000000004,0.0,6.372634082756068e-14,3.0,0.0,0.0,0.0,0.0,0.0,0.0,0.0,0.0,0.0,0.0,0.0,0.03999999910593033,0.024776902049779892,0.9996890425682068,0.0028146104887127876,0.9996129274368286,-0.024739162996411324,-0.012725287117064,0.0,0.0,0.0,0.0,0.0,0.0,0,0,none,completed,0.47944018244743347,-0.2378835678100586,0.13528671860694885,-0.12022105604410172,-0.23874922096729279,0.028499973937869072,1.0755922630778514e-05,1.1301445738354232e-05,0.7071133852005005,0.7071000337600708,1
afi_pilot_t0_root00_s8100_high,0,alphabet_soup_1,8100,0.9857358274618948,49,P4B,descend,49,2.45,0.0,3.262788869922047e-14,3.0,0.0,0.0,0.0,0.0,0.0,0.0,0.0,0.0,0.0,0.0,0.0,0.03999999910593033,0.024776902049779892,0.9996890425682068,0.0028146104887127876,0.9996129274368286,-0.024739162996411324,-0.012725287117064,0.0,0.0,0.0,0.0,0.0,0.0,0,0,none,completed,0.4795816242694855,-0.2383439987897873,0.13281196355819702,-0.12022050470113754,-0.23874986171722412,0.028499916195869446,7.762992026982829e-06,1.4153114534565248e-05,0.707109808921814,0.7071036100387573,1
afi_pilot_t0_root00_s8100_high,0,alphabet_soup_1,8100,0.9857358274618948,50,P4B,descend,50,2.5,0.0,1.670548024728085e-14,3.0,0.0,0.0,0.0,0.0,0.0,0.0,0.0,0.0,0.0,0.0,0.0,0.03999999910593033,0.024776902049779892,0.9996890425682068,0.0028146104887127876,0.9996129274368286,-0.024739162996411324,-0.012725287117064,0.0,0.0,0.0,0.0,0.0,0.0,0,0,none,completed,0.47971677780151367,-0.2385251224040985,0.13038671016693115,-0.12022106349468231,-0.23874922096729279,0.028499970212578773,1.0724652383942157e-05,1.1323171747790184e-05,0.7071133852005005,0.7071000337600708,1
afi_pilot_t0_root00_s8100_high,0,alphabet_soup_1,8100,0.9857358274618948,51,P4B,descend,51,2.5500000000000003,0.0,8.553205717201206e-15,3.0,0.0,0.0,0.0,0.0,0.0,0.0,0.0,0.0,0.0,0.0,0.0,0.03999999910593033,0.024776902049779892,0.9996890425682068,0.0028146104887127876,0.9996129274368286,-0.024739162996411324,-0.012725287117064,0.0,0.0,0.0,0.0,0.0,0.0,0,0,none,completed,0.4798192083835602,-0.2385951429605484,0.12799283862113953,-0.12022050470113754,-0.23874986171722412,0.028499916195869446,7.76380784373032e-06,1.4143639418762177e-05,0.707109808921814,0.7071036100387573,1
afi_pilot_t0_root00_s8100_high,0,alphabet_soup_1,8100,0.9857358274618948,52,P4B,descend,52,2.6,0.0,4.3792412289511955e-15,3.0,0.0,0.0,0.0,0.0,0.0,0.0,0.0,0.0,0.0,0.0,0.0,0.03999999910593033,0.024776902049779892,0.9996890425682068,0.0028146104887127876,0.9996129274368286,-0.024739162996411324,-0.012725287117064,0.0,0.0,0.0,0.0,0.0,0.0,0,0,none,completed,0.47988903522491455,-0.23862430453300476,0.1256190538406372,-0.12022106349468231,-0.23874922096729279,0.028499970212578773,1.0725436368375085e-05,1.1313728464301676e-05,0.7071133852005005,0.7071000337600708,1
afi_pilot_t0_root00_s8100_high,0,alphabet_soup_1,8100,0.9857358274618948,53,P4B,descend,53,2.6500000000000004,0.0,2.2421715973144386e-15,3.0,0.0,0.0,0.0,0.0,0.0,0.0,0.0,0.0,0.0,0.0,0.0,0.03999999910593033,0.024776902049779892,0.9996890425682068,0.0028146104887127876,0.9996129274368286,-0.024739162996411324,-0.012725287117064,0.0,0.0,0.0,0.0,0.0,0.0,0,0,none,completed,0.4799330234527588,-0.2386396825313568,0.12325738370418549,-0.12022050470113754,-0.23874986171722412,0.028499916195869446,7.764591828163248e-06,1.4134197954263072e-05,0.707109808921814,0.7071036100387573,1
afi_pilot_t0_root00_s8100_high,0,alphabet_soup_1,8100,0.9857358274618948,54,P4B,descend,54,2.7,0.0,1.1479919061058706e-15,3.0,0.0,0.0,0.0,0.0,0.0,0.0,0.0,0.0,0.0,0.0,0.0,0.03999999910593033,0.024776902049779892,0.9996890425682068,0.0028146104887127876,0.9996129274368286,-0.024739162996411324,-0.012725287117064,0.0,0.0,0.0,0.0,0.0,0.0,0,0,none,completed,0.4799598753452301,-0.23864929378032684,0.12090320885181427,-0.12022106349468231,-0.23874922096729279,0.028499970212578773,1.0726233085733838e-05,1.1304279723844957e-05,0.7071133852005005,0.7071000337600708,1
afi_pilot_t0_root00_s8100_high,0,alphabet_soup_1,8100,0.9857358274618948,55,P4B,descend,55,2.75,0.0,5.877718851488424e-16,3.0,0.0,0.0,0.0,0.0,0.0,0.0,0.0,0.0,0.0,0.0,0.0,0.03999999910593033,0.024776902049779892,0.9996890425682068,0.0028146104887127876,0.9996129274368286,-0.024739162996411324,-0.012725287117064,0.0,0.0,0.0,0.0,0.0,0.0,0,0,none,completed,0.4799763858318329,-0.23865573108196259,0.11855344474315643,-0.12022051215171814,-0.23874986171722412,0.028499916195869446,7.809451744833495e-06,1.4122599168331362e-05,0.7071096897125244,0.7071037292480469,1
afi_pilot_t0_root00_s8100_high,0,alphabet_soup_1,8100,0.9857358274618948,56,P4B,descend,56,2.8000000000000003,0.0,3.0093923886576697e-16,3.0,0.0,0.0,0.0,0.0,0.0,0.0,0.0,0.0,0.0,0.0,0.0,0.03999999910593033,0.024776902049779892,0.9996890425682068,0.0028146104887127876,0.9996129274368286,-0.024739162996411324,-0.012725287117064,0.0,0.0,0.0,0.0,0.0,0.0,0,0,none,completed,0.4799865484237671,-0.23865999281406403,0.11620679497718811,-0.12022105604410172,-0.23874922096729279,0.028499970212578773,1.0641664630384184e-05,1.1254558557993732e-05,0.70711350440979,0.7070999145507812,1
afi_pilot_t0_root00_s8100_high,0,alphabet_soup_1,8100,0.9857358274618948,57,P4B,descend,57,2.85,0.0,1.540809046988328e-16,3.0,0.0,0.0,0.0,0.0,0.0,0.0,0.0,0.0,0.0,0.0,0.0,0.03999999910593033,0.024776902049779892,0.9996890425682068,0.0028146104887127876,0.9996129274368286,-0.024739162996411324,-0.012725287117064,0.0,0.0,0.0,0.0,0.0,0.0,0,0,none,completed,0.47999218106269836,-0.23866279423236847,0.1138615608215332,-0.12022050470113754,-0.23874986171722412,0.028499912470579147,7.752843885100447e-06,1.4129695045994595e-05,0.707109808921814,0.7071036100387573,1
afi_pilot_t0_root00_s8100_high,0,alphabet_soup_1,8100,0.9857358274618948,58,P4B,descend,58,2.9000000000000004,0.0,7.888942601159903e-17,3.0,0.0,0.0,0.0,0.0,0.0,0.0,0.0,0.0,0.0,0.0,0.0,0.03999999910593033,0.024776902049779892,0.9996890425682068,0.0028146104887127876,0.9996129274368286,-0.024739162996411324,-0.012725287117064,0.0,0.0,0.0,0.0,0.0,0.0,0,0,none,completed,0.4799955487251282,-0.23866493999958038,0.11151757836341858,-0.12022106349468231,-0.23874922096729279,0.028499972075223923,1.0723259038059041e-05,1.1290982001810335e-05,0.7071133852005005,0.7071000337600708,1
afi_pilot_t0_root00_s8100_high,0,alphabet_soup_1,8100,0.9857358274618948,59,P4B,descend,59,2.95,0.0,4.039138812964195e-17,3.0,0.0,0.0,0.0,0.0,0.0,0.0,0.0,0.0,0.0,0.0,0.0,0.03999999910593033,0.024776902049779892,0.9996890425682068,0.0028146104887127876,0.9996129274368286,-0.024739162996411324,-0.012725287117064,0.0,0.0,0.0,0.0,0.0,0.0,0,0,none,completed,0.4799973964691162,-0.23866581916809082,0.1091734766960144,-0.12022051215171814,-0.23874986171722412,0.028499914333224297,7.8360781117226e-06,1.4122017091722228e-05,0.7071096897125244,0.7071037292480469,1
afi_pilot_t0_root00_s8100_high,0,alphabet_soup_1,8100,0.9857358274618948,60,P4B,descend,60,3.0,0.0,2.0680393779636223e-17,3.0,0.0,0.0,0.0,0.0,0.0,0.0,0.0,0.0,0.0,0.0,0.0,0.03999999910593033,0.024776902049779892,0.9996890425682068,0.0028146104887127876,0.9996129274368286,-0.024739162996411324,-0.012725287117064,0.0,0.0,0.0,0.0,0.0,0.0,0,0,none,completed,0.47999852895736694,-0.2386666238307953,0.10683047771453857,-0.12022105604410172,-0.23874922096729279,0.028499966487288475,1.0674154509615619e-05,1.1289770554867573e-05,0.70711350440979,0.7070999145507812,1
afi_pilot_t0_root00_s8100_high,0,alphabet_soup_1,8100,0.9857358274618948,61,P4B,descend,61,3.0500000000000003,0.0,1.0588361826931983e-17,3.0,0.0,0.0,0.0,0.0,0.0,0.0,0.0,0.0,0.0,0.0,0.0,0.03999999910593033,0.024776902049779892,0.9996890425682068,0.0028146104887127876,0.9996129274368286,-0.024739162996411324,-0.012725287117064,0.0,0.0,0.0,0.0,0.0,0.0,0,0,none,completed,0.479998916387558,-0.23866717517375946,0.10448713600635529,-0.12022051215171814,-0.23874986171722412,0.028499912470579147,7.78275807533646e-06,1.4209579603630118e-05,0.707109808921814,0.7071036100387573,1
afi_pilot_t0_root00_s8100_high,0,alphabet_soup_1,8100,0.9857358274618948,62,P4B,descend,62,3.1,0.0,5.421241232228118e-18,3.0,0.0,0.0,0.0,0.0,0.0,0.0,0.0,0.0,0.0,0.0,0.0,0.03999999910593033,0.024776902049779892,0.9996890425682068,0.0028146104887127876,0.9996129274368286,-0.024739162996411324,-0.012725287117064,0.0,0.0,0.0,0.0,0.0,0.0,0,0,none,completed,0.47999948263168335,-0.23866724967956543,0.10214437544345856,-0.12022106349468231,-0.23874922096729279,0.028499973937869072,1.0732371265476104e-05,1.1307368367852177e-05,0.7071133852005005,0.7071000337600708,1
afi_pilot_t0_root00_s8100_high,0,alphabet_soup_1,8100,0.9857358274618948,63,P4B,descend,63,3.1500000000000004,0.0,2.775675682954364e-18,3.0,0.0,0.0,0.0,0.0,0.0,0.0,0.0,0.0,0.0,0.0,0.0,0.03999999910593033,0.024776902049779892,0.9996890425682068,0.0028146104887127876,0.9996129274368286,-0.024739162996411324,-0.012725287117064,0.0,0.0,0.0,0.0,0.0,0.0,0,0,none,completed,0.4799995422363281,-0.2386673241853714,0.09980161488056183,-0.12022051215171814,-0.23874986171722412,0.028499914333224297,7.808201189618558e-06,1.41330838232534e-05,0.7071096897125244,0.7071037292480469,1
afi_pilot_t0_root00_s8100_high,0,alphabet_soup_1,8100,0.9857358274618948,64,P4B,descend,64,3.2,0.0,1.4211459232028547e-18,3.0,0.0,0.0,0.0,0.0,0.0,0.0,0.0,0.0,0.0,0.0,0.0,0.03999999910593033,0.024776902049779892,0.9996890425682068,0.0028146104887127876,0.9996129274368286,-0.024739162996411324,-0.012725287117064,0.0,0.0,0.0,0.0,0.0,0.0,0,0,none,completed,0.47999995946884155,-0.2386675328016281,0.09745891392230988,-0.12022105604410172,-0.23874922096729279,0.028499968349933624,1.0640452273946721e-05,1.1265010471106507e-05,0.70711350440979,0.7070999145507812,1
afi_pilot_t0_root00_s8100_high,0,alphabet_soup_1,8100,0.9857358274618948,65,P4B,descend,65,3.25,0.0,7.276266857964917e-19,3.0,0.0,0.0,0.0,0.0,0.0,0.0,0.0,0.0,0.0,0.0,0.0,0.03999999910593033,0.024776902049779892,0.9996890425682068,0.0028146104887127876,0.9996129274368286,-0.024739162996411324,-0.012725287117064,0.0,0.0,0.0,0.0,0.0,0.0,0,0,none,completed,0.48000019788742065,-0.2386675775051117,0.09511661529541016,-0.12022050470113754,-0.23874986171722412,0.028499912470579147,7.758867468510289e-06,1.4132932847132906e-05,0.707109808921814,0.7071036100387573,1
afi_pilot_t0_root00_s8100_high,0,alphabet_soup_1,8100,0.9857358274618948,66,P4B,descend,66,3.3000000000000003,0.0,3.7254490634799076e-19,3.0,0.0,0.0,0.0,0.0,0.0,0.0,0.0,0.0,0.0,0.0,0.0,0.03999999910593033,0.024776902049779892,0.9996890425682068,0.0028146104887127876,0.9996129274368286,-0.024739162996411324,-0.012725287117064,0.0,0.0,0.0,0.0,0.0,0.0,0,0,none,completed,0.4799996614456177,-0.23866736888885498,0.09277375042438507,-0.12022106349468231,-0.23874922096729279,0.028499972075223923,1.0729180758062284e-05,1.1294319847365841e-05,0.7071133852005005,0.7071000337600708,1
afi_pilot_t0_root00_s8100_high,0,alphabet_soup_1,8100,0.9857358274618948,67,P4B,descend,67,3.35,0.0,1.9074301541802358e-19,3.0,0.0,0.0,0.0,0.0,0.0,0.0,0.0,0.0,0.0,0.0,0.0,0.03999999910593033,0.024776902049779892,0.9996890425682068,0.0028146104887127876,0.9996129274368286,-0.024739162996411324,-0.012725287117064,0.0,0.0,0.0,0.0,0.0,0.0,0,0,none,completed,0.479999840259552,-0.2386673390865326,0.09043093025684357,-0.12022051215171814,-0.23874986171722412,0.028499916195869446,7.805126188031863e-06,1.411987886967836e-05,0.7071096897125244,0.7071037292480469,1
afi_pilot_t0_root00_s8100_high,0,alphabet_soup_1,8100,0.9857358274618948,68,P4B,descend,68,3.4000000000000004,0.0,9.766042632387112e-20,3.0,0.0,0.0,0.0,0.0,0.0,0.0,0.0,0.0,0.0,0.0,0.0,0.03999999910593033,0.024776902049779892,0.9996890425682068,0.0028146104887127876,0.9996129274368286,-0.024739162996411324,-0.012725287117064,0.0,0.0,0.0,0.0,0.0,0.0,0,0,none,completed,0.47999924421310425,-0.23866716027259827,0.08808818459510803,-0.12022106349468231,-0.23874922096729279,0.028499968349933624,1.0647989256540313e-05,1.1241238098591566e-05,0.70711350440979,0.7070999145507812,1
afi_pilot_t0_root00_s8100_high,0,alphabet_soup_1,8100,0.9857358274618948,69,P4B,descend,69,3.45,0.0,5.00021374506414e-20,3.0,0.0,0.0,0.0,0.0,0.0,0.0,0.0,0.0,0.0,0.0,0.0,0.03999999910593033,0.024776902049779892,0.9996890425682068,0.0028146104887127876,0.9996129274368286,-0.024739162996411324,-0.012725287117064,0.0,0.0,0.0,0.0,0.0,0.0,0,0,none,completed,0.47999948263168335,-0.23866726458072662,0.08574539422988892,-0.12022050470113754,-0.23874986171722412,0.028499914333224297,7.771606760798022e-06,1.418791725882329e-05,0.707109808921814,0.7071036100387573,1
afi_pilot_t0_root00_s8100_high,0,alphabet_soup_1,8100,0.9857358274618948,70,P4B,descend,70,3.5,0.0,2.560109617126129e-20,3.0,0.0,0.0,0.0,0.0,0.0,0.0,0.0,0.0,0.0,0.0,0.0,0.03999999910593033,0.024776902049779892,0.9996890425682068,0.0028146104887127876,0.9996129274368286,-0.024739162996411324,-0.012725287117064,0.0,0.0,0.0,0.0,0.0,0.0,0,0,none,completed,0.47999924421310425,-0.23866721987724304,0.08340266346931458,-0.12022106349468231,-0.23874922096729279,0.028499972075223923,1.0738556738942862e-05,1.1225511116208509e-05,0.7071132659912109,0.7071001529693604,1
afi_pilot_t0_root00_s8100_high,0,alphabet_soup_1,8100,0.9857358274618948,71,P4B,descend,71,3.5500000000000003,0.0,1.3107761672663132e-20,3.0,0.0,0.0,0.0,0.0,0.0,0.0,0.0,0.0,0.0,0.0,0.0,0.03999999910593033,0.024776902049779892,0.9996890425682068,0.0028146104887127876,0.9996129274368286,-0.024739162996411324,-0.012725287117064,0.0,0.0,0.0,0.0,0.0,0.0,0,0,none,completed,0.4799990952014923,-0.23866687715053558,0.08106009662151337,-0.12022051215171814,-0.23874986171722412,0.028499914333224297,7.785922207403928e-06,1.4079639186093118e-05,0.7071096301078796,0.7071039080619812,1
afi_pilot_t0_root00_s8100_high,0,alphabet_soup_1,8100,0.9857358274618948,72,P4B,descend,72,3.6,0.0,6.711174399687353e-21,3.0,0.0,0.0,0.0,0.0,0.0,0.0,0.0,0.0,0.0,0.0,0.0,0.03999999910593033,0.024776902049779892,0.9996890425682068,0.0028146104887127876,0.9996129274368286,-0.024739162996411324,-0.012725287117064,0.0,0.0,0.0,0.0,0.0,0.0,0,0,none,completed,0.4799990952014923,-0.23866704106330872,0.07871730625629425,-0.12022106349468231,-0.23874922096729279,0.02849997580051422,1.0695930541260168e-05,1.126211918744957e-05,0.7071134448051453,0.7071000933647156,1
afi_pilot_t0_root00_s8100_high,0,alphabet_soup_1,8100,0.9857358274618948,73,P4B,descend,73,3.6500000000000004,0.0,3.4361215931391316e-21,3.0,0.0,0.0,0.0,0.0,0.0,0.0,0.0,0.0,0.0,0.0,0.0,0.03999999910593033,0.024776902049779892,0.9996890425682068,0.0028146104887127876,0.9996129274368286,-0.024739162996411324,-0.012725287117064,0.0,0.0,0.0,0.0,0.0,0.0,0,0,none,completed,0.479998379945755,-0.2386668175458908,0.07637439668178558,-0.12022050470113754,-0.23874984681606293,0.028499919921159744,7.75994521973189e-06,1.418436204403406e-05,0.7071098685264587,0.7071036696434021,1
afi_pilot_t0_root00_s8100_high,0,alphabet_soup_1,8100,0.9857358274618948,74,P4B,descend,74,3.7,0.0,1.759294215297557e-21,3.0,0.0,0.0,0.0,0.0,0.0,0.0,0.0,0.0,0.0,0.0,0.0,0.03999999910593033,0.024776902049779892,0.9996890425682068,0.0028146104887127876,0.9996129274368286,-0.024739162996411324,-0.012725287117064,0.0,0.0,0.0,0.0,0.0,0.0,0,0,none,completed,0.47999870777130127,-0.23866717517375946,0.07403211295604706,-0.12022106349468231,-0.2387492060661316,0.02849998138844967,1.0735152500274125e-05,1.1342131074343342e-05,0.7071134448051453,0.7071000933647156,1
afi_pilot_t0_root00_s8100_high,0,alphabet_soup_1,8100,0.9857358274618948,75,P4B,descend,75,3.75,0.0,9.007586915467246e-22,3.0,0.0,0.0,0.0,0.0,0.0,0.0,0.0,0.0,0.0,0.0,0.0,0.03999999910593033,0.024776902049779892,0.9996890425682068,0.0028146104887127876,0.9996129274368286,-0.024739162996411324,-0.012725287117064,0.0,0.0,0.0,0.0,0.0,0.0,0,0,none,completed,0.47999903559684753,-0.23866717517375946,0.07168996334075928,-0.12022050470113754,-0.23874984681606293,0.028499923646450043,7.758158972137608e-06,1.4178480341797695e-05,0.7071098685264587,0.7071036696434021,1
afi_pilot_t0_root00_s8100_high,0,alphabet_soup_1,8100,0.9857358274618948,76,P4B,descend,76,3.8000000000000003,0.0,4.611884819797689e-22,3.0,0.0,0.0,0.0,0.0,0.0,0.0,0.0,0.0,0.0,0.0,0.0,0.03999999910593033,0.024776902049779892,0.9996890425682068,0.0028146104887127876,0.9996129274368286,-0.024739162996411324,-0.012725287117064,0.0,0.0,0.0,0.0,0.0,0.0,0,0,none,completed,0.4799985885620117,-0.23866696655750275,0.06934705376625061,-0.12022106349468231,-0.23874922096729279,0.02849997580051422,1.0737722732301336e-05,1.1289596841379534e-05,0.7071135640144348,0.707099974155426,1
afi_pilot_t0_root00_s8100_high,0,alphabet_soup_1,8100,0.9857358274618948,77,P4B,descend,77,3.85,0.0,2.3612853569122953e-22,3.0,0.0,0.0,0.0,0.0,0.0,0.0,0.0,0.0,0.0,0.0,0.0,0.03999999910593033,0.024776902049779892,0.9996890425682068,0.0028146104887127876,0.9996129274368286,-0.024739162996411324,-0.012725287117064,0.0,0.0,0.0,0.0,0.0,0.0,0,0,none,completed,0.47999805212020874,-0.23866672813892365,0.06700406968593597,-0.12022050470113754,-0.23874986171722412,0.028499919921159744,7.797604666848201e-06,1.4089610886003356e-05,0.7071098685264587,0.7071036696434021,1
afi_pilot_t0_root00_s8100_high,0,alphabet_soup_1,8100,0.9857358274618948,78,P4B,descend,78,3.9000000000000004,0.0,1.208978057300707e-22,3.0,0.0,0.0,0.0,0.0,0.0,0.0,0.0,0.0,0.0,0.0,0.0,0.03999999910593033,0.024776902049779892,0.9996890425682068,0.0028146104887127876,0.9996129274368286,-0.024739162996411324,-0.012725287117064,0.0,0.0,0.0,0.0,0.0,0.0,0,0,none,completed,0.47999846935272217,-0.23866698145866394,0.06466180086135864,-0.12022106349468231,-0.2387492060661316,0.02849997580051422,1.0754969480331056e-05,1.1307140084682032e-05,0.7071135640144348,0.707099974155426,1
afi_pilot_t0_root00_s8100_high,0,alphabet_soup_1,8100,0.9857358274618948,79,P4B,descend,79,3.95,0.0,6.189968117860921e-23,3.0,0.0,0.0,0.0,0.0,0.0,0.0,0.0,0.0,0.0,0.0,0.0,0.03999999910593033,0.024776902049779892,0.9996890425682068,0.0028146104887127876,0.9996129274368286,-0.024739162996411324,-0.012725287117064,0.0,0.0,0.0,0.0,0.0,0.0,0,0,none,completed,0.4799979329109192,-0.23866701126098633,0.06231886148452759,-0.12022051215171814,-0.23874984681606293,0.028499919921159744,7.702255061303731e-06,1.4220867342373822e-05,0.7071099877357483,0.7071035504341125,1
afi_pilot_t0_root00_s8100_high,0,alphabet_soup_1,8100,0.9857358274618948,80,P4B,descend,80,4.0,0.0,3.169263832854795e-23,3.0,0.0,0.0,0.0,0.0,0.0,0.0,0.0,0.0,0.0,0.0,0.0,0.03999999910593033,0.024776902049779892,0.9996890425682068,0.0028146104887127876,0.9996129274368286,-0.024739162996411324,-0.012725287117064,0.0,0.0,0.0,0.0,0.0,0.0,0,0,none,completed,0.4799977242946625,-0.23866687715053558,0.05997610092163086,-0.12022106349468231,-0.2387492060661316,0.02849997766315937,1.0740538527898025e-05,1.1313988579786383e-05,0.7071134448051453,0.7071000933647156,1
afi_pilot_t0_root00_s8100_high,0,alphabet_soup_1,8100,0.9857358274618948,81,P4B,close,81,4.05,3.0,1.6226632162124647e-23,3.0,0.0,0.0,0.0,0.0,0.0,0.0,0.0,0.0,0.0,0.0,0.0,0.03924810141324997,0.024776902049779892,0.9996890425682068,0.0028146104887127876,0.9996129274368286,-0.024739162996411324,-0.012725287117064,0.0,0.0,0.0,0.0,0.0,0.0,0,0,none,completed,0.47998183965682983,-0.23865219950675964,0.05850929021835327,-0.12022051215171814,-0.23874984681606293,0.028499921783804893,7.815065146132838e-06,1.4142292457108852e-05,0.7071098685264587,0.7071036696434021,1
afi_pilot_t0_root00_s8100_high,0,alphabet_soup_1,8100,0.9857358274618948,82,P4B,close,82,4.1000000000000005,3.0,8.308036140324362e-24,3.0,0.0,0.0,0.0,0.0,0.0,0.0,0.0,0.0,0.0,0.0,0.0,0.038590338081121445,0.024776902049779892,0.9996890425682068,0.0028146104887127876,0.9996129274368286,-0.024739162996411324,-0.012725287117064,0.0,0.0,0.0,0.0,0.0,0.0,0,0,none,completed,0.47999152541160583,-0.23865492641925812,0.05764038860797882,-0.12022107094526291,-0.2387492060661316,0.02849997766315937,1.0726380423875526e-05,1.1278644706180785e-05,0.7071135640144348,0.707099974155426,1
afi_pilot_t0_root00_s8100_high,0,alphabet_soup_1,8100,0.9857358274618948,83,P4B,close,83,4.15,3.0,4.253714705794465e-24,3.0,0.0,0.0,0.0,0.0,0.0,0.0,0.0,0.0,0.0,0.0,0.0,0.03796907514333725,0.024776902049779892,0.9996890425682068,0.0028146104887127876,0.9996129274368286,-0.024739162996411324,-0.012725287117064,0.0,0.0,0.0,0.0,0.0,0.0,0,0,none,completed,0.48000550270080566,-0.2386626899242401,0.05712558329105377,-0.12022051215171814,-0.23874984681606293,0.028499919921159744,7.843719686206896e-06,1.4230581655283459e-05,0.7071097493171692,0.7071037888526917,1
afi_pilot_t0_root00_s8100_high,0,alphabet_soup_1,8100,0.9857358274618948,84,P4B,close,84,4.2,3.0,2.1779021754913686e-24,3.0,0.0,0.0,0.0,0.0,0.0,0.0,0.0,0.0,0.0,0.0,0.0,0.03736124932765961,0.024776902049779892,0.9996890425682068,0.0028146104887127876,0.9996129274368286,-0.024739162996411324,-0.012725287117064,0.0,0.0,0.0,0.0,0.0,0.0,0,0,none,completed,0.48001641035079956,-0.23867037892341614,0.0568205863237381,-0.12022106349468231,-0.2387492060661316,0.02849997766315937,1.0713589290389791e-05,1.1325148989271838e-05,0.7071135640144348,0.707099974155426,1
afi_pilot_t0_root00_s8100_high,0,alphabet_soup_1,8100,0.9857358274618948,85,P4B,close,85,4.25,3.0,1.1150859509280433e-24,3.0,0.0,0.0,0.0,0.0,0.0,0.0,0.0,0.0,0.0,0.0,0.0,0.03675837069749832,0.024776902049779892,0.9996890425682068,0.0028146104887127876,0.9996129274368286,-0.024739162996411324,-0.012725287117064,0.0,0.0,0.0,0.0,0.0,0.0,0,0,none,completed,0.4800235331058502,-0.2386757880449295,0.05663931369781494,-0.12022051215171814,-0.23874984681606293,0.028499919921159744,7.83226641942747e-06,1.4233524780138396e-05,0.7071097493171692,0.7071037888526917,1
afi_pilot_t0_root00_s8100_high,0,alphabet_soup_1,8100,0.9857358274618948,86,P4B,close,86,4.3,3.0,5.70924028568833e-25,3.0,0.0,0.0,0.0,0.0,0.0,0.0,0.0,0.0,0.0,0.0,0.0,0.036157310009002686,0.024776902049779892,0.9996890425682068,0.0028146104887127876,0.9996129274368286,-0.024739162996411324,-0.012725287117064,0.0,0.0,0.0,0.0,0.0,0.0,0,0,none,completed,0.480027437210083,-0.23867955803871155,0.05653184652328491,-0.12022106349468231,-0.2387492060661316,0.02849997766315937,1.0699669473979156e-05,1.1288923815300222e-05,0.7071135640144348,0.707099974155426,1
afi_pilot_t0_root00_s8100_high,0,alphabet_soup_1,8100,0.9857358274618948,87,P4B,close,87,4.3500000000000005,3.0,2.92313098682938e-25,3.0,0.0,0.0,0.0,0.0,0.0,0.0,0.0,0.0,0.0,0.0,0.0,0.03555690869688988,0.024776902049779892,0.9996890425682068,0.0028146104887127876,0.9996129274368286,-0.024739162996411324,-0.012725287117064,0.0,0.0,0.0,0.0,0.0,0.0,0,0,none,completed,0.48002877831459045,-0.2386816143989563,0.0564679354429245,-0.12022050470113754,-0.23874986171722412,0.028499919921159744,7.720661415078212e-06,1.4170052054396365e-05,0.7071100473403931,0.7071035504341125,1
afi_pilot_t0_root00_s8100_high,0,alphabet_soup_1,8100,0.9857358274618948,88,P4B,close,88,4.4,3.0,1.4966431796414738e-25,3.0,0.0,0.0,0.0,0.0,0.0,0.0,0.0,0.0,0.0,0.0,0.0,0.03495674952864647,0.024776902049779892,0.9996890425682068,0.0028146104887127876,0.9996129274368286,-0.024739162996411324,-0.012725287117064,0.0,0.0,0.0,0.0,0.0,0.0,0,0,none,completed,0.4800289571285248,-0.23868314921855927,0.056430384516716,-0.12022107094526291,-0.2387492060661316,0.02849997580051422,1.0715413736761548e-05,1.1263733540545218e-05,0.7071134448051453,0.7071000337600708,1
afi_pilot_t0_root00_s8100_high,0,alphabet_soup_1,8100,0.9857358274618948,89,P4B,close,89,4.45,3.0,7.662813641827741e-26,3.0,0.0,0.0,0.0,0.0,0.0,0.0,0.0,0.0,0.0,0.0,0.0,0.034356702119112015,0.024776902049779892,0.9996890425682068,0.0028146104887127876,0.9996129274368286,-0.024739162996411324,-0.012725287117064,0.0,0.0,0.0,0.0,0.0,0.0,0,0,none,completed,0.48002856969833374,-0.23868362605571747,0.05640752613544464,-0.12022049725055695,-0.23874986171722412,0.028499918058514595,7.807067959220149e-06,1.4158023986965418e-05,0.7071097493171692,0.7071037292480469,1
afi_pilot_t0_root00_s8100_high,0,alphabet_soup_1,8100,0.9857358274618948,90,P4B,close,90,4.5,3.0,3.9233608853690234e-26,3.0,0.0,0.0,0.0,0.0,0.0,0.0,0.0,0.0,0.0,0.0,0.0,0.03375668823719025,0.024776902049779892,0.9996890425682068,0.0028146104887127876,0.9996129274368286,-0.024739162996411324,-0.012725287117064,0.0,0.0,0.0,0.0,0.0,0.0,0,0,none,completed,0.48002761602401733,-0.23868338763713837,0.05639380216598511,-0.12022105604410172,-0.23874922096729279,0.02849997766315937,1.0758704775071237e-05,1.1296277079964057e-05,0.7071133255958557,0.7071001529693604,1
afi_pilot_t0_root00_s8100_high,0,alphabet_soup_1,8100,0.9857358274618948,91,P4B,close,91,4.55,3.0,2.0087608016586287e-26,3.0,0.0,0.0,0.0,0.0,0.0,0.0,0.0,0.0,0.0,0.0,0.0,0.03315667808055878,0.024776902049779892,0.9996890425682068,0.0028146104887127876,0.9996129274368286,-0.024739162996411324,-0.012725287117064,0.0,0.0,0.0,0.0,0.0,0.0,0,0,none,completed,0.4800267517566681,-0.23868384957313538,0.05638580024242401,-0.12022050470113754,-0.23874986171722412,0.028499916195869446,7.808680493326392e-06,1.4065654795558657e-05,0.7071098685264587,0.7071036100387573,1
afi_pilot_t0_root00_s8100_high,0,alphabet_soup_1,8100,0.9857358274618948,92,P4B,close,92,4.6000000000000005,3.0,1.0284856481620561e-26,3.0,0.0,0.0,0.0,0.0,0.0,0.0,0.0,0.0,0.0,0.0,0.0,0.032556675374507904,0.024776902049779892,0.9996890425682068,0.0028146104887127876,0.9996129274368286,-0.024739162996411324,-0.012725287117064,0.0,0.0,0.0,0.0,0.0,0.0,0,0,none,completed,0.48002660274505615,-0.23868395388126373,0.05638153851032257,-0.12022106349468231,-0.23874922096729279,0.028499972075223923,1.0620275133987889e-05,1.1258382983214688e-05,0.70711350440979,0.707099974155426,1
afi_pilot_t0_root00_s8100_high,0,alphabet_soup_1,8100,0.9857358274618948,93,P4B,close,93,4.65,3.0,5.26584683906447e-27,3.0,0.0,0.0,0.0,0.0,0.0,0.0,0.0,0.0,0.0,0.0,0.0,0.03195667639374733,0.024776902049779892,0.9996890425682068,0.0028146104887127876,0.9996129274368286,-0.024739162996411324,-0.012725287117064,0.0,0.0,0.2782403528690338,0.0021090691443532705,5.564807057380676,0.0,0,0,none,completed,0.4800271987915039,-0.23868417739868164,0.05637931823730469,-0.12022049725055695,-0.23874984681606293,0.028499919921159744,7.74477666709572e-06,1.4203671526047401e-05,0.707109808921814,0.7071036696434021,1
afi_pilot_t0_root00_s8100_high,0,alphabet_soup_1,8100,0.9857358274618948,94,P4B,close,94,4.7,3.0,2.6961137587865636e-27,3.0,0.0,0.0,0.0,0.0,0.0,0.0,0.0,0.0,0.0,0.0,0.0,0.031356681138277054,0.024776902049779892,0.9996890425682068,0.0028146104887127876,0.9996129274368286,-0.024739162996411324,-0.012725287117064,0.0,0.0,2.1278927326202393,0.11306320875883102,36.99304759502411,0.0,0,0,none,completed,0.48002752661705017,-0.23868486285209656,0.056378692388534546,-0.12022106349468231,-0.2387492060661316,0.02849997580051422,1.0732593182183336e-05,1.1305987754894886e-05,0.70711350440979,0.707099974155426,1
afi_pilot_t0_root00_s8100_high,0,alphabet_soup_1,8100,0.9857358274618948,95,P4B,close,95,4.75,3.0,1.3804102876395513e-27,3.0,0.0,0.0,0.0,0.0,0.0,0.0,0.0,0.0,0.0,0.0,0.0,0.030756672844290733,0.024776902049779892,0.9996890425682068,0.0028146104887127876,0.9996129274368286,-0.024739162996411324,-0.012725287117064,0.0,0.0,2.4627299308776855,0.22932122647762299,6.696743965148926,0.0,0,0,none,completed,0.4800269603729248,-0.23868434131145477,0.05637738108634949,-0.12022050470113754,-0.23874984681606293,0.028499918058514595,7.766811904730275e-06,1.4129705050436314e-05,0.7071096897125244,0.7071037888526917,1
afi_pilot_t0_root00_s8100_high,0,alphabet_soup_1,8100,0.9857358274618948,96,P4B,close,96,4.800000000000001,3.0,7.067700672714503e-28,3.0,0.0,0.0,0.0,0.0,0.0,0.0,0.0,0.0,0.0,0.0,0.0,0.03015666827559471,0.024776902049779892,0.9996890425682068,0.0028146104887127876,0.9996129274368286,-0.024739162996411324,-0.012725287117064,0.0,0.0,2.407308340072632,0.2231636941432953,-1.1084318161010742,0.0,0,0,none,completed,0.4800269603729248,-0.23868441581726074,0.05637705326080322,-0.12022106349468231,-0.2387492060661316,0.028499973937869072,1.0721674698288552e-05,1.1307385648251511e-05,0.70711350440979,0.707099974155426,1
afi_pilot_t0_root00_s8100_high,0,alphabet_soup_1,8100,0.9857358274618948,97,P4B,close,97,4.8500000000000005,3.0,3.618662994800718e-28,3.0,0.0,0.0,0.0,0.0,0.0,0.0,0.0,0.0,0.0,0.0,0.0,0.029556667432188988,0.024776902049779892,0.9996890425682068,0.0028146104887127876,0.9996129274368286,-0.024739162996411324,-0.012725287117064,0.0,0.0,2.443727970123291,0.35781875252723694,0.7283926010131836,0.0,0,0,none,completed,0.48002684116363525,-0.23868428170681,0.05637666583061218,-0.12022050470113754,-0.23874984681606293,0.028499918058514595,7.714984349149745e-06,1.4089499018155038e-05,0.707109808921814,0.7071036696434021,1
afi_pilot_t0_root00_s8100_high,0,alphabet_soup_1,8100,0.9857358274618948,98,P4B,close,98,4.9,3.0,1.8527555602270796e-28,3.0,0.0,0.0,0.0,0.0,0.0,0.0,0.0,0.0,0.0,0.0,0.0,0.028956668451428413,0.024776902049779892,0.9996890425682068,0.0028146104887127876,0.9996129274368286,-0.024739162996411324,-0.012725287117064,0.0,0.0,2.5161292552948,0.5681115984916687,1.4480257034301758,0.0,0,0,none,completed,0.4800267815589905,-0.2386845052242279,0.05637660622596741,-0.12022105604410172,-0.23874922096729279,0.02849997580051422,1.0719068995967973e-05,1.1259320672252215e-05,0.7071133852005005,0.7071000933647156,1
afi_pilot_t0_root00_s8100_high,0,alphabet_soup_1,8100,0.9857358274618948,99,P4B,close,99,4.95,3.0,9.486109561327891e-29,3.0,0.0,0.0,0.0,0.0,0.0,0.0,0.0,0.0,0.0,0.0,0.0,0.02835666760802269,0.024776902049779892,0.9996890425682068,0.0028146104887127876,0.9996129274368286,-0.024739162996411324,-0.012725287117064,0.0,0.0,2.4670708179473877,0.5678051114082336,-0.9811687469482422,0.0,0,0,none,completed,0.48002690076828003,-0.2386842966079712,0.056376487016677856,-0.12022051215171814,-0.23874984681606293,0.028499918058514595,7.812386684236117e-06,1.419604268448893e-05,0.7071099281311035,0.7071035504341125,1
afi_pilot_t0_root00_s8100_high,0,alphabet_soup_1,8100,0.9857358274618948,100,P4B,close,100,5.0,3.0,4.856888675586276e-29,3.0,0.0,0.0,0.0,0.0,0.0,0.0,0.0,0.0,0.0,0.0,0.0,0.027761250734329224,0.024776902049779892,0.9996890425682068,0.0028146104887127876,0.9996129274368286,-0.024739162996411324,-0.012725287117064,0.0,0.0,2.4187607765197754,0.5675654411315918,-0.9662008285522461,0.0,0,0,none,completed,0.48002636432647705,-0.2386859506368637,0.05637645721435547,-0.12022065371274948,-0.23874840140342712,0.02849998138844967,7.691448445257265e-06,1.0847404155356344e-05,0.70711749792099,0.7070959806442261,1
afi_pilot_t0_root00_s8100_high,0,alphabet_soup_1,8100,0.9857358274618948,101,P4B,close,101,5.050000000000001,3.0,2.4867270404187722e-29,3.0,0.0,0.0,0.0,0.0,0.0,0.0,0.0,0.0,0.0,0.0,0.0,0.027172906324267387,0.024776902049779892,0.9996890425682068,0.0028146104887127876,0.9996129274368286,-0.024739162996411324,-0.012725287117064,0.0,0.0,2.370793104171753,0.5669140219688416,-0.9593534469604492,0.0,0,0,none,completed,0.4800243079662323,-0.23869162797927856,0.05637693405151367,-0.120219387114048,-0.2387474775314331,0.02849973551928997,-1.1244780750985228e-07,1.5753761545056477e-05,0.7071214318275452,0.7070920467376709,1
afi_pilot_t0_root00_s8100_high,0,alphabet_soup_1,8100,0.9857358274618948,102,P4B,close,102,5.1000000000000005,3.0,1.2732043000648972e-29,3.0,0.0,0.0,0.0,0.0,0.0,0.0,0.0,0.0,0.0,0.0,0.0,0.02658597193658352,0.024776902049779892,0.9996890425682068,0.0028146104887127876,0.9996129274368286,-0.024739162996411324,-0.012725287117064,0.0,0.0,2.3231539726257324,0.5659394860267639,-0.9527826309204102,0.0,0,0,none,completed,0.4800220727920532,-0.2386951893568039,0.05637700855731964,-0.12021982669830322,-0.2387486696243286,0.02849987894296646,-6.166023069908988e-08,1.0952298907795921e-05,0.7071147561073303,0.7070987224578857,1
afi_pilot_t0_root00_s8100_high,0,alphabet_soup_1,8100,0.9857358274618948,103,P4B,close,103,5.15,3.0,6.518806425592387e-30,3.0,0.0,0.0,0.0,0.0,0.0,0.0,0.0,0.0,0.0,0.0,0.0,0.025997567921876907,0.024776902049779892,0.9996890425682068,0.0028146104887127876,0.9996129274368286,-0.024739162996411324,-0.012725287117064,0.0,0.0,2.2832419872283936,0.5660930275917053,-0.7982397079467773,0.0,0,0,none,completed,0.4800218343734741,-0.23869465291500092,0.05637691915035248,-0.12022072076797485,-0.2387481927871704,0.02850002609193325,1.5743312360427808e-06,3.6461854051594855e-06,0.7071177363395691,0.707095742225647,1
afi_pilot_t0_root00_s8100_high,0,alphabet_soup_1,8100,0.9857358274618948,104,P4B,close,104,5.2,3.0,3.3376290704592345e-30,3.0,0.0,0.0,0.0,0.0,0.0,0.0,0.0,0.0,0.0,0.0,0.0,0.025408636778593063,0.024776902049779892,0.9996890425682068,0.0028146104887127876,0.9996129274368286,-0.024739162996411324,-0.012725287117064,0.0,0.0,4.3656134605407715,1.4486744403839111,41.64742946624756,0.0,0,0,none,completed,0.480022132396698,-0.23869436979293823,0.05637718737125397,-0.12022048234939575,-0.23874887824058533,0.028499912470579147,-4.17232331528794e-06,1.4270644896896556e-06,0.7071141004562378,0.7070993781089783,1
afi_pilot_t0_root00_s8100_high,0,alphabet_soup_1,8100,0.9857358274618948,105,P4B,close,105,5.25,3.0,1.7088661668299303e-30,3.0,0.0,0.0,0.0,0.0,0.0,0.0,0.0,0.0,0.0,0.0,0.0,0.02481945790350437,0.024776902049779892,0.9996890425682068,0.0028146104887127876,0.9996129274368286,-0.024739162996411324,-0.012725287117064,0.0,0.0,4.666079521179199,1.4526035785675049,6.009321212768555,0.0,0,0,none,completed,0.48002246022224426,-0.23869450390338898,0.05637781322002411,-0.12022053450345993,-0.2387489527463913,0.02849990874528885,-5.214563316258136e-06,-4.3476140376697003e-07,0.7071135640144348,0.7070999145507812,1
afi_pilot_t0_root00_s8100_high,0,alphabet_soup_1,8100,0.9857358274618948,106,P4B,close,106,5.300000000000001,3.0,0.011962532065808773,3.0,1.2845666408538818,0.04142357409000397,0.032247119590828495,0.0021275877952575684,0.025349855422973633,-1.009418249130249,-0.0014489591121673584,0.01606816053390503,-0.6422833204269409,0.3672528862953186,0.22227779835678066,0.024480877444148064,0.024776902049779892,0.9996890425682068,0.0028146104887127876,0.9996129274368286,-0.024739162996411324,-0.012725287117064,0.0,0.0,4.828675270080566,1.4405946731567383,3.2519149780273438,0.0,1,1,bilateral,completed,0.4800131916999817,-0.23876138031482697,0.0563897043466568,-0.12021692097187042,-0.23869377374649048,0.028499355539679527,0.00014119311526883394,0.00017197283159475774,0.7071692943572998,0.7070443034172058,1
afi_pilot_t0_root00_s8100_high,0,alphabet_soup_1,8100,0.9857358274618948,107,P4B,close,107,5.3500000000000005,3.0,2.282787561416626,3.0,4.904017925262451,0.12724590301513672,0.02594727526578664,0.005606651306152344,0.06599903106689453,-2.645094394683838,-0.005563020706176758,0.06124687194824219,-2.4520089626312256,0.19314336776733398,0.037880875811542335,0.024336760863661766,0.024776902049779892,0.9996890425682068,0.0028146104887127876,0.9996129274368286,-0.024739162996411324,-0.012725287117064,0.0,0.0,4.838277339935303,1.440340280532837,0.19204139709472656,0.0,1,1,bilateral,completed,0.480007529258728,-0.23876678943634033,0.05638591945171356,-0.12022541463375092,-0.23867517709732056,0.028499582782387733,0.00028377328999340534,0.00031157449120655656,0.7071816325187683,0.7070317268371582,1
afi_pilot_t0_root00_s8100_high,0,alphabet_soup_1,8100,0.9857358274618948,108,P4B,close,108,5.4,3.0,3.7248177528381348,3.0,4.732824325561523,0.1243518516421318,0.026274343412773543,0.005529046058654785,0.06522583961486816,-2.613330364227295,-0.0053598880767822266,0.05912590026855469,-2.3664121627807617,0.2469933032989502,0.04958403523916682,0.024333659559488297,0.024776902049779892,0.9996890425682068,0.0028146104887127876,0.9996129274368286,-0.024739162996411324,-0.012725287117064,0.0,0.0,4.838022708892822,1.4402344226837158,-0.005092620849609375,0.0,1,1,bilateral,completed,0.48000794649124146,-0.23876948654651642,0.05638565123081207,-0.12022475153207779,-0.23867610096931458,0.028498895466327667,0.00027712303563021123,0.00032168772304430604,0.7071741223335266,0.7070392370223999,1
afi_pilot_t0_root00_s8100_high,0,alphabet_soup_1,8100,0.9857358274618948,109,P4B,close,109,5.45,3.0,3.4862520694732666,3.0,2.7484660148620605,0.0736834779381752,0.026808946350341978,0.0033363699913024902,0.03934311866760254,-1.576141357421875,-0.003114163875579834,0.0343400239944458,-1.3742330074310303,0.20197033882141113,0.06843433313231527,0.024403240531682968,0.024776902049779892,0.9996890425682068,0.0028146104887127876,0.9996129274368286,-0.024739162996411324,-0.012725287117064,0.0,0.0,4.833171367645264,1.4403271675109863,-0.09702682495117188,0.0,1,1,bilateral,completed,0.4800037443637848,-0.23877830803394318,0.056386396288871765,-0.12022595852613449,-0.23867850005626678,0.028499245643615723,0.0002680347242858261,0.00030288108973763883,0.7071611881256104,0.7070521712303162,1
afi_pilot_t0_root00_s8100_high,0,alphabet_soup_1,8100,0.9857358274618948,110,P4B,close,110,5.5,3.0,2.646150827407837,3.0,1.797199010848999,0.04985934868454933,0.02774280888402877,0.002323627471923828,0.027415037155151367,-1.0988489389419556,-0.0020343661308288574,0.02244347333908081,-0.8985995054244995,0.2003113031387329,0.10025212589338713,0.024436475709080696,0.024776902049779892,0.9996890425682068,0.0028146104887127876,0.9996129274368286,-0.024739162996411324,-0.012725287117064,0.0,0.0,4.831303119659424,1.4404945373535156,-0.037364959716796875,0.0,1,1,bilateral,completed,0.48000234365463257,-0.23878122866153717,0.05638803541660309,-0.12022768706083298,-0.2386789172887802,0.028498845174908638,0.0003089606179855764,0.0003209853603038937,0.7071584463119507,0.7070547938346863,1
afi_pilot_t0_root00_s8100_high,0,alphabet_soup_1,8100,0.9857358274618948,111,P4B,close,111,5.550000000000001,3.0,2.3619978427886963,3.0,2.300405979156494,0.06300128251314163,0.027387027804649834,0.002905905246734619,0.034273743629455566,-1.3738176822662354,-0.0026044249534606934,0.028726816177368164,-1.150202989578247,0.22368371486663818,0.08859418166407172,0.02442019432783127,0.024776902049779892,0.9996890425682068,0.0028146104887127876,0.9996129274368286,-0.024739162996411324,-0.012725287117064,0.0,0.0,4.832704067230225,1.4405076503753662,0.028018951416015625,0.0,1,1,bilateral,completed,0.48000338673591614,-0.2387772649526596,0.056388258934020996,-0.12022755295038223,-0.23867745697498322,0.0284985713660717,0.00031149087590165436,0.00032283065957017243,0.7071660161018372,0.7070473432540894,1
afi_pilot_t0_root00_s8100_high,0,alphabet_soup_1,8100,0.9857358274618948,112,P4B,close,112,5.6000000000000005,3.0,2.915576219558716,3.0,3.726731061935425,0.09920985996723175,0.026621148217684514,0.004466533660888672,0.05267071723937988,-2.1111345291137695,-0.0042192935943603516,0.0465388298034668,-1.8633655309677124,0.24784481525421143,0.06233917268058146,0.024368301033973694,0.024776902049779892,0.9996890425682068,0.0028146104887127876,0.9996129274368286,-0.024739162996411324,-0.012725287117064,0.0,0.0,4.836499214172363,1.440351128578186,0.07590293884277344,0.0,1,1,bilateral,completed,0.4800049662590027,-0.2387721985578537,0.05638734996318817,-0.12022702395915985,-0.23867616057395935,0.02849840745329857,0.0003193355805706233,0.0003349718463141471,0.707173228263855,0.707040011882782,1
afi_pilot_t0_root00_s8100_high,0,alphabet_soup_1,8100,0.9857358274618948,113,P4B,close,113,5.65,3.0,3.187410593032837,3.0,3.254085063934326,0.08701061457395554,0.026738887541174487,0.003933072090148926,0.046366214752197266,-1.8581106662750244,-0.0036866068840026855,0.040644049644470215,-1.627042531967163,0.2311389446258545,0.06630021018463339,0.02438432350754738,0.024776902049779892,0.9996890425682068,0.0028146104887127876,0.9996129274368286,-0.024739162996411324,-0.012725287117064,0.0,0.0,4.835565090179443,1.4403749704360962,-0.018682479858398438,0.0,1,1,bilateral,completed,0.4800056219100952,-0.23877379298210144,0.05638757348060608,-0.12022675573825836,-0.2386770397424698,0.028498588129878044,0.00031398891587741673,0.00033326432458125055,0.7071682214736938,0.7070450186729431,1
afi_pilot_t0_root00_s8100_high,0,alphabet_soup_1,8100,0.9857358274618948,114,P4B,close,114,5.7,3.0,3.207319736480713,3.0,3.2091667652130127,0.08590079098939896,0.026767319143571267,0.003886699676513672,0.04581749439239502,-1.836153507232666,-0.003635585308074951,0.04008293151855469,-1.6045833826065063,0.23164117336273193,0.06730199608922897,0.02438555285334587,0.024776902049779892,0.9996890425682068,0.0028146104887127876,0.9996129274368286,-0.024739162996411324,-0.012725287117064,0.0,0.0,4.835355281829834,1.4403570890426636,-0.0041961669921875,0.0,1,1,bilateral,completed,0.48000502586364746,-0.23877377808094025,0.05638742446899414,-0.12022698670625687,-0.23867714405059814,0.028498612344264984,0.0003146100789308548,0.00033170406823046505,0.7071676254272461,0.7070456147193909,1
afi_pilot_t0_root00_s8100_high,0,alphabet_soup_1,8100,0.9857358274618948,115,P4B,close,115,5.75,3.0,3.2074685096740723,3.0,3.2072176933288574,0.08587242662906647,0.02677474210986195,0.0038849711418151855,0.04581320285797119,-1.8359622955322266,-0.0036323070526123047,0.04005885124206543,-1.6036088466644287,0.23242473602294922,0.06755254281072932,0.02438577637076378,0.024776902049779892,0.9996890425682068,0.0028146104887127876,0.9996129274368286,-0.024739162996411324,-0.012725287117064,0.0,0.0,4.835343360900879,1.4403436183929443,-0.0002384185791015625,0.0,1,1,bilateral,completed,0.4800048768520355,-0.2387736737728119,0.05638739466667175,-0.12022696435451508,-0.23867712914943695,0.028498632833361626,0.0003144629008602351,0.0003317203663755208,0.7071675062179565,0.70704585313797,1
afi_pilot_t0_root00_s8100_high,0,alphabet_soup_1,8100,0.9857358274618948,116,P4B,close,116,5.800000000000001,3.0,3.207550287246704,3.0,3.207564353942871,0.08587504923343658,0.026772666034860816,0.0038860440254211426,0.045812249183654785,-1.8359441757202148,-0.003633737564086914,0.04006242752075195,-1.6037821769714355,0.2322331666946411,0.06749381989258711,0.02438582107424736,0.024776902049779892,0.9996890425682068,0.0028146104887127876,0.9996129274368286,-0.024739162996411324,-0.012725287117064,0.0,0.0,4.835387229919434,1.4403607845306396,0.00087738037109375,0.0,1,1,bilateral,completed,0.4800052046775818,-0.23877352476119995,0.05638773739337921,-0.1202269196510315,-0.2386770397424698,0.028498593717813492,0.0003142722125630826,0.0003318429517094046,0.7071680426597595,0.707045316696167,1
afi_pilot_t0_root00_s8100_high,0,alphabet_soup_1,8100,0.9857358274618948,117,P4B,close,117,5.8500000000000005,3.0,3.2068686485290527,3.0,3.2077341079711914,0.08589090406894684,0.02677619190926975,0.003887176513671875,0.045825839042663574,-1.83648681640625,-0.003634214401245117,0.04006469249725342,-1.6038670539855957,0.23269104957580566,0.06761455828397966,0.024385958909988403,0.024776902049779892,0.9996890425682068,0.0028146104887127876,0.9996129274368286,-0.024739162996411324,-0.012725287117064,0.0,0.0,4.835354804992676,1.4403550624847412,-0.00064849853515625,0.0,1,1,bilateral,completed,0.4800049662590027,-0.23877336084842682,0.056387439370155334,-0.12022697925567627,-0.23867708444595337,0.028498612344264984,0.00031450740061700344,0.00033155083656311035,0.70716792345047,0.707045316696167,1
afi_pilot_t0_root00_s8100_high,0,alphabet_soup_1,8100,0.9857358274618948,118,P4B,close,118,5.9,3.0,3.206935405731201,3.0,3.207629680633545,0.08588005602359772,0.026773681682180778,0.0038862228393554688,0.04581570625305176,-1.8360610008239746,-0.003633439540863037,0.04006397724151611,-1.6038148403167725,0.23231732845306396,0.06751534185267387,0.024385962635278702,0.024776902049779892,0.9996890425682068,0.0028146104887127876,0.9996129274368286,-0.024739162996411324,-0.012725287117064,0.0,0.0,4.835310935974121,1.4403464794158936,-0.00087738037109375,0.0,1,1,bilateral,completed,0.48000484704971313,-0.23877334594726562,0.05638740956783295,-0.12022698670625687,-0.23867712914943695,0.028498614206910133,0.0003144751535728574,0.0003314612549729645,0.7071677446365356,0.7070454955101013,1
afi_pilot_t0_root00_s8100_high,0,alphabet_soup_1,8100,0.9857358274618948,119,P4B,close,119,5.95,3.0,3.2070040702819824,3.0,3.207759380340576,0.08589781820774078,0.026778136394576074,0.0038872361183166504,0.04583132266998291,-1.8366576433181763,-0.003633856773376465,0.04006612300872803,-1.603879690170288,0.2328493595123291,0.06765695029598154,0.02438601292669773,0.024776902049779892,0.9996890425682068,0.0028146104887127876,0.9996129274368286,-0.024739162996411324,-0.012725287117064,0.0,0.0,4.8353352546691895,1.4403443336486816,0.0004863739013671875,0.0,1,1,bilateral,completed,0.4800049066543579,-0.2387734204530716,0.05638739466667175,-0.12022693455219269,-0.23867709934711456,0.028498606756329536,0.000314251083182171,0.0003316629445180297,0.7071676254272461,0.7070456147193909,1
afi_pilot_t0_root00_s8100_high,0,alphabet_soup_1,8100,0.9857358274618948,120,P4B,close,120,6.0,3.0,3.2070651054382324,3.0,3.2056870460510254,0.0858844742178917,0.02679128467131244,0.003887653350830078,0.04584348201751709,-1.837148666381836,-0.0036312341690063477,0.04004061222076416,-1.6028435230255127,0.23437702655792236,0.06811162188842938,0.02438608929514885,0.024776902049779892,0.9996890425682068,0.0028146104887127876,0.9996129274368286,-0.024739162996411324,-0.012725287117064,0.0,0.0,4.835280895233154,1.440340280532837,-0.001087188720703125,0.0,1,1,bilateral,completed,0.4800046682357788,-0.23877324163913727,0.056387364864349365,-0.12022698670625687,-0.23867709934711456,0.028498610481619835,0.00031447430956177413,0.00033134763361886144,0.70716792345047,0.7070454359054565,1
afi_pilot_t0_root00_s8100_high,0,alphabet_soup_1,8100,0.9857358274618948,121,P4B,close,121,6.050000000000001,3.0,3.2069640159606934,3.0,3.207387685775757,0.08589030802249908,0.026778898105585626,0.0038868188858032227,0.04582846164703369,-1.8365485668182373,-0.003633260726928711,0.04006147384643555,-1.6036938428878784,0.2329261302947998,0.0676850617429612,0.02438601478934288,0.024776902049779892,0.9996890425682068,0.0028146104887127876,0.9996129274368286,-0.024739162996411324,-0.012725287117064,0.0,0.0,4.8353166580200195,1.4403440952301025,0.0007152557373046875,0.0,1,1,bilateral,completed,0.4800049960613251,-0.23877330124378204,0.05638734996318817,-0.12022688239812851,-0.23867711424827576,0.02849861979484558,0.0003141151391901076,0.00033195092692039907,0.7071673274040222,0.7070459127426147,1
afi_pilot_t0_root00_s8100_high,0,alphabet_soup_1,8100,0.9857358274618948,122,P4B,close,122,6.1000000000000005,3.0,3.2068798542022705,3.0,3.208928108215332,0.0858931615948677,0.026766932351949074,0.0038860440254211426,0.04581189155578613,-1.8358769416809082,-0.003635227680206299,0.040080904960632324,-1.604464054107666,0.2314838171005249,0.06726402115617686,0.024385955184698105,0.024776902049779892,0.9996890425682068,0.0028146104887127876,0.9996129274368286,-0.024739162996411324,-0.012725287117064,0.0,0.0,4.835334777832031,1.440352439880371,0.000362396240234375,0.0,1,1,bilateral,completed,0.48000502586364746,-0.23877333104610443,0.05638749897480011,-0.12022696435451508,-0.23867711424827576,0.028498614206910133,0.0003143704670947045,0.00033163116313517094,0.7071678042411804,0.7070455551147461,1
afi_pilot_t0_root00_s8100_high,0,alphabet_soup_1,8100,0.9857358274618948,123,P4B,close,123,6.15,3.0,3.207092046737671,3.0,3.2080371379852295,0.08588577806949615,0.02677206477835095,0.003885626792907715,0.04581570625305176,-1.8360302448272705,-0.003634035587310791,0.04006969928741455,-1.6040185689926147,0.23208284378051758,0.0674438086623002,0.02438594587147236,0.024776902049779892,0.9996890425682068,0.0028146104887127876,0.9996129274368286,-0.024739162996411324,-0.012725287117064,0.0,0.0,4.8353962898254395,1.440351963043213,0.0012302398681640625,0.0,1,1,bilateral,completed,0.4800051748752594,-0.23877356946468353,0.05638760328292847,-0.12022692710161209,-0.23867712914943695,0.028498629108071327,0.0003141937486361712,0.00033176958095282316,0.7071673274040222,0.7070459127426147,1
afi_pilot_t0_root00_s8100_high,0,alphabet_soup_1,8100,0.9857358274618948,124,P4B,close,124,6.2,3.0,3.207105875015259,3.0,3.2064738273620605,0.08588030189275742,0.026783409600885603,0.0038868188858032227,0.045829057693481445,-1.8365516662597656,-0.003632187843322754,0.04005086421966553,-1.6032369136810303,0.23338627815246582,0.0678277214829301,0.024386011064052582,0.024776902049779892,0.9996890425682068,0.0028146104887127876,0.9996129274368286,-0.024739162996411324,-0.012725287117064,0.0,0.0,4.835413455963135,1.4403493404388428,0.00034332275390625,0.0,1,1,bilateral,completed,0.48000505566596985,-0.23877361416816711,0.05638746917247772,-0.12022694200277328,-0.23867709934711456,0.028498627245426178,0.0003143041394650936,0.0003316655638627708,0.7071676254272461,0.7070457339286804,1
afi_pilot_t0_root00_s8100_high,0,alphabet_soup_1,8100,0.9857358274618948,125,P4B,close,125,6.25,3.0,3.2073097229003906,3.0,3.205862045288086,0.08587589114904404,0.02678714490389964,0.003887355327606201,0.04583251476287842,-1.8366668224334717,-0.003631293773651123,0.040042996406555176,-1.602931022644043,0.23380744457244873,0.06795388479861413,0.024385983124375343,0.024776902049779892,0.9996890425682068,0.0028146104887127876,0.9996129274368286,-0.024739162996411324,-0.012725287117064,0.0,0.0,4.835428714752197,1.4403550624847412,0.00030517578125,0.0,1,1,bilateral,completed,0.4800052344799042,-0.23877361416816711,0.056387513875961304,-0.12022685259580612,-0.23867709934711456,0.028498616069555283,0.00031380157452076674,0.00033201545011252165,0.7071677446365356,0.7070454955101013,1
afi_pilot_t0_root00_s8100_high,0,alphabet_soup_1,8100,0.9857358274618948,126,P4B,close,126,6.300000000000001,3.0,3.2073111534118652,3.0,3.2072842121124268,0.08588017523288727,0.026776602743391942,0.003885626792907715,0.04581904411315918,-1.836119294166565,-0.0036324262619018555,0.04006075859069824,-1.6036421060562134,0.23254859447479248,0.06758479943370037,0.02438589371740818,0.024776902049779892,0.9996890425682068,0.0028146104887127876,0.9996129274368286,-0.024739162996411324,-0.012725287117064,0.0,0.0,4.835386276245117,1.4403443336486816,-0.0008487701416015625,0.0,1,1,bilateral,completed,0.48000505566596985,-0.2387736737728119,0.05638730525970459,-0.12022684514522552,-0.23867708444595337,0.02849860116839409,0.0003138803585898131,0.00033216617885045707,0.7071676254272461,0.7070457339286804,1
afi_pilot_t0_root00_s8100_high,0,alphabet_soup_1,8100,0.9857358274618948,127,P4B,close,127,6.3500000000000005,3.0,3.2073447704315186,3.0,3.207923412322998,0.08588244020938873,0.026771973382992174,0.003885805606842041,0.04581451416015625,-1.8360075950622559,-0.0036336779594421387,0.04006755352020264,-1.603961706161499,0.23211705684661865,0.0674553073802409,0.024385875090956688,0.024776902049779892,0.9996890425682068,0.0028146104887127876,0.9996129274368286,-0.024739162996411324,-0.012725287117064,0.0,0.0,4.835371971130371,1.4403395652770996,-0.000286102294921875,0.0,1,1,bilateral,completed,0.4800049364566803,-0.23877373337745667,0.05638749897480011,-0.12022680789232254,-0.23867705464363098,0.028498616069555283,0.00031367369228973985,0.00033234572038054466,0.7071677446365356,0.7070456147193909,1
afi_pilot_t0_root00_s8100_high,0,alphabet_soup_1,8100,0.9857358274618948,128,P4B,close,128,6.4,3.0,3.2072370052337646,3.0,3.2071194648742676,0.08587755262851715,0.026777160492175153,0.003886699676513672,0.04581880569458008,-1.8361679315567017,-0.0036333799362182617,0.04005837440490723,-1.6035597324371338,0.23267948627471924,0.067623505435291,0.024385912343859673,0.024776902049779892,0.9996890425682068,0.0028146104887127876,0.9996129274368286,-0.024739162996411324,-0.012725287117064,0.0,0.0,4.83539342880249,1.4403566122055054,0.0004291534423828125,0.0,1,1,bilateral,completed,0.4800052046775818,-0.23877352476119995,0.056387558579444885,-0.12022686749696732,-0.23867706954479218,0.02849862165749073,0.00031397162820212543,0.0003321059630252421,0.7071678042411804,0.7070455551147461,1
afi_pilot_t0_root00_s8100_high,0,alphabet_soup_1,8100,0.9857358274618948,129,P4B,close,129,6.45,3.0,3.2073311805725098,3.0,3.207184314727783,0.08587850630283356,0.026776916408723046,0.0038863420486450195,0.04581880569458008,-1.8361403942108154,-0.003633260726928711,0.04005932807922363,-1.6035921573638916,0.23261964321136475,0.06760601958977576,0.024385899305343628,0.024776902049779892,0.9996890425682068,0.0028146104887127876,0.9996129274368286,-0.024739162996411324,-0.012725287117064,0.0,0.0,4.835428714752197,1.4403514862060547,0.000705718994140625,0.0,1,1,bilateral,completed,0.48000526428222656,-0.23877373337745667,0.056387707591056824,-0.12022683769464493,-0.23867711424827576,0.028498640283942223,0.0003138641477562487,0.0003321286349091679,0.7071675062179565,0.70704585313797,1
afi_pilot_t0_root00_s8100_high,0,alphabet_soup_1,8100,0.9857358274618948,130,P4B,close,130,6.5,3.0,3.2073962688446045,3.0,3.2059926986694336,0.08587934821844101,0.02678713156585886,0.003886878490447998,0.04583382606506348,-1.8367013931274414,-0.0036317110061645508,0.04004514217376709,-1.6029963493347168,0.23377680778503418,0.06794301254712899,0.024385983124375343,0.024776902049779892,0.9996890425682068,0.0028146104887127876,0.9996129274368286,-0.024739162996411324,-0.012725287117064,0.0,0.0,4.83536434173584,1.4403355121612549,-0.0012874603271484375,0.0,1,1,bilateral,completed,0.4800049066543579,-0.23877368867397308,0.05638721585273743,-0.12022677063941956,-0.23867705464363098,0.02849862538278103,0.0003135599836241454,0.0003324138233438134,0.7071676850318909,0.7070456743240356,1
afi_pilot_t0_root00_s8100_high,0,alphabet_soup_1,8100,0.9857358274618948,131,P4B,close,131,6.550000000000001,3.0,3.2071945667266846,3.0,3.2076733112335205,0.08587469160556793,0.026771645137560644,0.003885805606842041,0.04580986499786377,-1.8358210325241089,-0.0036339759826660156,0.040064454078674316,-1.6038366556167603,0.2320554256439209,0.0674435089907494,0.024385865777730942,0.024776902049779892,0.9996890425682068,0.0028146104887127876,0.9996129274368286,-0.024739162996411324,-0.012725287117064,0.0,0.0,4.835376262664795,1.4403574466705322,0.0002384185791015625,0.0,1,1,bilateral,completed,0.480005145072937,-0.23877350986003876,0.056387677788734436,-0.12022694945335388,-0.23867712914943695,0.028498610481619835,0.0003141893248539418,0.0003316722286399454,0.7071678042411804,0.7070454359054565,1
afi_pilot_t0_root00_s8100_high,0,alphabet_soup_1,8100,0.9857358274618948,132,P4B,close,132,6.6000000000000005,3.0,3.2073779106140137,3.0,3.2070093154907227,0.08587683737277985,0.026777857163673174,0.0038858652114868164,0.04582011699676514,-1.8362336158752441,-0.0036323070526123047,0.04005634784698486,-1.6035046577453613,0.23280036449432373,0.06765842992417181,0.024385901167988777,0.024776902049779892,0.9996890425682068,0.0028146104887127876,0.9996129274368286,-0.024739162996411324,-0.012725287117064,0.0,0.0,4.83536434173584,1.440347671508789,-0.0002384185791015625,0.0,1,1,bilateral,completed,0.480005145072937,-0.23877355456352234,0.05638737976551056,-0.12022688239812851,-0.23867712914943695,0.02849862538278103,0.0003141453198622912,0.00033192679984495044,0.7071672081947327,0.7070460319519043,1
afi_pilot_t0_root00_s8100_high,0,alphabet_soup_1,8100,0.9857358274618948,133,P4B,close,133,6.65,3.0,3.2073147296905518,3.0,3.207953691482544,0.08587981015443802,0.0267709008339048,0.0038862228393554688,0.04581010341644287,-1.8357913494110107,-0.003634333610534668,0.0400693416595459,-1.603976845741272,0.23188543319702148,0.06739193639895444,0.024385856464505196,0.024776902049779892,0.9996890425682068,0.0028146104887127876,0.9996129274368286,-0.024739162996411324,-0.012725287117064,0.0,0.0,4.8353753089904785,1.440352439880371,0.0002193450927734375,0.0,1,1,bilateral,completed,0.4800051152706146,-0.23877359926700592,0.05638734996318817,-0.1202268898487091,-0.23867709934711456,0.02849862352013588,0.0003141100169159472,0.00033198652090504766,0.7071678042411804,0.7070454359054565,1
afi_pilot_t0_root00_s8100_high,0,alphabet_soup_1,8100,0.9857358274618948,134,P4B,close,134,6.7,3.0,3.2073326110839844,3.0,3.2071590423583984,0.08588291704654694,0.026778502691089667,0.0038863420486450195,0.04582369327545166,-1.8363430500030518,-0.003632843494415283,0.04005885124206543,-1.6035795211791992,0.23283493518829346,0.06766484819241313,0.02438591979444027,0.024776902049779892,0.9996890425682068,0.0028146104887127876,0.9996129274368286,-0.024739162996411324,-0.012725287117064,0.0,0.0,4.835386753082275,1.4403464794158936,0.0002288818359375,0.0,1,1,bilateral,completed,0.480005145072937,-0.23877361416816711,0.0563875287771225,-0.12022680044174194,-0.23867706954479218,0.028498610481619835,0.0003136822488158941,0.0003322542179375887,0.7071675062179565,0.7070457339286804,1
afi_pilot_t0_root00_s8100_high,0,alphabet_soup_1,8100,0.9857358274618948,135,P4B,close,135,6.75,3.0,3.2072205543518066,3.0,3.2070751190185547,0.08588303625583649,0.026779240606661824,0.0038860440254211426,0.04582405090332031,-1.8363325595855713,-0.003632843494415283,0.04005861282348633,-1.6035375595092773,0.23286640644073486,0.06767502573377995,0.024385951459407806,0.024776902049779892,0.9996890425682068,0.0028146104887127876,0.9996129274368286,-0.024739162996411324,-0.012725287117064,0.0,0.0,4.8353986740112305,1.44035005569458,0.0002384185791015625,0.0,1,1,bilateral,completed,0.48000526428222656,-0.23877355456352234,0.05638758838176727,-0.12022679299116135,-0.23867706954479218,0.02849862352013588,0.00031354386010207236,0.00033231909037567675,0.7071676254272461,0.7070457339286804,1
afi_pilot_t0_root00_s8100_high,0,alphabet_soup_1,8100,0.9857358274618948,136,P4B,close,136,6.800000000000001,3.0,3.207350254058838,3.0,3.2080531120300293,0.08588410168886185,0.026771408916766687,0.003886103630065918,0.0458143949508667,-1.8360193967819214,-0.003634214401245117,0.0400693416595459,-1.6040265560150146,0.232063889503479,0.067438351902879,0.024385865777730942,0.024776902049779892,0.9996890425682068,0.0028146104887127876,0.9996129274368286,-0.024739162996411324,-0.012725287117064,0.0,0.0,4.835346698760986,1.4403512477874756,-0.0010395050048828125,0.0,1,1,bilateral,completed,0.4800049960613251,-0.23877350986003876,0.05638734996318817,-0.1202268898487091,-0.23867705464363098,0.02849859744310379,0.0003141552733723074,0.0003320024407003075,0.7071681022644043,0.7070452570915222,1
afi_pilot_t0_root00_s8100_high,0,alphabet_soup_1,8100,0.9857358274618948,137,P4B,close,137,6.8500000000000005,3.0,3.2073049545288086,3.0,3.206745147705078,0.08588042110204697,0.02678118065088761,0.003886580467224121,0.04582703113555908,-1.8365072011947632,-0.0036323070526123047,0.04005300998687744,-1.603372573852539,0.2332061529159546,0.06777357412804716,0.024385934695601463,0.024776902049779892,0.9996890425682068,0.0028146104887127876,0.9996129274368286,-0.024739162996411324,-0.012725287117064,0.0,0.0,4.835392475128174,1.4403501749038696,0.00091552734375,0.0,1,1,bilateral,completed,0.4800051152706146,-0.23877356946468353,0.05638740956783295,-0.1202268972992897,-0.23867706954479218,0.028498604893684387,0.00031411449890583754,0.00033182790502905846,0.7071675062179565,0.7070457339286804,1
afi_pilot_t0_root00_s8100_high,0,alphabet_soup_1,8100,0.9857358274618948,138,P4B,close,138,6.9,3.0,3.2075681686401367,3.0,3.2065176963806152,0.0858696922659874,0.026779734402499495,0.003886580467224121,0.04581880569458008,-1.8361587524414062,-0.003632485866546631,0.040050506591796875,-1.6032588481903076,0.2329714298248291,0.06771445715679984,0.024385884404182434,0.024776902049779892,0.9996890425682068,0.0028146104887127876,0.9996129274368286,-0.024739162996411324,-0.012725287117064,0.0,0.0,4.835390567779541,1.4403486251831055,-3.814697265625e-05,0.0,1,1,bilateral,completed,0.48000508546829224,-0.2387736588716507,0.05638740956783295,-0.12022693455219269,-0.23867711424827576,0.02849861979484558,0.0003143521607853472,0.00033176562283188105,0.7071673274040222,0.7070459127426147,1
afi_pilot_t0_root00_s8100_high,0,alphabet_soup_1,8100,0.9857358274618948,139,P4B,close,139,6.95,3.0,3.207437753677368,3.0,3.20711612701416,0.08587206900119781,0.02677547852972356,0.003885805606842041,0.04581320285797119,-1.8359328508377075,-0.003632783889770508,0.04005849361419678,-1.60355806350708,0.2324460744857788,0.06756032236605039,0.02438584342598915,0.024776902049779892,0.9996890425682068,0.0028146104887127876,0.9996129274368286,-0.024739162996411324,-0.012725287117064,0.0,0.0,4.8353424072265625,1.4403507709503174,-0.0009632110595703125,0.0,1,1,bilateral,completed,0.480005145072937,-0.2387734353542328,0.05638737976551056,-0.12022683769464493,-0.23867708444595337,0.028498612344264984,0.00031390064395964146,0.000332117808284238,0.7071677446365356,0.7070456147193909,1
afi_pilot_t0_root00_s8100_high,0,alphabet_soup_1,8100,0.9857358274618948,140,P4B,close,140,7.0,3.0,3.207244396209717,3.0,3.2081868648529053,0.08587504178285599,0.026767468791688773,0.003885507583618164,0.04580390453338623,-1.8356122970581055,-0.0036347508430480957,0.04007077217102051,-1.6040934324264526,0.2315899133682251,0.06730727255870445,0.024385860189795494,0.024776902049779892,0.9996890425682068,0.0028146104887127876,0.9996129274368286,-0.024739162996411324,-0.012725287117064,0.0,0.0,4.835331916809082,1.4403572082519531,-0.000209808349609375,0.0,1,1,bilateral,completed,0.48000505566596985,-0.23877336084842682,0.05638749897480011,-0.12022700160741806,-0.23867711424827576,0.028498616069555283,0.00031452669645659626,0.00033153637195937335,0.7071678042411804,0.7070454359054565,1
afi_pilot_t0_root00_s8100_high,0,alphabet_soup_1,8100,0.9857358274618948,141,P4B,close,141,7.050000000000001,3.0,3.2069954872131348,3.0,3.208068370819092,0.0858929306268692,0.026774033685865246,0.003886103630065918,0.0458221435546875,-1.8362674713134766,-0.003633737564086914,0.040070414543151855,-1.604034185409546,0.23230457305908203,0.06750328144223006,0.024385947734117508,0.024776902049779892,0.9996890425682068,0.0028146104887127876,0.9996129274368286,-0.024739162996411324,-0.012725287117064,0.0,0.0,4.835407257080078,1.4403505325317383,0.001506805419921875,0.0,1,1,bilateral,completed,0.4800052046775818,-0.23877361416816711,0.05638760328292847,-0.1202268898487091,-0.23867711424827576,0.028498627245426178,0.0003141114138998091,0.00033198928576894104,0.7071673274040222,0.7070459127426147,1
afi_pilot_t0_root00_s8100_high,0,alphabet_soup_1,8100,0.9857358274618948,142,P4B,close,142,7.1000000000000005,3.0,3.207524299621582,3.0,3.2070789337158203,0.0858764797449112,0.026777164366644405,0.003885984420776367,0.04581868648529053,-1.8361707925796509,-0.003632783889770508,0.04005742073059082,-1.6035394668579102,0.2327026128768921,0.06763057348673616,0.024385910481214523,0.024776902049779892,0.9996890425682068,0.0028146104887127876,0.9996129274368286,-0.024739162996411324,-0.012725287117064,0.0,0.0,4.83529806137085,1.4403423070907593,-0.0021839141845703125,0.0,1,1,bilateral,completed,0.4800049364566803,-0.2387734204530716,0.0563872754573822,-0.12022685259580612,-0.23867705464363098,0.028498612344264984,0.0003139004984404892,0.00033213975257240236,0.7071676850318909,0.7070456743240356,1
afi_pilot_t0_root00_s8100_high,0,alphabet_soup_1,8100,0.9857358274618948,143,P4B,close,143,7.15,3.0,3.2073349952697754,3.0,3.206629991531372,0.08588101714849472,0.026782328293349807,0.003885984420776367,0.04582870006561279,-1.8365488052368164,-0.0036316514015197754,0.040051937103271484,-1.603314995765686,0.23330533504486084,0.06780271755895292,0.024385949596762657,0.024776902049779892,0.9996890425682068,0.0028146104887127876,0.9996129274368286,-0.024739162996411324,-0.012725287117064,0.0,0.0,4.835363388061523,1.4403444528579712,0.0013065338134765625,0.0,1,1,bilateral,completed,0.48000505566596985,-0.23877355456352234,0.05638740956783295,-0.12022686749696732,-0.23867711424827576,0.02849862538278103,0.00031396691338159144,0.000331953982822597,0.7071675062179565,0.7070457339286804,1
afi_pilot_t0_root00_s8100_high,0,alphabet_soup_1,8100,0.9857358274618948,144,P4B,close,144,7.2,3.0,3.207448720932007,3.0,3.2049989700317383,0.08587470650672913,0.026793988799902402,0.0038877129554748535,0.04584324359893799,-1.8371790647506714,-0.003629744052886963,0.0400310754776001,-1.6024994850158691,0.23475158214569092,0.06822669133847224,0.02438601665198803,0.024776902049779892,0.9996890425682068,0.0028146104887127876,0.9996129274368286,-0.024739162996411324,-0.012725287117064,0.0,0.0,4.83538818359375,1.4403575658798218,0.00049591064453125,0.0,1,1,bilateral,completed,0.480005145072937,-0.2387733906507492,0.05638737976551056,-0.1202268972992897,-0.2386770099401474,0.02849859558045864,0.0003142062923870981,0.0003318294184282422,0.7071680426597595,0.7070451974868774,1
afi_pilot_t0_root00_s8100_high,0,alphabet_soup_1,8100,0.9857358274618948,145,P4B,close,145,7.25,3.0,3.207298994064331,3.0,3.208184003829956,0.08588148653507233,0.026769501510058746,0.003886401653289795,0.045810580253601074,-1.8358941078186035,-0.0036348700523376465,0.040070533752441406,-1.604092001914978,0.2318732738494873,0.06738413502837064,0.024385863915085793,0.024776902049779892,0.9996890425682068,0.0028146104887127876,0.9996129274368286,-0.024739162996411324,-0.012725287117064,0.0,0.0,4.835360527038574,1.4403586387634277,-0.000553131103515625,0.0,1,1,bilateral,completed,0.4800053834915161,-0.23877334594726562,0.0563875287771225,-0.12022684514522552,-0.23867711424827576,0.028498632833361626,0.0003139400214422494,0.00033216725569218397,0.7071674466133118,0.7070459127426147,1
afi_pilot_t0_root00_s8100_high,0,alphabet_soup_1,8100,0.9857358274618948,146,P4B,close,146,7.300000000000001,3.0,3.2074134349823,3.0,3.2081520557403564,0.08588350564241409,0.026770397459416697,0.0038860440254211426,0.04581153392791748,-1.8358529806137085,-0.0036345720291137695,0.04007160663604736,-1.6040760278701782,0.23184800148010254,0.0673779110928993,0.0243858490139246,0.024776902049779892,0.9996890425682068,0.0028146104887127876,0.9996129274368286,-0.024739162996411324,-0.012725287117064,0.0,0.0,4.835381507873535,1.44034743309021,0.00041961669921875,0.0,1,1,bilateral,completed,0.4800049662590027,-0.23877370357513428,0.05638749897480011,-0.12022688239812851,-0.23867706954479218,0.028498612344264984,0.00031403827597387135,0.0003320570394862443,0.7071681022644043,0.7070452570915222,1
afi_pilot_t0_root00_s8100_high,0,alphabet_soup_1,8100,0.9857358274618948,147,P4B,close,147,7.3500000000000005,3.0,3.20755672454834,3.0,3.2053279876708984,0.08587649464607239,0.026791796339217442,0.003888726234436035,0.04584002494812012,-1.8370131254196167,-0.0036313533782958984,0.04003608226776123,-1.6026639938354492,0.2344210147857666,0.06813064569081893,0.024385971948504448,0.024776902049779892,0.9996890425682068,0.0028146104887127876,0.9996129274368286,-0.024739162996411324,-0.012725287117064,0.0,0.0,4.8353729248046875,1.4403536319732666,-0.000171661376953125,0.0,1,1,bilateral,completed,0.4800051748752594,-0.2387734204530716,0.05638739466667175,-0.12022683769464493,-0.2386770397424698,0.028498616069555283,0.0003139694454148412,0.00033212947892025113,0.7071678638458252,0.7070454955101013,1
afi_pilot_t0_root00_s8100_high,0,alphabet_soup_1,8100,0.9857358274618948,148,P4B,close,148,7.4,3.0,3.207237482070923,3.0,3.207406997680664,0.08588506281375885,0.02677710152651782,0.0038872361183166504,0.0458226203918457,-1.8362629413604736,-0.0036336779594421387,0.0400620698928833,-1.603703498840332,0.23263084888458252,0.06760467618332582,0.02438592165708542,0.024776902049779892,0.9996890425682068,0.0028146104887127876,0.9996129274368286,-0.024739162996411324,-0.012725287117064,0.0,0.0,4.835469722747803,1.440366268157959,0.0019359588623046875,0.0,1,1,bilateral,completed,0.4800054430961609,-0.23877361416816711,0.05638760328292847,-0.1202269196510315,-0.23867709934711456,0.028498617932200432,0.0003142069617751986,0.0003317168157082051,0.7071676850318909,0.7070456743240356,1
afi_pilot_t0_root00_s8100_high,0,alphabet_soup_1,8100,0.9857358274618948,149,P4B,close,149,7.45,3.0,3.2073042392730713,3.0,3.207240104675293,0.08587934076786041,0.026776710805864346,0.003886401653289795,0.04581892490386963,-1.8361546993255615,-0.0036336183547973633,0.04006004333496094,-1.6036200523376465,0.2326059341430664,0.06760120623689414,0.024385927245020866,0.024776902049779892,0.9996890425682068,0.0028146104887127876,0.9996129274368286,-0.024739162996411324,-0.012725287117064,0.0,0.0,4.835358142852783,1.4403462409973145,-0.002231597900390625,0.0,1,1,bilateral,completed,0.48000508546829224,-0.23877353966236115,0.05638737976551056,-0.12022680044174194,-0.23867706954479218,0.028498604893684387,0.00031368035706691444,0.00033228908432647586,0.7071677446365356,0.7070456147193909,1
afi_pilot_t0_root00_s8100_high,0,alphabet_soup_1,8100,0.9857358274618948,150,P4B,close,150,7.5,3.0,3.2073957920074463,3.0,3.206484794616699,0.08587779849767685,0.026782537263814663,0.003887176513671875,0.04582774639129639,-1.8365590572357178,-0.0036320090293884277,0.04004967212677002,-1.6032423973083496,0.23338818550109863,0.06782802201453246,0.024385938420891762,0.024776902049779892,0.9996890425682068,0.0028146104887127876,0.9996129274368286,-0.024739162996411324,-0.012725287117064,0.0,0.0,4.835381984710693,1.440359115600586,0.000476837158203125,0.0,1,1,bilateral,completed,0.48000532388687134,-0.2387734055519104,0.05638737976551056,-0.12022685259580612,-0.23867708444595337,0.028498610481619835,0.0003138966567348689,0.0003320219402667135,0.7071675062179565,0.7070457339286804,1
afi_pilot_t0_root00_s8100_high,0,alphabet_soup_1,8100,0.9857358274618948,151,P4B,hold,151,7.550000000000001,3.0,3.2075047492980957,3.0,3.2088429927825928,0.085877425968647,0.02676273852033415,0.003885030746459961,0.04579782485961914,-1.8353500366210938,-0.003635406494140625,0.04007923603057861,-1.6044214963912964,0.23099923133850098,0.06713431797082839,0.024385783821344376,0.024776902049779892,0.9996890425682068,0.0028146104887127876,0.9996129274368286,-0.024739162996411324,-0.012725287117064,0.0,0.0,4.835382461547852,1.4403507709503174,9.5367431640625e-06,0.0,1,1,bilateral,completed,0.480005145072937,-0.23877373337745667,0.056387558579444885,-0.1202268972992897,-0.23867712914943695,0.028498630970716476,0.0003140541666653007,0.00033195767900906503,0.7071675062179565,0.70704585313797,1
afi_pilot_t0_root00_s8100_high,0,alphabet_soup_1,8100,0.9857358274618948,152,P4B,hold,152,7.6000000000000005,3.0,3.2069449424743652,3.0,3.2090659141540527,0.08588827401399612,0.026764259853676853,0.003884553909301758,0.04580569267272949,-1.8356316089630127,-0.0036348700523376465,0.04008221626281738,-1.6045329570770264,0.2311694622039795,0.06717611588549434,0.02438587322831154,0.024776902049779892,0.9996890425682068,0.0028146104887127876,0.9996129274368286,-0.024739162996411324,-0.012725287117064,0.0,0.0,4.835411071777344,1.4403563737869263,0.00057220458984375,0.0,1,1,bilateral,completed,0.48000529408454895,-0.2387736439704895,0.05638726055622101,-0.1202268972992897,-0.23867715895175934,0.028498632833361626,0.00031397672137245536,0.00033194164279848337,0.7071676254272461,0.7070457339286804,1
afi_pilot_t0_root00_s8100_high,0,alphabet_soup_1,8100,0.9857358274618948,153,P4B,hold,153,7.65,3.0,3.207364797592163,3.0,3.2063732147216797,0.08587398380041122,0.026782279556893464,0.003885924816131592,0.045824646949768066,-1.8363802433013916,-0.0036317110061645508,0.040048956871032715,-1.6031866073608398,0.23326516151428223,0.0677968908717335,0.024385934695601463,0.024776902049779892,0.9996890425682068,0.0028146104887127876,0.9996129274368286,-0.024739162996411324,-0.012725287117064,0.0,0.0,4.83537483215332,1.4403434991836548,-0.00072479248046875,0.0,1,1,bilateral,completed,0.48000505566596985,-0.23877361416816711,0.056387364864349365,-0.12022681534290314,-0.23867706954479218,0.028498610481619835,0.0003137116727884859,0.00033221501507796347,0.7071675062179565,0.7070457339286804,1
afi_pilot_t0_root00_s8100_high,0,alphabet_soup_1,8100,0.9857358274618948,154,P4B,hold,154,7.7,3.0,3.207392454147339,3.0,3.2068026065826416,0.08588125556707382,0.026780961007947402,0.003886580467224121,0.045827269554138184,-1.8364906311035156,-0.0036325454711914062,0.040053606033325195,-1.6034013032913208,0.2331608533859253,0.06776017458396968,0.024385923519730568,0.024776902049779892,0.9996890425682068,0.0028146104887127876,0.9996129274368286,-0.024739162996411324,-0.012725287117064,0.0,0.0,4.835385799407959,1.4403572082519531,0.0002193450927734375,0.0,1,1,bilateral,completed,0.48000526428222656,-0.2387734204530716,0.05638740956783295,-0.12022688239812851,-0.23867705464363098,0.02849859930574894,0.00031408833456225693,0.00033186684595420957,0.7071677446365356,0.7070456147193909,1
afi_pilot_t0_root00_s8100_high,0,alphabet_soup_1,8100,0.9857358274618948,155,P4B,hold,155,7.75,3.0,3.207165241241455,3.0,3.207777500152588,0.08588828146457672,0.026775012126150015,0.0038867592811584473,0.0458216667175293,-1.8362869024276733,-0.003633856773376465,0.04006624221801758,-1.603888750076294,0.23246943950653076,0.06755365958798848,0.024385936558246613,0.024776902049779892,0.9996890425682068,0.0028146104887127876,0.9996129274368286,-0.024739162996411324,-0.012725287117064,0.0,0.0,4.835385322570801,1.4403585195541382,-9.5367431640625e-06,0.0,1,1,bilateral,completed,0.4800053536891937,-0.2387734204530716,0.05638785660266876,-0.12022684514522552,-0.23867709934711456,0.028498629108071327,0.0003138728206977248,0.00033216262818314135,0.7071675062179565,0.70704585313797,1
afi_pilot_t0_root00_s8100_high,0,alphabet_soup_1,8100,0.9857358274618948,156,P4B,hold,156,7.800000000000001,3.0,3.2074074745178223,3.0,3.2071549892425537,0.08588077127933502,0.02677786747675011,0.0038862228393554688,0.04582226276397705,-1.8363274335861206,-0.0036330819129943848,0.040058135986328125,-1.6035774946212769,0.23282134532928467,0.06766124572130003,0.02438589371740818,0.024776902049779892,0.9996890425682068,0.0028146104887127876,0.9996129274368286,-0.024739162996411324,-0.012725287117064,0.0,0.0,4.835385799407959,1.4403538703918457,9.5367431640625e-06,0.0,1,1,bilateral,completed,0.48000508546829224,-0.23877353966236115,0.05638746917247772,-0.12022697925567627,-0.23867708444595337,0.02849860116839409,0.000314574281219393,0.00033153643016703427,0.7071677446365356,0.7070456147193909,1
afi_pilot_t0_root00_s8100_high,0,alphabet_soup_1,8100,0.9857358274618948,157,P4B,hold,157,7.8500000000000005,3.0,3.20708966255188,3.0,3.2082536220550537,0.08588636666536331,0.026770441736569634,0.00388491153717041,0.0458143949508667,-1.8359858989715576,-0.003633737564086914,0.04007160663604736,-1.6041268110275269,0.23193025588989258,0.06739821479457833,0.02438589558005333,0.024776902049779892,0.9996890425682068,0.0028146104887127876,0.9996129274368286,-0.024739162996411324,-0.012725287117064,0.0,0.0,4.835371971130371,1.4403462409973145,-0.0002765655517578125,0.0,1,1,bilateral,completed,0.480005145072937,-0.23877361416816711,0.056387633085250854,-0.1202268898487091,-0.23867715895175934,0.028498632833361626,0.00031403027242049575,0.0003318930685054511,0.7071670889854431,0.7070461511611938,1
afi_pilot_t0_root00_s8100_high,0,alphabet_soup_1,8100,0.9857358274618948,158,P4B,hold,158,7.9,3.0,3.2070252895355225,3.0,3.207303047180176,0.08588196337223053,0.026777003017453237,0.0038855671882629395,0.04582023620605469,-1.8361746072769165,-0.003632783889770508,0.040061354637145996,-1.603651523590088,0.23259437084197998,0.0675968386260562,0.024385962635278702,0.024776902049779892,0.9996890425682068,0.0028146104887127876,0.9996129274368286,-0.024739162996411324,-0.012725287117064,0.0,0.0,4.835399150848389,1.4403417110443115,0.0005435943603515625,0.0,1,1,bilateral,completed,0.4800051748752594,-0.2387736737728119,0.05638757348060608,-0.12022674083709717,-0.23867711424827576,0.028498632833361626,0.0003133258142042905,0.0003326144942548126,0.7071675062179565,0.70704585313797,1
afi_pilot_t0_root00_s8100_high,0,alphabet_soup_1,8100,0.9857358274618948,159,P4B,hold,159,7.95,3.0,3.2072596549987793,3.0,3.207042694091797,0.08587779104709625,0.026777875830997007,0.003886878490447998,0.04582107067108154,-1.8362706899642944,-0.0036336183547973633,0.04005634784698486,-1.6035213470458984,0.23282074928283691,0.06766329473040031,0.024385949596762657,0.024776902049779892,0.9996890425682068,0.0028146104887127876,0.9996129274368286,-0.024739162996411324,-0.012725287117064,0.0,0.0,4.835390090942383,1.440354824066162,-0.0001811981201171875,0.0,1,1,bilateral,completed,0.48000529408454895,-0.23877346515655518,0.05638757348060608,-0.12022683769464493,-0.23867706954479218,0.028498617932200432,0.0003138771280646324,0.00033214472932741046,0.7071676254272461,0.7070457339286804,1
afi_pilot_t0_root00_s8100_high,0,alphabet_soup_1,8100,0.9857358274618948,160,P4B,hold,160,8.0,3.0,3.2071354389190674,3.0,3.2083840370178223,0.08588481694459915,0.026768870544695976,0.003885984420776367,0.045810699462890625,-1.8358571529388428,-0.0036348700523376465,0.04007375240325928,-1.6041920185089111,0.23173630237579346,0.06734309826647586,0.024385889992117882,0.024776902049779892,0.9996890425682068,0.0028146104887127876,0.9996129274368286,-0.024739162996411324,-0.012725287117064,0.0,0.0,4.835371017456055,1.4403557777404785,-0.0003814697265625,0.0,1,1,bilateral,completed,0.4800051748752594,-0.23877349495887756,0.05638740956783295,-0.1202269122004509,-0.23867714405059814,0.028498616069555283,0.0003141258785035461,0.0003318465023767203,0.7071677446365356,0.7070456147193909,1
afi_pilot_t0_root00_s8100_high,0,alphabet_soup_1,8100,0.9857358274618948,161,P4B,hold,161,8.05,3.0,3.207441806793213,3.0,3.206986904144287,0.08587159216403961,0.026776408738392567,0.003884434700012207,0.04581558704376221,-1.8360700607299805,-0.0036317110061645508,0.04005563259124756,-1.6034934520721436,0.23264789581298828,0.06761755250204333,0.024385904893279076,0.024776902049779892,0.9996890425682068,0.0028146104887127876,0.9996129274368286,-0.024739162996411324,-0.012725287117064,0.0,0.0,4.8353681564331055,1.4403455257415771,-5.7220458984375e-05,0.0,1,1,bilateral,completed,0.480005145072937,-0.23877356946468353,0.05638758838176727,-0.12022682279348373,-0.23867709934711456,0.028498632833361626,0.00031382974702864885,0.0003323269775137305,0.7071675658226013,0.7070457935333252,1
afi_pilot_t0_root00_s8100_high,0,alphabet_soup_1,8100,0.9857358274618948,162,P4B,hold,162,8.1,3.0,3.2074108123779297,3.0,3.208362579345703,0.08587933331727982,0.026767340409135927,0.0038861632347106934,0.04580557346343994,-1.8356430530548096,-0.003635227680206299,0.040073394775390625,-1.6041812896728516,0.23153269290924072,0.06728832056096784,0.024385817348957062,0.024776902049779892,0.9996890425682068,0.0028146104887127876,0.9996129274368286,-0.024739162996411324,-0.012725287117064,0.0,0.0,4.835289478302002,1.4403514862060547,-0.0015735626220703125,0.0,1,1,bilateral,completed,0.48000502586364746,-0.23877334594726562,0.05638742446899414,-0.12022687494754791,-0.23867706954479218,0.028498603031039238,0.00031390745425596833,0.0003321174008306116,0.70716792345047,0.707045316696167,1
afi_pilot_t0_root00_s8100_high,0,alphabet_soup_1,8100,0.9857358274618948,163,P4B,hold,163,8.15,3.0,3.206989288330078,3.0,3.2087440490722656,0.0859006717801094,0.026770808287107102,0.003886282444000244,0.04582202434539795,-1.836277961730957,-0.003634929656982422,0.04007828235626221,-1.6043720245361328,0.23197698593139648,0.06740126398065237,0.02438594028353691,0.024776902049779892,0.9996890425682068,0.0028146104887127876,0.9996129274368286,-0.024739162996411324,-0.012725287117064,0.0,0.0,4.835439205169678,1.4403702020645142,0.002994537353515625,0.0,1,1,bilateral,completed,0.4800054132938385,-0.23877348005771637,0.0563877671957016,-0.12022693455219269,-0.23867708444595337,0.028498610481619835,0.00031421557650901377,0.0003316732181701809,0.7071680426597595,0.7070451974868774,1
afi_pilot_t0_root00_s8100_high,0,alphabet_soup_1,8100,0.9857358274618948,164,P4B,hold,164,8.200000000000001,3.0,3.2073848247528076,3.0,3.2073001861572266,0.08588220179080963,0.02677710123969031,0.003885924816131592,0.04582226276397705,-1.8363335132598877,-0.003632843494415283,0.040059566497802734,-1.6036500930786133,0.23275482654571533,0.0676403678049297,0.024385927245020866,0.024776902049779892,0.9996890425682068,0.0028146104887127876,0.9996129274368286,-0.024739162996411324,-0.012725287117064,0.0,0.0,4.835357666015625,1.4403436183929443,-0.0016307830810546875,0.0,1,1,bilateral,completed,0.4800049066543579,-0.23877358436584473,0.05638764798641205,-0.12022700905799866,-0.23867712914943695,0.028498617932200432,0.0003146253293380141,0.00033130880910903215,0.7071673274040222,0.7070459127426147,1
afi_pilot_t0_root00_s8100_high,0,alphabet_soup_1,8100,0.9857358274618948,165,P4B,hold,165,8.25,3.0,3.2071404457092285,3.0,3.2069640159606934,0.08589007705450058,0.026782363826670798,0.0038877129554748535,0.04583287239074707,-1.8366860151290894,-0.003633439540863037,0.040056824684143066,-1.6034820079803467,0.23327553272247314,0.0677880537704898,0.02438599430024624,0.024776902049779892,0.9996890425682068,0.0028146104887127876,0.9996129274368286,-0.024739162996411324,-0.012725287117064,0.0,0.0,4.835351943969727,1.4403467178344727,-0.00011444091796875,0.0,1,1,bilateral,completed,0.4800049066543579,-0.23877349495887756,0.056387245655059814,-0.12022693455219269,-0.23867708444595337,0.028498614206910133,0.00031430512899532914,0.0003317173395771533,0.7071678042411804,0.7070455551147461,1
afi_pilot_t0_root00_s8100_high,0,alphabet_soup_1,8100,0.9857358274618948,166,P4B,hold,166,8.3,3.0,3.2074100971221924,3.0,3.207409381866455,0.08587826788425446,0.026774963111905657,0.0038860440254211426,0.04581642150878906,-1.8361048698425293,-0.003633260726928711,0.04006147384643555,-1.6037046909332275,0.23247146606445312,0.0675614429103604,0.024385888129472733,0.024776902049779892,0.9996890425682068,0.0028146104887127876,0.9996129274368286,-0.024739162996411324,-0.012725287117064,0.0,0.0,4.835411548614502,1.440361499786377,0.0011920928955078125,0.0,1,1,bilateral,completed,0.48000526428222656,-0.23877353966236115,0.05638766288757324,-0.12022693455219269,-0.23867709934711456,0.028498608618974686,0.0003141947672702372,0.0003317914670333266,0.70716792345047,0.707045316696167,1
afi_pilot_t0_root00_s8100_high,0,alphabet_soup_1,8100,0.9857358274618948,167,P4B,hold,167,8.35,3.0,3.2066729068756104,3.0,3.210249900817871,0.08589863777160645,0.026757617140560356,0.0038849711418151855,0.04580068588256836,-1.8354015350341797,-0.0036368966102600098,0.040097594261169434,-1.6051249504089355,0.23034727573394775,0.06693015089698434,0.024385888129472733,0.024776902049779892,0.9996890425682068,0.0028146104887127876,0.9996129274368286,-0.024739162996411324,-0.012725287117064,0.0,0.0,4.8353705406188965,1.440342664718628,-0.000820159912109375,0.0,1,1,bilateral,completed,0.4800049960613251,-0.23877370357513428,0.05638772249221802,-0.12022684514522552,-0.23867714405059814,0.028498632833361626,0.00031376260449178517,0.0003323107084725052,0.7071676850318909,0.7070456743240356,1
afi_pilot_t0_root00_s8100_high,0,alphabet_soup_1,8100,0.9857358274618948,168,P4B,hold,168,8.4,3.0,3.20711088180542,3.0,3.2071645259857178,0.08587493002414703,0.026775966536282853,0.0038855671882629395,0.04581630229949951,-1.8360973596572876,-0.003632962703704834,0.040058255195617676,-1.6035822629928589,0.23258638381958008,0.06759739327442184,0.024385958909988403,0.024776902049779892,0.9996890425682068,0.0028146104887127876,0.9996129274368286,-0.024739162996411324,-0.012725287117064,0.0,0.0,4.835334300994873,1.440338134765625,-0.00072479248046875,0.0,1,1,bilateral,completed,0.48000502586364746,-0.23877349495887756,0.05638740956783295,-0.12022679299116135,-0.23867711424827576,0.028498642146587372,0.00031364569440484047,0.0003324609133414924,0.7071673274040222,0.7070459127426147,1
afi_pilot_t0_root00_s8100_high,0,alphabet_soup_1,8100,0.9857358274618948,169,P4B,hold,169,8.450000000000001,3.0,3.207242250442505,3.0,3.208813190460205,0.08588040620088577,0.026763915847830607,0.0038843750953674316,0.04580116271972656,-1.835479974746704,-0.003634631633758545,0.04007887840270996,-1.6044065952301025,0.23114430904388428,0.06717423779452705,0.024385835975408554,0.024776902049779892,0.9996890425682068,0.0028146104887127876,0.9996129274368286,-0.024739162996411324,-0.012725287117064,0.0,0.0,4.835409164428711,1.4403579235076904,0.0014972686767578125,0.0,1,1,bilateral,completed,0.4800052046775818,-0.23877368867397308,0.05638758838176727,-0.1202268898487091,-0.23867711424827576,0.02849862165749073,0.0003140272747259587,0.0003320425166748464,0.7071679830551147,0.7070453763008118,1
afi_pilot_t0_root00_s8100_high,0,alphabet_soup_1,8100,0.9857358274618948,170,P4B,hold,170,8.5,3.0,3.2073609828948975,3.0,3.206300973892212,0.08587255328893661,0.026782436829282965,0.003886580467224121,0.04582548141479492,-1.8364629745483398,-0.003631770610809326,0.04004669189453125,-1.603150486946106,0.23338401317596436,0.06783051772000803,0.024385936558246613,0.024776902049779892,0.9996890425682068,0.0028146104887127876,0.9996129274368286,-0.024739162996411324,-0.012725287117064,0.0,0.0,4.835413455963135,1.440362811088562,8.58306884765625e-05,0.0,1,1,bilateral,completed,0.4800053834915161,-0.2387734204530716,0.05638749897480011,-0.1202268898487091,-0.23867705464363098,0.028498608618974686,0.0003140522458124906,0.0003318359376862645,0.7071677446365356,0.7070456147193909,1
afi_pilot_t0_root00_s8100_high,0,alphabet_soup_1,8100,0.9857358274618948,171,P4B,hold,171,8.55,3.0,3.2073094844818115,3.0,3.208033800125122,0.08588172495365143,0.026770829207068143,0.003885924816131592,0.04581260681152344,-1.8359448909759521,-0.0036344528198242188,0.040068745613098145,-1.604016900062561,0.23199903964996338,0.06742116000414612,0.024385886266827583,0.024776902049779892,0.9996890425682068,0.0028146104887127876,0.9996129274368286,-0.024739162996411324,-0.012725287117064,0.0,0.0,4.8353705406188965,1.440354585647583,-0.000858306884765625,0.0,1,1,bilateral,completed,0.48000526428222656,-0.23877346515655518,0.05638754367828369,-0.1202269122004509,-0.23867714405059814,0.028498640283942223,0.0003141754132229835,0.0003318467934150249,0.7071672081947327,0.7070461511611938,1
afi_pilot_t0_root00_s8100_high,0,alphabet_soup_1,8100,0.9857358274618948,172,P4B,hold,172,8.6,3.0,3.2070369720458984,3.0,3.2091102600097656,0.08588362485170364,0.02676244126664638,0.0038844943046569824,0.04579973220825195,-1.8353617191314697,-0.003635108470916748,0.04008352756500244,-1.6045551300048828,0.23087739944458008,0.06709607917139179,0.02438584715127945,0.024776902049779892,0.9996890425682068,0.0028146104887127876,0.9996129274368286,-0.024739162996411324,-0.012725287117064,0.0,0.0,4.835367679595947,1.4403462409973145,-5.7220458984375e-05,0.0,1,1,bilateral,completed,0.4800049960613251,-0.23877368867397308,0.05638754367828369,-0.1202268972992897,-0.23867712914943695,0.028498614206910133,0.00031384668545797467,0.0003319560782983899,0.7071677446365356,0.7070454955101013,1
afi_pilot_t0_root00_s8100_high,0,alphabet_soup_1,8100,0.9857358274618948,173,P4B,hold,173,8.65,3.0,3.2072367668151855,3.0,3.20698881149292,0.08588006347417831,0.026779034328529308,0.003886580467224121,0.04582393169403076,-1.8363869190216064,-0.0036326050758361816,0.04005575180053711,-1.60349440574646,0.2329639196395874,0.06770314897593878,0.024385938420891762,0.024776902049779892,0.9996890425682068,0.0028146104887127876,0.9996129274368286,-0.024739162996411324,-0.012725287117064,0.0,0.0,4.83534574508667,1.44035005569458,-0.000438690185546875,0.0,1,1,bilateral,completed,0.4800052046775818,-0.2387734055519104,0.05638742446899414,-0.12022681534290314,-0.23867709934711456,0.028498629108071327,0.0003137087041977793,0.0003323254641145468,0.7071675062179565,0.7070457339286804,1
afi_pilot_t0_root00_s8100_high,0,alphabet_soup_1,8100,0.9857358274618948,174,P4B,hold,174,8.700000000000001,3.0,3.2073493003845215,3.0,3.20627760887146,0.08588185161352158,0.026785532037492576,0.003886282444000244,0.04583394527435303,-1.8367588520050049,-0.0036315321922302246,0.040047526359558105,-1.60313880443573,0.23369169235229492,0.06791432701193216,0.02438601851463318,0.024776902049779892,0.9996890425682068,0.0028146104887127876,0.9996129274368286,-0.024739162996411324,-0.012725287117064,0.0,0.0,4.835453987121582,1.4403587579727173,0.0021648406982421875,0.0,1,1,bilateral,completed,0.48000526428222656,-0.2387736439704895,0.05638745427131653,-0.1202269047498703,-0.23867706954479218,0.02849861979484558,0.00031422593747265637,0.00033175843418575823,0.7071676850318909,0.7070456743240356,1
afi_pilot_t0_root00_s8100_high,0,alphabet_soup_1,8100,0.9857358274618948,175,P4B,hold,175,8.75,3.0,3.2074077129364014,3.0,3.208200693130493,0.08587337285280228,0.026766833208619778,0.0038840174674987793,0.045801401138305664,-1.8354655504226685,-0.0036333799362182617,0.04007160663604736,-1.6041003465652466,0.2314361333847046,0.06726531991916909,0.024385850876569748,0.024776902049779892,0.9996890425682068,0.0028146104887127876,0.9996129274368286,-0.024739162996411324,-0.012725287117064,0.0,0.0,4.83543586730957,1.4403600692749023,-0.000362396240234375,0.0,1,1,bilateral,completed,0.4800052344799042,-0.23877373337745667,0.0563875287771225,-0.12022695690393448,-0.23867712914943695,0.02849862538278103,0.0003143273643217981,0.0003317592781968415,0.7071677446365356,0.7070454955101013,1
afi_pilot_t0_root00_s8100_high,0,alphabet_soup_1,8100,0.9857358274618948,176,P4B,hold,176,8.8,3.0,3.2076430320739746,3.0,3.2045741081237793,0.0858633816242218,0.02679400716823905,0.0038872361183166504,0.04583704471588135,-1.8368995189666748,-0.0036299824714660645,0.040025949478149414,-1.6022870540618896,0.23468446731567383,0.0682169466031552,0.02438598871231079,0.024776902049779892,0.9996890425682068,0.0028146104887127876,0.9996129274368286,-0.024739162996411324,-0.012725287117064,0.0,0.0,4.8354034423828125,1.440366506576538,-0.00064849853515625,0.0,1,1,bilateral,completed,0.4800054430961609,-0.23877330124378204,0.05638749897480011,-0.1202268972992897,-0.23867708444595337,0.028498632833361626,0.000314148172037676,0.00033179327147081494,0.7071676254272461,0.7070456147193909,1
afi_pilot_t0_root00_s8100_high,0,alphabet_soup_1,8100,0.9857358274618948,177,P4B,hold,177,8.85,3.0,3.20763897895813,3.0,3.206212282180786,0.08587052673101425,0.02678254562502245,0.0038863420486450195,0.04582369327545166,-1.8363652229309082,-0.003631889820098877,0.04004645347595215,-1.603106141090393,0.2333306074142456,0.06781779673055768,0.024385889992117882,0.024776902049779892,0.9996890425682068,0.0028146104887127876,0.9996129274368286,-0.024739162996411324,-0.012725287117064,0.0,0.0,4.835338115692139,1.4403462409973145,-0.0013065338134765625,0.0,1,1,bilateral,completed,0.48000508546829224,-0.23877349495887756,0.05638734996318817,-0.12022683769464493,-0.23867709934711456,0.028498627245426178,0.0003137876919936389,0.00033212779089808464,0.7071675062179565,0.7070457339286804,1
afi_pilot_t0_root00_s8100_high,0,alphabet_soup_1,8100,0.9857358274618948,178,P4B,hold,178,8.9,3.0,3.2072930335998535,3.0,3.2071733474731445,0.0858839899301529,0.026778717775831743,0.0038870573043823242,0.04582417011260986,-1.8363597393035889,-0.0036333799362182617,0.040059447288513184,-1.6035866737365723,0.23284447193145752,0.06766715084455367,0.02438594214618206,0.024776902049779892,0.9996890425682068,0.0028146104887127876,0.9996129274368286,-0.024739162996411324,-0.012725287117064,0.0,0.0,4.835391044616699,1.4403489828109741,0.0010585784912109375,0.0,1,1,bilateral,completed,0.48000508546829224,-0.2387736439704895,0.056387633085250854,-0.1202269047498703,-0.23867711424827576,0.028498617932200432,0.00031413036049343646,0.0003317670489195734,0.7071675062179565,0.7070457339286804,1
afi_pilot_t0_root00_s8100_high,0,alphabet_soup_1,8100,0.9857358274618948,179,P4B,hold,179,8.950000000000001,3.0,3.2073686122894287,3.0,3.2069687843322754,0.08587910234928131,0.02677890186173491,0.0038871169090270996,0.0458226203918457,-1.83632230758667,-0.0036332011222839355,0.04005610942840576,-1.6034843921661377,0.23290932178497314,0.06768874523407016,0.024385912343859673,0.024776902049779892,0.9996890425682068,0.0028146104887127876,0.9996129274368286,-0.024739162996411324,-0.012725287117064,0.0,0.0,4.835393905639648,1.4403564929962158,5.7220458984375e-05,0.0,1,1,bilateral,completed,0.48000526428222656,-0.23877349495887756,0.05638764798641205,-0.12022686004638672,-0.23867706954479218,0.028498610481619835,0.0003139036998618394,0.00033199743484146893,0.7071677446365356,0.7070456147193909,1
afi_pilot_t0_root00_s8100_high,0,alphabet_soup_1,8100,0.9857358274618948,180,P4B,hold,180,9.0,3.0,3.2072525024414062,3.0,3.2071709632873535,0.0858917385339737,0.026781153707482613,0.003886580467224121,0.04583275318145752,-1.8367029428482056,-0.0036327242851257324,0.04005861282348633,-1.6035854816436768,0.23318898677825928,0.06776053810180388,0.024385966360569,0.024776902049779892,0.9996890425682068,0.0028146104887127876,0.9996129274368286,-0.024739162996411324,-0.012725287117064,0.0,0.0,4.8353590965271,1.4403444528579712,-0.0006961822509765625,0.0,1,1,bilateral,completed,0.48000502586364746,-0.23877353966236115,0.05638757348060608,-0.1202269047498703,-0.23867711424827576,0.028498634696006775,0.0003142041969113052,0.00033183980849571526,0.7071675062179565,0.70704585313797,1
afi_pilot_t0_root00_s8100_high,0,alphabet_soup_1,8100,0.9857358274618948,181,P4B,hold,181,9.05,3.0,3.207293748855591,3.0,3.2060070037841797,0.08587875217199326,0.026786826126900875,0.0038877129554748535,0.04583477973937988,-1.8368208408355713,-0.0036320090293884277,0.04004359245300293,-1.6030035018920898,0.23388910293579102,0.06797314809752832,0.024386035278439522,0.024776902049779892,0.9996890425682068,0.0028146104887127876,0.9996129274368286,-0.024739162996411324,-0.012725287117064,0.0,0.0,4.835348129272461,1.4403533935546875,-0.0002193450927734375,0.0,1,1,bilateral,completed,0.4800051748752594,-0.23877328634262085,0.05638746917247772,-0.12022686749696732,-0.23867706954479218,0.02849862165749073,0.00031398230930790305,0.0003319235984236002,0.7071676850318909,0.7070456743240356,1
afi_pilot_t0_root00_s8100_high,0,alphabet_soup_1,8100,0.9857358274618948,182,P4B,hold,182,9.1,3.0,3.207618474960327,3.0,3.2064051628112793,0.08588137477636337,0.026784317768832798,0.0038872957229614258,0.045832276344299316,-1.8367455005645752,-0.0036322474479675293,0.04004871845245361,-1.6032025814056396,0.23361444473266602,0.06789088043631973,0.024385947734117508,0.024776902049779892,0.9996890425682068,0.0028146104887127876,0.9996129274368286,-0.024739162996411324,-0.012725287117064,0.0,0.0,4.835383415222168,1.4403574466705322,0.000705718994140625,0.0,1,1,bilateral,completed,0.4800052046775818,-0.2387734353542328,0.05638760328292847,-0.12022687494754791,-0.23867705464363098,0.028498617932200432,0.00031394624966196716,0.00033197517041116953,0.7071679830551147,0.7070453763008118,1
afi_pilot_t0_root00_s8100_high,0,alphabet_soup_1,8100,0.9857358274618948,183,P4B,hold,183,9.15,3.0,3.2073323726654053,3.0,3.206007242202759,0.08587589114904404,0.026785931740453926,0.0038867592811584473,0.04583108425140381,-1.8366501331329346,-0.003631412982940674,0.040044426918029785,-1.6030036211013794,0.23371803760528564,0.06792679810336899,0.0243859700858593,0.024776902049779892,0.9996890425682068,0.0028146104887127876,0.9996129274368286,-0.024739162996411324,-0.012725287117064,0.0,0.0,4.835411071777344,1.4403557777404785,0.000553131103515625,0.0,1,1,bilateral,completed,0.48000526428222656,-0.23877353966236115,0.05638749897480011,-0.1202269196510315,-0.23867714405059814,0.028498632833361626,0.000314273260300979,0.0003317134396638721,0.707167387008667,0.70704585313797,1
afi_pilot_t0_root00_s8100_high,0,alphabet_soup_1,8100,0.9857358274618948,184,P4B,hold,184,9.200000000000001,3.0,3.207320213317871,3.0,3.2066383361816406,0.08587660640478134,0.026780883093613973,0.0038858652114868164,0.045824527740478516,-1.8363968133926392,-0.003631412982940674,0.04005169868469238,-1.6033191680908203,0.23314905166625977,0.06776020502025223,0.024385934695601463,0.024776902049779892,0.9996890425682068,0.0028146104887127876,0.9996129274368286,-0.024739162996411324,-0.012725287117064,0.0,0.0,4.835444450378418,1.4403598308563232,0.000667572021484375,0.0,1,1,bilateral,completed,0.48000526428222656,-0.23877358436584473,0.05638766288757324,-0.12022692710161209,-0.23867705464363098,0.028498591855168343,0.00031431595562025905,0.0003317015653010458,0.7071677446365356,0.7070454955101013,1
afi_pilot_t0_root00_s8100_high,0,alphabet_soup_1,8100,0.9857358274618948,185,P4B,hold,185,9.25,3.0,3.2074813842773438,3.0,3.205254077911377,0.08587004989385605,0.02679040344589815,0.003886580467224121,0.045834898948669434,-1.8368029594421387,-0.003630399703979492,0.04003477096557617,-1.6026270389556885,0.23424768447875977,0.0680851624107059,0.024385981261730194,0.024776902049779892,0.9996890425682068,0.0028146104887127876,0.9996129274368286,-0.024739162996411324,-0.012725287117064,0.0,0.0,4.835371971130371,1.4403547048568726,-0.0014495849609375,0.0,1,1,bilateral,completed,0.48000508546829224,-0.2387734204530716,0.05638726055622101,-0.12022696435451508,-0.23867712914943695,0.028498627245426178,0.0003144531510770321,0.00033155889832414687,0.7071675658226013,0.7070456743240356,1
afi_pilot_t0_root00_s8100_high,0,alphabet_soup_1,8100,0.9857358274618948,186,P4B,hold,186,9.3,3.0,3.2073347568511963,3.0,3.207803249359131,0.08587493002414703,0.02677063502610502,0.0038850903511047363,0.04580819606781006,-1.8357532024383545,-0.0036336183547973633,0.04006636142730713,-1.6039016246795654,0.23192262649536133,0.06740496891242262,0.024385886266827583,0.024776902049779892,0.9996890425682068,0.0028146104887127876,0.9996129274368286,-0.024739162996411324,-0.012725287117064,0.0,0.0,4.835344314575195,1.4403493404388428,-0.000553131103515625,0.0,1,1,bilateral,completed,0.4800049364566803,-0.23877353966236115,0.05638746917247772,-0.12022697925567627,-0.23867712914943695,0.02849862538278103,0.00031448350637219846,0.0003315293288324028,0.7071678042411804,0.7070455551147461,1
afi_pilot_t0_root00_s8100_high,0,alphabet_soup_1,8100,0.9857358274618948,187,P4B,hold,187,9.35,3.0,3.207136392593384,3.0,3.2078680992126465,0.085884228348732,0.02677299243376366,0.0038874149322509766,0.045817017555236816,-1.8360867500305176,-0.0036349892616271973,0.04006683826446533,-1.6039340496063232,0.23222386837005615,0.06748533779199702,0.024385923519730568,0.024776902049779892,0.9996890425682068,0.0028146104887127876,0.9996129274368286,-0.024739162996411324,-0.012725287117064,0.0,0.0,4.835285663604736,1.4403557777404785,-0.0011730194091796875,0.0,1,1,bilateral,completed,0.48000505566596985,-0.2387731522321701,0.0563872754573822,-0.12022695690393448,-0.23867711424827576,0.02849862352013588,0.00031432200921699405,0.0003315777867101133,0.7071678638458252,0.7070454955101013,1
afi_pilot_t0_root00_s8100_high,0,alphabet_soup_1,8100,0.9857358274618948,188,P4B,hold,188,9.4,3.0,3.2072136402130127,3.0,3.2069711685180664,0.08588280528783798,0.026780036606167627,0.003887355327606201,0.045825958251953125,-1.8364462852478027,-0.0036332011222839355,0.040056467056274414,-1.6034855842590332,0.23303210735321045,0.06772197067066686,0.02438599057495594,0.024776902049779892,0.9996890425682068,0.0028146104887127876,0.9996129274368286,-0.024739162996411324,-0.012725287117064,0.0,0.0,4.83537483215332,1.440352439880371,0.0017833709716796875,0.0,1,1,bilateral,completed,0.480005145072937,-0.238773375749588,0.05638739466667175,-0.12022693455219269,-0.23867706954479218,0.028498614206910133,0.0003143913927488029,0.00033166102366521955,0.7071675062179565,0.70704585313797,1
afi_pilot_t0_root00_s8100_high,0,alphabet_soup_1,8100,0.9857358274618948,189,P4B,hold,189,9.450000000000001,3.0,3.2075743675231934,3.0,3.2069716453552246,0.08586491644382477,0.02677445451324339,0.0038852691650390625,0.04580855369567871,-1.8357489109039307,-0.0036330223083496094,0.04005599021911621,-1.6034858226776123,0.23233437538146973,0.0675328831607752,0.024385863915085793,0.024776902049779892,0.9996890425682068,0.0028146104887127876,0.9996129274368286,-0.024739162996411324,-0.012725287117064,0.0,0.0,4.835402488708496,1.4403598308563232,0.000553131103515625,0.0,1,1,bilateral,completed,0.4800052344799042,-0.23877358436584473,0.05638742446899414,-0.1202269122004509,-0.23867709934711456,0.028498610481619835,0.00031413041870109737,0.0003318163217045367,0.7071678042411804,0.7070454359054565,1
afi_pilot_t0_root00_s8100_high,0,alphabet_soup_1,8100,0.9857358274618948,190,P4B,hold,190,9.5,3.0,3.207284450531006,3.0,3.208688259124756,0.08587861806154251,0.02676440062923654,0.0038855671882629395,0.04580092430114746,-1.8354616165161133,-0.0036355257034301758,0.0400773286819458,-1.604344129562378,0.23118841648101807,0.06718862964157316,0.024385828524827957,0.024776902049779892,0.9996890425682068,0.0028146104887127876,0.9996129274368286,-0.024739162996411324,-0.012725287117064,0.0,0.0,4.835371971130371,1.440354824066162,-0.0006103515625,0.0,1,1,bilateral,completed,0.4800051152706146,-0.23877359926700592,0.056387439370155334,-0.12022693455219269,-0.23867714405059814,0.028498627245426178,0.00031419890001416206,0.00033185287611559033,0.7071676254272461,0.7070457339286804,1
afi_pilot_t0_root00_s8100_high,0,alphabet_soup_1,8100,0.9857358274618948,191,P4B,probe_out,191,9.55,3.0,3.223989486694336,3.0,3.26143479347229,0.08556873351335526,0.02623653052473093,0.003806173801422119,0.044814467430114746,-1.7951202392578125,-0.0037009119987487793,0.04075419902801514,-1.630717396736145,0.1644526720046997,0.04798855812633231,0.02437998354434967,0.025106582790613174,0.9996808767318726,0.002783216070383787,0.9996066689491272,-0.025069450959563255,-0.012570672668516636,0.2,0.2,4.839012145996094,1.4405570030212402,0.07280349731445312,0.0,1,1,bilateral,completed,0.4800630807876587,-0.23878692090511322,0.05637608468532562,-0.12018986791372299,-0.2386799454689026,0.028495196253061295,0.0001430901902494952,0.000522272486705333,0.7071239948272705,0.7070892453193665,1
afi_pilot_t0_root00_s8100_high,0,alphabet_soup_1,8100,0.9857358274618948,192,P4B,probe_out,192,9.600000000000001,3.0,3.2468185424804688,3.0,3.272303581237793,0.0839163288474083,0.02564442044086442,0.003653585910797119,0.0430225133895874,-1.7231653928756714,-0.003713369369506836,0.0408937931060791,-1.6361517906188965,0.08703923225402832,0.025901656023334614,0.0243600495159626,0.025106582790613174,0.9996808767318726,0.002783216070383787,0.9996066689491272,-0.025069450959563255,-0.012570672668516636,0.2,0.4,4.871222019195557,1.460813045501709,0.6441974639892578,0.03220987319946289,1,1,bilateral,completed,0.48016661405563354,-0.2388075739145279,0.05636528134346008,-0.12012174725532532,-0.23867982625961304,0.028501439839601517,0.00022443571651820093,0.0007004627259448171,0.7070629596710205,0.7071501612663269,1
afi_pilot_t0_root00_s8100_high,0,alphabet_soup_1,8100,0.9857358274618948,193,P4B,probe_out,193,9.65,3.0,3.261793613433838,3.0,3.1927008628845215,0.08160094171762466,0.025558592934979932,0.003541111946105957,0.041701436042785645,-1.6702628135681152,-0.0036225318908691406,0.039899468421936035,-1.5963504314422607,0.07393407821655273,0.0226261386324707,0.024343838915228844,0.025106582790613174,0.9996808767318726,0.002783216070383787,0.9996066689491272,-0.025069450959563255,-0.012570672668516636,0.2,0.6000000000000001,4.880660057067871,1.4621145725250244,0.18876075744628906,0.041647911071777344,1,1,bilateral,completed,0.4803023636341095,-0.23882335424423218,0.05635352432727814,-0.12003573775291443,-0.2386804074048996,0.028530454263091087,0.000130423330119811,0.001290119020268321,0.7070375680923462,0.7071747779846191,1
afi_pilot_t0_root00_s8100_high,0,alphabet_soup_1,8100,0.9857358274618948,194,P4B,probe_out,194,9.700000000000001,3.0,3.256464719772339,3.0,3.2606334686279297,0.0815100446343422,0.024998223633103268,0.003461897373199463,0.040790677070617676,-1.6349706649780273,-0.003694891929626465,0.040719032287597656,-1.6303167343139648,0.0046536922454833984,0.0014247540932391663,0.024325620383024216,0.025106582790613174,0.9996808767318726,0.002783216070383787,0.9996066689491272,-0.025069450959563255,-0.012570672668516636,0.2,0.8,4.919467449188232,1.490027904510498,0.7761478424072266,0.08045530319213867,1,1,bilateral,completed,0.48046743869781494,-0.23883090913295746,0.05634528398513794,-0.11991719901561737,-0.23867948353290558,0.028542423620820045,0.0003614542365539819,0.0019015410216525197,0.7070724964141846,0.7071383595466614,1
afi_pilot_t0_root00_s8100_high,0,alphabet_soup_1,8100,0.9857358274618948,195,P4B,probe_out,195,9.75,3.0,3.2393710613250732,3.0,3.23883318901062,0.08108765631914139,0.02503607058068698,0.0034514665603637695,0.04063594341278076,-1.628553867340088,-0.003673732280731201,0.04045140743255615,-1.61941659450531,0.00913846492767334,0.0028127090021217776,0.024313459172844887,0.025106582790613174,0.9996808767318726,0.002783216070383787,0.9996066689491272,-0.025069450959563255,-0.012570672668516636,0.2,1.0,4.9290947914123535,1.491039752960205,0.19254684448242188,0.09008264541625977,1,1,bilateral,completed,0.4806477427482605,-0.2388354241847992,0.05633902549743652,-0.11978152394294739,-0.23867866396903992,0.028565561398863792,0.00034538289764896035,0.0024675142485648394,0.7070522904396057,0.7071568369865417,1
afi_pilot_t0_root00_s8100_high,0,alphabet_soup_1,8100,0.9857358274618948,196,P4B,probe_out,196,9.8,3.0,3.2162094116210938,3.0,3.2120838165283203,0.08082696795463562,0.025163405618099623,0.003452777862548828,0.04071617126464844,-1.6320762634277344,-0.0036371946334838867,0.04011058807373047,-1.6060419082641602,0.02604079246520996,0.008039429070474826,0.024300526827573776,0.025106582790613174,0.9996808767318726,0.002783216070383787,0.9996066689491272,-0.025069450959563255,-0.012570672668516636,0.2,1.2000000000000002,4.974262714385986,1.5243163108825684,0.9033584594726562,0.13525056838989258,1,1,bilateral,completed,0.48083779215812683,-0.23884046077728271,0.05633455514907837,-0.1196434423327446,-0.23868303000926971,0.028590893372893333,0.0005421566311269999,0.003095664083957672,0.7070537805557251,0.7071526646614075,1
afi_pilot_t0_root00_s8100_high,0,alphabet_soup_1,8100,0.9857358274618948,197,P4B,probe_out,197,9.850000000000001,3.0,3.203327178955078,3.0,3.203117609024048,0.08011361211538315,0.02501113661567763,0.003402888774871826,0.0401155948638916,-1.6080282926559448,-0.003627955913543701,0.03999769687652588,-1.601558804512024,0.0064699649810791016,0.0020151922489841053,0.024285830557346344,0.025106582790613174,0.9996808767318726,0.002783216070383787,0.9996066689491272,-0.025069450959563255,-0.012570672668516636,0.2,1.4000000000000001,4.985825061798096,1.5250489711761475,0.2312469482421875,0.14681291580200195,1,1,bilateral,completed,0.4810323715209961,-0.23884403705596924,0.056330665946006775,-0.1195015087723732,-0.23867833614349365,0.028619859367609024,0.0004395691503304988,0.0037086529191583395,0.707018256187439,0.7071852684020996,1
afi_pilot_t0_root00_s8100_high,0,alphabet_soup_1,8100,0.9857358274618948,198,P4B,probe_out,198,9.9,3.0,3.1921908855438232,3.0,3.151806354522705,0.07888811826705933,0.025029494008684355,0.003351569175720215,0.039536476135253906,-1.5850262641906738,-0.003567218780517578,0.03935134410858154,-1.5759031772613525,0.009124279022216797,0.002885675595320455,0.024271177127957344,0.025106582790613174,0.9996808767318726,0.002783216070383787,0.9996066689491272,-0.025069450959563255,-0.012570672668516636,0.2,1.6000000000000003,5.035482883453369,1.563396692276001,0.9931564331054688,0.1964707374572754,1,1,bilateral,completed,0.4812307357788086,-0.23884551227092743,0.0563274621963501,-0.11935633420944214,-0.23867712914943695,0.028651349246501923,0.0005280909826979041,0.004392769653350115,0.7070220112800598,0.7071776986122131,1
afi_pilot_t0_root00_s8100_high,0,alphabet_soup_1,8100,0.9857358274618948,199,P4B,probe_out,199,9.950000000000001,3.0,3.1733081340789795,3.0,3.152057409286499,0.07889275252819061,0.02502897069569834,0.0033399462699890137,0.0393223762512207,-1.5760287046432495,-0.0035935044288635254,0.039569973945617676,-1.5842223167419434,0.008197784423828125,0.002593215360034512,0.024258999153971672,0.025106582790613174,0.9996808767318726,0.002783216070383787,0.9996066689491272,-0.025069450959563255,-0.012570672668516636,0.2,1.8000000000000005,5.046111106872559,1.5641868114471436,0.21256446838378906,0.20709896087646484,1,1,bilateral,completed,0.4814290404319763,-0.23884759843349457,0.056323617696762085,-0.11920306086540222,-0.23867647349834442,0.028672432526946068,0.0005618830327875912,0.005120738409459591,0.7070196866989136,0.7071750164031982,1
afi_pilot_t0_root00_s8100_high,0,alphabet_soup_1,8100,0.9857358274618948,200,P4B,probe_out,200,10.0,3.0,3.1518633365631104,3.0,3.124776840209961,0.07879877090454102,0.0252174074930888,0.0033055543899536133,0.03897416591644287,-1.5623884201049805,-0.003611624240875244,0.03982400894165039,-1.5947331190109253,0.0323563814163208,0.010245480853058157,0.024244025349617004,0.025106582790613174,0.9996808767318726,0.002783216070383787,0.9996066689491272,-0.025069450959563255,-0.012570672668516636,0.19999999999999965,2.0,5.102407455444336,1.6071052551269531,1.1259269714355469,0.2633953094482422,1,1,bilateral,completed,0.48163023591041565,-0.23885133862495422,0.05632220208644867,-0.11905737221240997,-0.23867706954479218,0.02870049886405468,0.0007041883654892445,0.00580707797780633,0.7070313692092896,0.7071578502655029,1
afi_pilot_t0_root00_s8100_high,0,alphabet_soup_1,8100,0.9857358274618948,201,P4B,probe_back,201,10.05,3.0,3.133314847946167,3.0,3.1513051986694336,0.07932610809803009,0.025172461280971364,0.0033908486366271973,0.03998291492462158,-1.6030290126800537,-0.003568112850189209,0.03934299945831299,-1.5756525993347168,0.02738332748413086,0.008611978819094007,0.024243010208010674,0.025106582790613174,0.9996808767318726,0.002783216070383787,0.9996066689491272,-0.025069450959563255,-0.012570672668516636,0.0,1.799902063794434,5.106289386749268,1.6071906089782715,0.07763862609863281,0.26727724075317383,1,1,bilateral,normalized_shear_impulse,0.4816887080669403,-0.2388354390859604,0.05632501840591431,-0.11901218444108963,-0.23866678774356842,0.02871166355907917,0.0008193381363525987,0.005882717669010162,0.7070348262786865,0.7071537971496582,1
afi_pilot_t0_root00_s8100_high,0,alphabet_soup_1,8100,0.9857358274618948,202,P4B,probe_back,202,10.100000000000001,3.0,3.127589464187622,3.0,3.113281011581421,0.07963421940803528,0.025578872935592894,0.0034548044204711914,0.04075729846954346,-1.6336835622787476,-0.0035245418548583984,0.038876891136169434,-1.5566405057907104,0.07706558704376221,0.024148459499268905,0.024251138791441917,0.025106582790613174,0.9996808767318726,0.002783216070383787,0.9996066689491272,-0.025069450959563255,-0.012570672668516636,0.0,1.5999397728592157,5.1032867431640625,1.6073143482208252,-0.06005287170410156,0.26427459716796875,1,1,bilateral,normalized_shear_impulse,0.481650173664093,-0.2388216257095337,0.056328848004341125,-0.11903905868530273,-0.23866422474384308,0.02870873548090458,0.0009710610611364245,0.005716400220990181,0.7070649266242981,0.7071248292922974,1
afi_pilot_t0_root00_s8100_high,0,alphabet_soup_1,8100,0.9857358274618948,203,P4B,probe_back,203,10.15,3.0,3.112055540084839,3.0,3.0629453659057617,0.08027094602584839,0.026207109966556976,0.00356447696685791,0.04203057289123535,-1.6850988864898682,-0.0034680962562561035,0.03824031352996826,-1.5314726829528809,0.1536726951599121,0.047760322098190866,0.024263959378004074,0.025106582790613174,0.9996808767318726,0.002783216070383787,0.9996066689491272,-0.025069450959563255,-0.012570672668516636,0.0,1.3999175280332565,5.108439922332764,1.6017825603485107,0.10306358337402344,0.2694277763366699,1,1,bilateral,normalized_shear_impulse,0.48156267404556274,-0.23879840970039368,0.056334882974624634,-0.11910495907068253,-0.23865683376789093,0.028702065348625183,0.0013830852694809437,0.005594947375357151,0.7069976329803467,0.7071923017501831,1
afi_pilot_t0_root00_s8100_high,0,alphabet_soup_1,8100,0.9857358274618948,204,P4B,probe_back,204,10.200000000000001,3.0,3.1200695037841797,3.0,3.00070858001709,0.07794976979494095,0.02597712097537209,0.00344163179397583,0.040480852127075195,-1.6226911544799805,-0.0034061670303344727,0.037468910217285156,-1.500354290008545,0.12237358093261719,0.03917176017637946,0.02425234019756317,0.025106582790613174,0.9996808767318726,0.002783216070383787,0.9996066689491272,-0.025069450959563255,-0.012570672668516636,0.0,1.1999552370980382,5.108357906341553,1.6008293628692627,-0.00164031982421875,0.269345760345459,1,1,bilateral,normalized_shear_impulse,0.4814317524433136,-0.2387630045413971,0.05633319914340973,-0.11923554539680481,-0.23861926794052124,0.028688859194517136,0.001698552630841732,0.0053217289969325066,0.7068876028060913,0.7073038220405579,1
afi_pilot_t0_root00_s8100_high,0,alphabet_soup_1,8100,0.9857358274618948,205,P4B,probe_back,205,10.25,3.0,3.113234281539917,3.0,3.1430301666259766,0.07977686077356339,0.025382149245867198,0.0034412145614624023,0.040523648262023926,-1.6241400241851807,-0.003564178943634033,0.0392531156539917,-1.5715150833129883,0.05263984203338623,0.016467147821007482,0.02424336038529873,0.025106582790613174,0.9996808767318726,0.002783216070383787,0.9996066689491272,-0.025069450959563255,-0.012570672668516636,0.0,0.9999623289331794,5.110239505767822,1.6051926612854004,0.037631988525390625,0.2712273597717285,1,1,bilateral,normalized_shear_impulse,0.4812720715999603,-0.23873785138130188,0.05633080005645752,-0.11940836161375046,-0.23856978118419647,0.028693683445453644,0.0015148475067690015,0.005479549523442984,0.7068644165992737,0.7073261141777039,1
afi_pilot_t0_root00_s8100_high,0,alphabet_soup_1,8100,0.9857358274618948,206,P4B,probe_back,206,10.3,3.0,3.12607479095459,3.0,3.146010398864746,0.07895087450742722,0.0250955542092032,0.003335297107696533,0.03924763202667236,-1.573005199432373,-0.0036072731018066406,0.039702773094177246,-1.589524269104004,0.016525864601135254,0.005223881271924595,0.02423577569425106,0.025106582790613174,0.9996808767318726,0.002783216070383787,0.9996066689491272,-0.025069450959563255,-0.012570672668516636,0.0,0.7999702356755733,5.115206241607666,1.6005473136901855,0.099334716796875,0.27619409561157227,1,1,bilateral,normalized_shear_impulse,0.4810968339443207,-0.238716259598732,0.05632944405078888,-0.11956986039876938,-0.23854972422122955,0.028686217963695526,0.001694366568699479,0.005260013975203037,0.7068662047386169,0.7073256373405457,1
afi_pilot_t0_root00_s8100_high,0,alphabet_soup_1,8100,0.9857358274618948,207,P4B,probe_back,207,10.350000000000001,3.0,3.1319894790649414,3.0,3.1271562576293945,0.07876665890216827,0.025187951100940176,0.0033690333366394043,0.03970324993133545,-1.5909173488616943,-0.003544747829437256,0.039063215255737305,-1.5635781288146973,0.027346253395080566,0.008666256947074243,0.024235401302576065,0.025106582790613174,0.9996808767318726,0.002783216070383787,0.9996066689491272,-0.025069450959563255,-0.012570672668516636,0.0,0.5999476416036487,5.109986782073975,1.605448603630066,-0.10438919067382812,0.27097463607788086,1,1,bilateral,normalized_shear_impulse,0.4809143543243408,-0.2387019693851471,0.05633088946342468,-0.11976666748523712,-0.23852603137493134,0.02869481034576893,0.0014920064713805914,0.005475164856761694,0.7068838477134705,0.7073068022727966,1
afi_pilot_t0_root00_s8100_high,0,alphabet_soup_1,8100,0.9857358274618948,208,P4B,probe_back,208,10.4,3.0,3.1288607120513916,3.0,3.135554313659668,0.07877267897129059,0.025122409338638088,0.003322601318359375,0.03912544250488281,-1.567777156829834,-0.00360029935836792,0.03964674472808838,-1.5869512557983398,0.01918160915374756,0.00607836358380743,0.02423262782394886,0.025106582790613174,0.9996808767318726,0.002783216070383787,0.9996066689491272,-0.025069450959563255,-0.012570672668516636,0.0,0.39998494321480393,5.11509370803833,1.6004209518432617,0.10213851928710938,0.27608156204223633,1,1,bilateral,normalized_shear_impulse,0.48072293400764465,-0.23869094252586365,0.056331053376197815,-0.11994269490242004,-0.23852050304412842,0.028686847537755966,0.0017014247132465243,0.005244742147624493,0.7068514227867126,0.7073404788970947,1
afi_pilot_t0_root00_s8100_high,0,alphabet_soup_1,8100,0.9857358274618948,209,P4B,probe_back,209,10.450000000000001,3.0,3.133704662322998,3.0,3.1314406394958496,0.07861901819705963,0.02510634153669188,0.0033509135246276855,0.039499521255493164,-1.582653522491455,-0.0035483241081237793,0.03911924362182617,-1.5657203197479248,0.0169370174407959,0.005377918805455364,0.024232633411884308,0.025106582790613174,0.9996808767318726,0.002783216070383787,0.9996066689491272,-0.025069450959563255,-0.012570672668516636,0.0,0.19996230548713356,5.110093116760254,1.6054823398590088,-0.10001182556152344,0.27108097076416016,1,1,bilateral,normalized_shear_impulse,0.4805296063423157,-0.23868241906166077,0.05633273720741272,-0.12015261501073837,-0.23850417137145996,0.028697099536657333,0.0014692220138385892,0.005496205296367407,0.7068835496902466,0.7073069214820862,1
afi_pilot_t0_root00_s8100_high,0,alphabet_soup_1,8100,0.9857358274618948,210,P4B,probe_back,210,10.5,3.0,3.1306488513946533,3.0,3.13295841217041,0.07876720279455185,0.025141477297805727,0.0033199191093444824,0.03909575939178467,-1.566479206085205,-0.0036016106605529785,0.03967094421386719,-1.5877851247787476,0.021314144134521484,0.006755125017946064,0.024231096729636192,0.025106582790613174,0.9996808767318726,0.002783216070383787,0.9996066689491272,-0.025069450959563255,-0.012570672668516636,0.0,0.0,5.115212917327881,1.6003479957580566,0.10239601135253906,0.2762007713317871,1,1,bilateral,normalized_shear_impulse,0.48033156991004944,-0.2386753410100937,0.05633354187011719,-0.12033454328775406,-0.23850300908088684,0.028688764199614525,0.0016872178530320525,0.005259229335933924,0.7068413496017456,0.7073504328727722,1
afi_pilot_t0_root00_s8100_high,0,alphabet_soup_1,8100,0.9857358274618948,211,P4B,probe_hold,211,10.55,3.0,3.1292028427124023,3.0,3.1461129188537598,0.07890477776527405,0.025080084472626572,0.003357529640197754,0.0396043062210083,-1.586930274963379,-0.0035629868507385254,0.03930020332336426,-1.5730564594268799,0.013876676559448242,0.004389992900947858,0.02423110418021679,0.025106582790613174,0.9996808767318726,0.002783216070383787,0.9996066689491272,-0.025069450959563255,-0.012570672668516636,0.0,0.0,5.115680694580078,1.5998468399047852,0.009355545043945312,0.2766685485839844,1,1,bilateral,normalized_shear_impulse,0.480208158493042,-0.23867720365524292,0.0563330203294754,-0.12045866996049881,-0.238503560423851,0.02868521399796009,0.0017178670968860388,0.005337749607861042,0.7067850828170776,0.7074060440063477,1
afi_pilot_t0_root00_s8100_high,0,alphabet_soup_1,8100,0.9857358274618948,212,P4B,probe_hold,212,10.600000000000001,3.0,3.1305582523345947,3.0,3.104857921600342,0.07858189940452576,0.02530933826563702,0.0032881498336791992,0.03873801231384277,-1.552428960800171,-0.003616154193878174,0.039843201637268066,-1.5950021743774414,0.042588233947753906,0.013526861832876602,0.024226026609539986,0.025106582790613174,0.9996808767318726,0.002783216070383787,0.9996066689491272,-0.025069450959563255,-0.012570672668516636,0.0,0.0,5.107199668884277,1.605297565460205,-0.16962051391601562,0.2681875228881836,1,1,bilateral,normalized_shear_impulse,0.4801356792449951,-0.23867323994636536,0.056333303451538086,-0.12053925544023514,-0.2384941130876541,0.028693372383713722,0.001568248262628913,0.005395812913775444,0.7068625688552856,0.7073285579681396,1
afi_pilot_t0_root00_s8100_high,0,alphabet_soup_1,8100,0.9857358274618948,213,P4B,probe_hold,213,10.65,3.0,3.135150194168091,3.0,3.1439990997314453,0.07872455567121506,0.02503962411374086,0.003344595432281494,0.039458513259887695,-1.5814356803894043,-0.003559112548828125,0.03926575183868408,-1.5719995498657227,0.0094374418258667,0.0029918103598788807,0.024229759350419044,0.025106582790613174,0.9996808767318726,0.002783216070383787,0.9996066689491272,-0.025069450959563255,-0.012570672668516636,0.0,0.0,5.115901470184326,1.5999324321746826,0.17403602600097656,0.2768893241882324,1,1,bilateral,normalized_shear_impulse,0.48009270429611206,-0.238673597574234,0.05633486807346344,-0.12057457119226456,-0.23849806189537048,0.028688110411167145,0.0017361122881993651,0.005357181187719107,0.7067936658859253,0.7073972225189209,1
afi_pilot_t0_root00_s8100_high,0,alphabet_soup_1,8100,0.9857358274618948,214,P4B,probe_hold,214,10.700000000000001,3.0,3.129669189453125,3.0,3.142850399017334,0.07861287891864777,0.02501324241943792,0.003337264060974121,0.03935825824737549,-1.5773011445999146,-0.003559291362762451,0.03925430774688721,-1.571425199508667,0.00587618350982666,0.0018656239085685703,0.02422824129462242,0.025106582790613174,0.9996808767318726,0.002783216070383787,0.9996066689491272,-0.025069450959563255,-0.012570672668516636,0.0,0.0,5.115570545196533,1.6002384424209595,-0.006618499755859375,0.27655839920043945,1,1,bilateral,normalized_shear_impulse,0.48006755113601685,-0.23867008090019226,0.056335046887397766,-0.12059830874204636,-0.2384953498840332,0.028689946979284286,0.0017072976334020495,0.005289978347718716,0.7068334817886353,0.7073580026626587,1
afi_pilot_t0_root00_s8100_high,0,alphabet_soup_1,8100,0.9857358274618948,215,P4B,probe_hold,215,10.75,3.0,3.133273124694824,3.0,3.1394267082214355,0.07879151403903961,0.025097421077772825,0.003355860710144043,0.03958010673522949,-1.5861903429031372,-0.0035555362701416016,0.039211153984069824,-1.5697133541107178,0.016480684280395508,0.005220536613011004,0.0242318008095026,0.025106582790613174,0.9996808767318726,0.002783216070383787,0.9996066689491272,-0.025069450959563255,-0.012570672668516636,0.0,0.0,5.1150431632995605,1.6002237796783447,-0.010547637939453125,0.2760310173034668,1,1,bilateral,normalized_shear_impulse,0.4800527095794678,-0.23866860568523407,0.056335851550102234,-0.12061261385679245,-0.23849739134311676,0.02869020774960518,0.0017035112250596285,0.005262366030365229,0.7068281173706055,0.7073636054992676,1
